match_id,Match Duration (per match),Match Effective Time (per match),Effective Time / Match Duration,Total Distance Run (per match),Average Speed,Number of strokes (per match),number_of_points,cod_on_serve,cod_on_return,Changes of direction (per point),Longest Single Run,forward_total,backward_total,left_total,right_total,Time more than 1m inside the court,Time from 1m inside the BL to BL,Time from BL to 1m behind the BL,Time from 1m to 2m behind the BL,Time from 2m to 3m behind the BL,Time more than 3m behind the BL,player_name
Rome_2023_QF_Swiatek_Rybakina,140.31666666666666,25.874683333333333,18.44,1788.7941572597265,1.7939119170984457,365,166,305,329,634,18.80467767133383,232,209,241,225,5,10,24,32,22,6,SWIATEK
Cincinnati_2023_SF_Swiatek_Gauff,169.81666666666666,30.097916666666663,17.72,2466.298274094706,1.7417710196779963,545,202,452,497,949,9.30516757523553,361,247,340,329,7,11,31,34,14,3,SWIATEK
AO_2024_R64_Swiatek_Collins,194.05,24.927216666666663,12.85,1744.2755949905034,1.474686431014823,431,198,319,324,643,11.085429409527263,323,240,275,274,5,16,37,28,12,2,SWIATEK
AO_2024_1st_Swiatek_Kenin,111.55,17.398216666666666,15.6,1077.5405521738132,1.4451327433628318,278,137,205,215,420,9.22458744438097,201,157,188,162,5,19,38,26,11,2,SWIATEK
AO_2024_R32_Swiatek_Noskova,140.23333333333332,21.331633333333333,15.21,1427.3028792243697,1.3437580437580436,381,186,320,330,650,9.705337246949345,293,196,233,245,5,16,35,29,13,3,SWIATEK
United_Cup_2024_QF_Swiatek_Kerber,70.45,9.795516666666666,13.9,873.0332355373162,1.4647982062780267,230,96,203,137,340,8.821453634900868,133,113,127,130,5,16,37,30,10,2,SWIATEK
United_Cup_2024_1st_Swiatek_Sorribes-Tormo,88.41666666666667,14.92085,16.88,1366.0810069954966,1.4655068078668685,335,100,218,317,535,9.619998103637997,233,139,207,226,8,14,40,32,5,0,SWIATEK
United_Cup_2024_R16_Swiatek_Garcia,106.3,11.108933333333333,10.45,953.9820585074614,1.3876660341555975,264,131,222,172,394,9.76982241708127,173,143,148,163,6,14,35,32,10,3,SWIATEK
United_Cup_2024_1st_Swiatek_Haddad-Maia,76.86666666666666,12.365379283333334,16.09,1131.0476595940138,1.4715034965034963,291,93,241,218,459,11.675390562423033,164,129,191,190,5,10,31,35,18,1,SWIATEK
United_Cup_2024_R32_Swiatek_Zheng,93.85,12.3641,13.17,1228.3432921842418,1.481639344262295,294,112,292,241,533,9.62219356825129,158,168,177,218,4,10,30,34,18,4,SWIATEK
Madrid_2024_F_Swiatek_Sabalenka,191.76666666666668,32.8613,17.14,2762.8252976658355,1.7968430826369546,531,236,507,419,926,12.546441917447758,362,290,388,329,2,17,33,27,15,5,SWIATEK
Madrid_2024_R16_Swiatek_Sorribes-Tormo,66.66666666666667,15.196416666666666,22.79,1287.339303559403,1.5923828125,262,76,248,194,442,10.42616952992546,189,115,184,147,8,16,39,24,10,4,SWIATEK
Madrid_2024_R32_Swiatek_Cirstea,77.58333333333333,16.579716666666666,21.37,1358.2895542242495,1.701418439716312,273,96,223,275,498,8.58273957026694,159,149,195,183,3,14,35,26,16,5,SWIATEK
Madrid_2024_SF_Swiatek_Keys,70.23333333333333,15.578466666666666,22.18,1347.6961078469265,1.757728119180633,257,95,266,222,488,9.48398170355764,164,145,200,179,6,17,33,28,14,3,SWIATEK
Madrid_2024_R64_Swiatek_Wang,76.66666666666667,13.514933333333332,17.63,1111.7828244188522,1.6690744920993228,229,101,212,139,351,8.968402031574053,167,111,164,124,4,16,40,22,13,4,SWIATEK
Madrid_2024_QF_Swiatek_Haddad-Maia,148.78333333333333,27.209866666666667,18.29,2440.272634259986,1.772840790842872,465,166,301,495,796,9.27793945950799,293,252,363,316,3,13,35,27,17,6,SWIATEK
RG_2024_F_Swiatek_Paolini,68.43333333333334,13.2014,19.29,1318.139060206389,1.7965317919075143,258,87,234,227,461,8.798985052881045,184,139,198,161,8,17,34,26,12,4,SWIATEK
RG_2024_R16_Swiatek_Potapova,40.05,7.5558,18.87,764.9842949621515,1.791554054054054,138,58,107,160,267,9.712133701805922,101,85,111,88,10,23,36,22,8,2,SWIATEK
RG_2024_1st_Swiatek_Jeanjean,60.96666666666667,12.40765,20.35,1052.1376381923417,1.708312958435208,202,83,148,203,351,12.039219008300927,158,87,153,123,13,24,41,16,5,1,SWIATEK
RG_2024_R32_Swiatek_Bouzkova,93.56666666666666,19.073516666666663,20.38,1737.106160542119,1.774698795180723,332,107,263,331,594,13.53434043342184,234,161,256,213,8,20,38,24,8,4,SWIATEK
RG_2024_SF_Swiatek_Gauff,96.75,14.34245,14.82,1548.2887109956844,1.7485804416403783,299,126,295,245,540,13.08026802405525,193,190,201,199,5,17,34,27,13,5,SWIATEK
RG_2024_R64_Swiatek_Osaka,177.91666666666666,35.20733333333333,19.79,2934.456884394479,1.8078671328671327,570,223,589,443,1032,9.015740363891096,385,309,441,367,5,20,29,29,14,3,SWIATEK
RG_2024_QF_Swiatek_Vondrousova,62.68333333333333,13.8264,22.06,1344.912786557151,1.7730072463768116,267,88,187,301,488,11.892554011066403,163,132,208,161,10,14,32,27,12,4,SWIATEK
Rome_2024_F_Swiatek_Sabalenka,89.01666666666667,15.253533333333332,17.14,1378.2758630127978,1.8239852398523984,266,110,257,218,475,10.254726350039222,182,165,213,162,3,22,31,23,14,6,SWIATEK
Rome_2024_R16_Swiatek_Kerber,97.76666666666668,21.53461666666667,22.03,1829.478759430144,1.803654970760234,340,130,276,312,588,11.073611814921534,226,166,246,227,6,15,39,24,11,5,SWIATEK
Rome_2024_R32_Swiatek_Putintseva,105.38333333333334,21.43195,20.34,1753.6517422369425,1.6727540500736375,350,134,346,233,579,10.643040451332476,250,158,218,224,8,19,38,24,9,2,SWIATEK
Rome_2024_SF_Swiatek_Gauff,106.78333333333332,19.93906666666667,18.67,1709.0870536211617,1.7641288433382138,325,138,264,333,597,12.09523213781483,204,167,230,227,8,16,33,28,10,5,SWIATEK
Rome_2024_R64_Swiatek_Pera,77.3,14.886566666666663,19.26,1285.161480534748,1.712593984962406,257,113,210,254,464,10.082234329066289,161,170,184,161,4,17,36,26,11,5,SWIATEK
Rome_2024_QF_Swiatek_Keys,76.03333333333333,13.7352,18.06,1131.95645652647,1.660125260960334,239,105,233,177,410,16.64324190908194,179,124,140,147,8,22,30,27,10,3,SWIATEK
Indian_Wells_2024_F_Swiatek_Sakkari,67.98333333333333,12.4427,18.3,1207.556935173634,1.8245762711864408,232,87,216,199,415,11.163798240059837,150,130,150,174,7,16,37,24,13,3,SWIATEK
Indian_Wells_2024_R16_Swiatek_Putintseva,70.81666666666666,15.018166666666668,21.21,1451.885066654052,1.730890052356021,279,100,202,307,509,12.57684316663513,216,150,180,200,9,18,42,22,8,1,SWIATEK
Indian_Wells_2024_R32_Swiatek_Noskova,72.31666666666666,11.8494,16.39,1054.5108593157345,1.700467289719626,216,99,223,163,386,12.402783015870336,158,113,135,133,9,17,38,21,12,3,SWIATEK
Indian_Wells_2024_SF_Swiatek_Kostyuk,69.05,12.336383333333334,17.87,1166.3757763471697,1.743340380549683,218,91,187,231,418,10.166193547093473,152,137,164,149,8,17,44,20,9,3,SWIATEK
Indian_Wells_2024_R64_Swiatek_Collins,80.83333333333333,13.9429,17.25,1103.1267390997798,1.7413333333333334,215,107,237,132,369,10.200523819148142,130,129,127,172,6,16,42,21,12,3,SWIATEK
Indian_Wells_2024_QF_Swiatek_Wozniacki,64.38333333333334,13.381516666666666,20.78,1185.1027457072478,1.7731182795698923,226,82,117,301,418,12.72599525010768,151,120,163,165,7,15,40,23,12,3,SWIATEK
Miami_2024_R16_Swiatek_Alexandrova,84.08333333333333,11.6039,13.8,938.6387050615112,1.6096330275229356,207,114,201,168,369,11.45424437462151,137,111,121,136,3,17,47,19,11,3,SWIATEK
Miami_2024_R32_Swiatek_Noskova,163.06666666666666,27.77348333333333,17.03,2289.5756152250383,1.7112394957983192,468,197,387,468,855,11.352037158510464,285,256,319,323,5,16,43,23,11,3,SWIATEK
Miami_2024_R64_Swiatek_Giorgi,67.75,10.1917,15.04,953.5335454380856,1.736919315403423,197,89,158,207,365,8.56979137544968,129,111,126,141,3,16,43,25,11,3,SWIATEK
AO_2023_2nd_Swiatek_Osorio,84.31666666666666,15.581577953321558,18.48,6183.846585640778,1.7705314009661837,1232,103,1140,1160,2300,11.537411573988605,876,640,820,960,10,15,38,27,8,1,SWIATEK
AO_2023_1st_Swiatek_Niemeier,119.8,20.209466072324904,16.87,1567.9272610213814,1.6425591098748262,365,148,342,307,649,8.332499995029998,275,183,206,251,5,19,36,30,8,1,SWIATEK
AO_2023_4th_Swiatek_Rybakina,88.86666666666666,13.299642932840094,14.97,1043.7379630900457,1.6422131147540984,241,110,229,195,424,10.230345324353303,172,145,155,153,4,18,31,31,13,2,SWIATEK
Wimbledon_2023_R16_Swiatek_Bencic,183.2,22.907733333333333,12.5,2099.1768572103992,1.780248190279214,474,216,440,405,845,10.56824676195312,293,235,279,297,5,14,32,31,14,3,SWIATEK
Wimbledon_2023_1st_Swiatek_Zhu,101.78333333333332,14.650033333333331,14.39,5330.883278348783,1.7237989323843417,1113,102,995,843,1838,10.616306402214535,745,573,781,666,5,16,31,29,15,3,SWIATEK
Wimbledon_2023_R32_Swiatek_Martic,102.73333333333332,16.570583333333335,16.13,1423.3065866237207,1.9223549488054608,290,126,260,285,545,11.981183506627437,214,136,193,189,10,17,39,25,7,2,SWIATEK
Wimbledon_2023_R64_Swiatek_Sorribes-Tormo,69.73333333333333,12.219816666666668,17.52,1244.5846542683516,1.7362616822429906,267,81,232,245,477,9.405910118839836,166,125,163,181,6,14,37,32,10,1,SWIATEK
Wimbledon_2023_QF_Swiatek_Svitolina,171.48333333333332,25.77113333333333,15.03,2061.878021372992,1.7469214437367302,467,206,417,432,849,10.843709130710034,295,220,268,298,7,14,35,28,12,4,SWIATEK
Doha_2023_F_Swiatek_Pegula,69.21666666666667,15.633723400971324,22.59,1242.884811428797,1.598018018018018,270,93,222,260,482,9.752885528020055,156,142,166,183,8,11,28,37,16,1,SWIATEK
Doha_2023_2nd_Swiatek_Collins,52.95,9.58892367425593,18.11,796.2323485120552,1.7678899082568809,160,73,170,92,262,6.845143352158339,94,95,106,120,2,13,29,35,18,3,SWIATEK
Indian_Wells_2023_SF_Swiatek_Rybakina,75.5,13.85348421360499,18.35,1117.073609686409,1.7670305676855895,225,99,204,218,422,10.505475032350803,148,121,161,142,3,16,25,33,17,6,SWIATEK
Indian_Wells_2023_QF_Swiatek_Cirstea,81.45,15.490263358497009,19.02,1339.4587082091452,1.7580470162748645,275,103,250,265,515,8.9611222705569,164,159,181,201,1,11,30,36,16,5,SWIATEK
United_Cup_2023_SF_Swiatek_Pegula,70.88333333333334,11.102590259267298,15.66,1009.7735578677804,1.6006382978723404,233,94,196,238,434,9.816280020383097,147,112,146,149,5,15,32,36,11,1,SWIATEK
United_Cup_2023_QF_Swiatek_Trevisan,110.58333333333331,17.052927258258997,15.42,1531.7036875165716,1.6858895705521473,314,134,221,373,594,10.042640409103289,201,164,232,196,3,14,29,35,15,4,SWIATEK
United_Cup_2023_RR_Swiatek_Bencic,121.66666666666669,17.328729821708784,14.24,1561.0322920477593,1.7344877344877343,342,141,282,336,618,9.856795891900685,227,162,201,241,5,13,25,39,16,2,SWIATEK
United_Cup_2023_RR_Swiatek_Putintseva,64.26666666666667,11.33174872509135,17.63,974.3983244540937,1.7039119804400975,204,91,169,217,386,11.561167433905924,143,102,137,136,6,18,30,35,10,2,SWIATEK
Montreal_2023_R16_Swiatek_Muchova,535.2666666666667,25.16325,4.7,6357.189852356957,1.7582039911308205,1320,198,1125,1359,2484,10.183773419072413,951,639,864,759,6,21,37,25,9,2,SWIATEK
Montreal_2023_QF_Swiatek_Collins,141.03333333333333,20.848066666666668,14.78,4984.707897926827,1.7965417867435158,1029,173,876,894,1770,10.207174498312206,732,516,615,657,4,20,40,22,10,3,SWIATEK
US_Open_2023_R64_Swiatek_Saville,94.0,17.3277,18.43,4897.587576532862,1.80978792822186,924,111,870,810,1680,9.998523339124691,825,411,606,654,14,21,38,20,6,1,SWIATEK
US_Open_2023_1st_Swiatek_Peterson,57.766666666666666,10.776833333333334,18.66,2679.953889207621,1.6340369393139842,585,74,546,465,1011,7.411532133075957,405,264,363,357,7,18,37,29,8,2,SWIATEK
US_Open_2023_R16_Swiatek_Ostapenko,107.15,16.040233333333333,14.97,3758.609217886509,1.6791288566243194,840,146,786,633,1419,9.301129563682396,603,423,471,522,3,22,41,25,9,1,SWIATEK
US_Open_2023_R32_Swiatek_Juvan,49.516666666666666,8.331066666666667,16.82,2363.359921841058,1.657910447761194,504,66,489,420,909,8.69068280703667,432,213,309,276,10,20,40,23,5,2,SWIATEK
Indian-Wells_2023_R16_Swiatek_Raducanu,83.95,16.525907509233324,19.69,4467.6431651149605,1.8049751243781087,891,100,813,834,1647,9.64182356012936,582,456,585,636,4,14,33,34,11,4,SWIATEK
Dubai_2024_R16_Swiatek_Svitolina,83.5,16.85285,20.18,3045.188199749752,1.8053484602917345,608,110,616,488,1104,12.13142096869163,392,358,402,476,5,15,36,28,15,1,SWIATEK
Dubai_2024_R32_Swiatek_Stephens,117.13333333333334,23.00565,19.64,4284.442087651142,1.815547703180212,842,147,660,878,1538,11.311041636370108,520,436,578,614,5,15,38,26,14,3,SWIATEK
Dubai_2024_SF_Swiatek_Kalinskaya,100.86666666666666,17.3456,17.2,3160.306280568298,1.804245283018868,642,133,490,584,1074,10.83967310461036,352,386,382,490,5,14,42,25,11,3,SWIATEK
Dubai_2024_QF_Swiatek_Zheng,85.75,14.35795,16.74,2444.8990304870945,1.7262425447316103,498,107,524,380,904,10.637407893631176,324,312,292,350,6,19,39,23,11,3,SWIATEK
Doha_2024_F_Swiatek_Rybakina,138.88333333333333,22.30643333333333,16.06,2264.721419951776,1.7978586723768737,464,164,429,369,798,11.179098527713602,267,270,304,298,5,15,35,27,15,3,SWIATEK
Doha_2024_R32_Swiatek_Cirstea,60.96666666666667,10.52305,17.26,1029.7973374481976,1.7435374149659864,209,86,166,226,392,7.719161492417875,131,122,158,131,6,16,45,26,7,1,SWIATEK
US_Open_2024_1st_Swiatek_Rakhimova,115.08333333333331,20.08323333333333,17.45,1572.6350873778724,1.622003034901366,333,130,269,281,550,10.260538092649211,222,153,218,202,6,16,35,29,12,2,SWIATEK
US_Open_2024_R64_Swiatek_Shibahara,64.45,11.5014,17.85,977.5291270203384,1.741237113402062,180,85,106,221,327,10.872088383235894,126,90,143,114,9,17,37,28,8,1,SWIATEK
US_Open_2024_R32_Swiatek_Pavlyuchenkova,92.0,12.243183333333333,13.31,1122.9695129966012,1.6828571428571428,232,109,177,256,433,10.706787241546708,161,114,157,162,5,15,34,32,12,1,SWIATEK
Cincinnati_2024_R16_Swiatek_Kostyuk,69.68333333333334,11.761583333333334,16.88,1004.085655231798,1.7811881188118812,188,94,161,171,332,9.72409536171764,127,122,130,132,6,16,32,28,15,3,SWIATEK
Cincinnati_2024_R32_Swiatek_Gracheva,130.86666666666667,24.33788333333333,18.6,2137.0657748555936,1.6606904231625834,453,168,338,469,807,9.368216189514037,288,226,307,289,6,16,31,30,14,3,SWIATEK
Cincinnati_2024_QF_Swiatek_Andreeva,159.4,23.68145,14.86,2220.1105939641693,1.7656177156177155,414,199,363,360,723,10.245594570350589,277,253,301,276,5,16,28,31,15,5,SWIATEK
RG_2024_R32_Zhang_Tsitsipas,91.76666666666668,19.012933333333333,20.72,1955.619408575273,1.9753602305475504,355,137,371,232,603,10.71186210953665,253,164,247,237,7,17,21,17,18,21,ZHANG
Stuttgart_2024_R32_Koepfer_Zhang,156.18333333333334,26.73346666666667,17.12,5253.608913080435,1.7571167883211678,1084,230,884,1060,1944,10.990399565623608,794,410,686,634,9,14,19,33,22,3,ZHANG
Madrid_2024_1st_Zhang_Kecmanovic,68.58333333333333,16.03385,23.38,1627.6852082082655,1.9242372881355927,291,103,234,288,522,9.36841063382152,214,127,223,204,6,13,18,18,31,14,ZHANG
Eastbourne_2024_R32_Kecmanovic_Zhang,85.1,17.903633333333335,21.04,1596.2186527326214,1.7813559322033896,319,134,188,363,551,11.16226400321892,208,122,225,213,9,14,14,23,35,5,ZHANG
Madrid_2023_R16_Fritz_Zhang,148.31666666666666,32.182316666666665,21.7,2641.251403642048,1.7957281553398057,517,196,502,352,854,10.35865461001308,403,256,362,312,7,16,21,19,26,11,ZHANG
Madrid_2023_QF_Zhang_Karatsev,100.53333333333332,19.122416666666663,19.02,1644.23972552459,1.8447452229299364,311,134,237,277,514,11.45062977875055,205,168,202,197,1,11,22,17,26,22,ZHANG
Madrid_2023_1st_Rodionov_Zhang,90.71666666666668,17.18125,18.94,1010.5076886435926,1.6780092592592593,205,115,204,135,339,9.261097605652708,132,80,142,120,5,17,19,17,33,9,ZHANG
Madrid_2023_R32_Zhang_Norrie,129.73333333333332,27.98988333333333,21.57,2658.882515114576,1.8949304174950297,500,185,422,444,866,11.582588815231402,353,205,388,325,5,13,18,18,27,19,ZHANG
Madrid_2023_R64_Shapovalov_Zhang,134.43333333333334,25.3059,18.82,1926.3173285224927,1.774442988204456,360,191,355,285,640,22.945882785877764,313,146,263,222,7,17,18,14,25,18,ZHANG
Rome_2023_Q_Zhang_Maestrelli,168.63333333333333,35.31231666666667,20.94,2758.199123281535,1.7916892502258357,537,201,484,527,1011,11.312204087732956,359,234,371,383,4,15,20,23,26,12,ZHANG
Miami_2023_Q_Zhang_Struff,69.96666666666667,11.334770556752522,16.2,1028.8511130662469,1.687396694214876,250,111,233,204,437,9.272906022235048,194,107,132,138,4,17,33,23,18,5,ZHANG
Miami_2023_Q_Zhang_Bellucci,72.41666666666667,15.264092909070536,21.08,1268.7139120759705,1.7573770491803278,275,100,245,217,462,8.05753054113392,188,116,180,152,9,12,27,30,20,3,ZHANG
Indian-Wells_2023_Q_Zhang_Ymer,114.21666666666668,24.94558363504644,21.84,2428.801656394851,1.813184584178499,499,149,434,408,842,10.931583509390835,323,203,321,322,7,12,24,26,24,7,ZHANG
Indian-Wells_2023_Q_Zhang_Shang,180.56666666666663,32.80372731286395,18.17,3215.426268329875,1.833025404157044,650,254,492,679,1171,17.424120068825097,470,285,446,376,8,13,25,29,19,6,ZHANG
Indian-Wells_2023_1st_Popyrin_Zhang,125.56666666666666,27.78719514400009,22.13,1918.069006113682,1.6419883040935674,419,174,321,445,766,8.571716413903392,268,168,235,280,7,13,27,24,26,3,ZHANG
Cincinnati_2024_R64_Zhang_Mpetshi-Perricard,79.2,13.615516666666668,17.19,1202.0927811541103,1.6079303675048355,244,120,242,213,455,16.35843037847777,183,98,127,175,11,13,18,14,29,14,ZHANG
Cincinnati_2024_R32_Zhang_Rublev,60.28333333333333,11.422866666666666,18.95,906.9679970398444,1.700777202072539,200,104,177,157,334,7.590278663160682,144,89,113,124,2,16,21,11,30,20,ZHANG
Rome_2024_R64_Zhang_Mannarino,71.23333333333333,16.508016666666666,23.17,1371.220606002565,1.7819168173598552,270,93,184,249,433,14.323258574133876,156,96,206,193,4,12,15,22,37,10,ZHANG
Rome_2024_R16_Zhang_Monteiro,115.36666666666666,23.6613,20.51,2126.995648024837,1.9980978260869564,376,143,326,270,596,19.88304526667971,302,158,235,245,6,13,20,12,16,33,ZHANG
Rome_2024_1st_Zhang_Galan,103.4,22.84843333333333,22.1,2022.9988375518087,1.7782129742962056,413,129,399,325,724,11.582471883388337,291,172,294,269,5,15,20,18,28,14,ZHANG
Rome_2024_QF_Tabilo_Zhang,86.63333333333334,17.158383333333333,19.81,1472.5002244547125,1.7391452991452991,291,122,237,259,496,12.370845227757757,237,111,180,207,8,15,20,16,17,25,ZHANG
Miami_2024_1st_Damm_Zhang,122.7,19.49278333333333,15.89,1795.9068040065958,1.7708049113233288,356,170,347,316,663,15.349265994266124,279,168,240,228,6,17,20,19,22,16,ZHANG
Rogers_cup_2023_R64_Zhang_Kokkinakis,87.03333333333333,14.37145,16.51,1010.1434307554356,1.6675000000000002,218,111,202,201,403,9.119151215980365,192,86,146,112,7,17,26,13,23,14,ZHANG
Cincinnati_2023_Q_Cressy_Zhang,256.8,22.76538333333333,8.87,1865.416654488668,1.847532467532468,381,229,405,309,714,11.76925714835958,428,126,199,240,12,19,26,18,21,4,ZHANG
Cincinnati_2023_Q_Fils_Zhang,84.45,14.115533333333332,16.71,1304.493250541091,1.8365348399246704,265,127,207,282,489,8.918655373011976,251,105,168,161,9,16,26,16,20,12,ZHANG
Shanghai_2023_R16_Hurkacz_Zhang,157.93333333333334,31.63696666666667,20.03,2864.230303601554,1.9687134502923973,523,205,595,370,965,13.339514256860378,455,245,344,352,13,17,25,17,18,10,ZHANG
Shanghai_2023_R64_Etcheverry_Zhang,147.28333333333333,26.72963333333333,18.15,2380.273540634356,1.867948717948718,470,164,474,383,857,11.828006529895392,328,200,317,348,7,14,20,21,22,16,ZHANG
Shanghai_2023_1st_Zhang_Gasquet,54.28333333333333,13.3075,24.51,1198.3727926932058,1.859565217391304,225,88,132,252,384,13.556196906356014,134,92,162,168,4,9,19,33,29,5,ZHANG
Doha_2023_Q_Zhang_Muller,123.3,23.07162313540921,18.71,2099.3011717465647,1.7344827586206897,461,179,326,423,749,13.383213778815794,270,174,275,276,6,10,25,25,29,6,ZHANG
Doha_2024_R32_Zhang_Musetti,60.766666666666666,11.218733333333336,18.46,1159.7503897496952,1.810492505353319,224,87,141,266,407,11.264209157013047,141,71,162,157,10,11,18,31,26,3,ZHANG
Doha_2024_R16_Monfils_Zhang,143.36666666666667,31.112866666666665,21.7,3056.349700017111,1.8763333333333327,593,211,504,522,1026,12.432622457651954,397,207,426,388,10,14,22,21,28,5,ZHANG
Indian_Wells_2024_R64_Zhang_Nardi,120.65,25.280216666666668,20.95,1995.0363911625184,1.7599520383693046,426,168,398,310,708,10.48672724453827,302,156,262,266,8,17,22,19,19,15,ZHANG
Indian_Wells_2024_1st_Kovacevic_Zhang,153.1,29.045516666666668,18.97,2157.9595166832714,1.6673706441393876,474,207,374,377,751,10.422015097182548,360,169,299,263,5,18,24,21,22,10,ZHANG
Rotterdam_2024_R32_Zhang_Shevchenko,115.5,26.52245,22.96,2353.0209619541947,1.900338983050848,434,178,394,379,773,12.660187833047836,277,194,275,303,6,14,19,23,31,7,ZHANG
Dubai_2023_Q_Zhang_Lazarov,72.78333333333333,14.237968888500545,19.56,1177.3999778682255,1.7502024291497975,251,126,222,182,404,13.340944248429834,231,70,149,154,14,15,25,17,25,5,ZHANG
Dubai_2024_R32_Zhang_Rublev,110.01666666666668,17.014733333333332,15.47,1552.743763864263,1.8006153846153847,322,176,259,244,503,11.178808924997131,197,151,199,185,3,16,27,23,25,6,ZHANG
Winston_Salem_2023_R64_Zhang_Ivashka,141.15,24.08735,17.07,2404.57084024912,1.9194206008583687,461,198,329,475,804,20.120710266141423,375,193,323,289,8,16,19,21,29,7,ZHANG
Winston_Salem_2023_R32_Fucsovics_Zhang,89.3,13.80255,15.46,1289.3488463180124,1.8813121272365805,247,110,178,258,436,12.696682060344592,206,99,151,159,9,16,20,22,24,9,ZHANG
Hamburg_2024_R16_Cobolli_Zhang,75.46666666666667,17.66735,23.41,1598.5538997814365,1.9610229276895943,270,117,243,244,487,16.797702338317787,219,88,215,178,10,13,17,13,13,34,ZHANG
Hamburg_2024_QF_Zverev_Zhang,65.61666666666666,11.031433333333332,16.81,1016.3198676047932,1.8748071979434449,200,98,219,122,341,13.746196251696087,176,81,141,120,11,19,25,12,12,21,ZHANG
Monte_Carlo_2024_R32_Zhang_Humbert,72.7,13.66545,18.8,1214.180637064907,1.742970297029703,247,103,196,235,431,7.813967838830952,190,94,199,136,5,16,22,20,25,12,ZHANG
Monte_Carlo_2024_R64_Zhang_Giron,123.4,25.2822,20.49,2299.4863912485043,1.8427455357142857,454,181,468,349,817,14.371306308414471,310,193,298,312,7,19,24,19,24,7,ZHANG
US_Open_2023_R64_Townsend_Haddad-Maia,123.46666666666668,15.889283333333331,12.87,1483.407154052299,1.8034848484848485,329,143,256,266,522,10.907107688262974,255,117,231,187,12,18,34,22,12,1,HADDAD MAIA
US_Open_2023_1st_Stephens_Haddad-Maia,177.13333333333333,35.94423333333334,20.29,3214.288900408012,1.8510764662212325,676,214,556,575,1131,10.700627449790158,431,299,434,466,10,14,34,27,12,3,HADDAD MAIA
AO_2023_1st_Haddad-Maia_Parrizas-Diaz,129.45,22.857352909377138,17.66,4161.340145850971,1.708607021517554,878,154,646,802,1448,8.782920886346579,520,448,672,564,7,25,46,17,5,1,HADDAD MAIA
Adelaide2_2023_4th_Haddad-Maia_Badosa,153.81666666666666,29.64479979018736,19.27,2413.260197669428,1.7771309771309771,479,173,481,364,845,32.75792538064829,334,270,312,332,7,22,28,23,15,5,HADDAD MAIA
Indian_Wells_2023_R32_Raducanu_Haddad-Maia,139.28333333333333,26.92590558456396,19.33,2151.173260896483,1.7933257918552037,439,146,316,440,756,8.990381339466206,242,246,318,327,4,16,36,27,14,4,HADDAD MAIA
United_Cup_2023_RR_Haddad_Maia_Helgo,91.08333333333331,14.432413518530502,15.85,1318.995301195201,1.790625,253,117,144,320,464,8.826176793329818,160,147,161,193,9,29,32,19,10,2,HADDAD MAIA
United_Cup_2023_RR_Haddad-Maia_Trevisan,78.18333333333334,13.604857162434692,17.4,1189.5146853431556,1.789430894308943,244,94,180,238,418,6.119529140147423,141,147,180,161,7,29,32,20,12,1,HADDAD MAIA
Rome_2023_R16_Osorio_Haddad-Maia,81.28333333333333,15.4882,19.05,1208.7730683480838,1.7846827133479213,221,109,204,182,386,11.193907146843657,183,99,146,191,12,28,35,19,6,1,HADDAD MAIA
Rome_2023_QF_Haddad-Maia_Kalinina,229.26666666666668,42.76051666666667,18.65,3724.8476270811448,1.7390276839972991,738,246,588,610,1198,34.40635101146642,418,374,530,510,5,16,26,35,15,4,HADDAD MAIA
Rome_2023_R32_Linette_Haddad-Maia,129.61666666666667,31.24685,24.11,2433.2112153023863,1.805555555555556,448,137,411,378,789,51.64299103281427,222,226,336,350,5,14,22,31,21,7,HADDAD MAIA
Rome_2023_R64_Ruse_Haddad-Maia,88.03333333333333,20.080616666666668,22.81,1392.15938810355,1.6565743944636675,284,103,239,246,485,40.96511381545759,187,155,189,218,6,20,26,33,14,2,HADDAD MAIA
Miami_2023_R32_Ostapenko_Haddad-Maia,141.31666666666666,17.79385965325152,12.59,1507.038294438495,1.7053491827637446,312,178,206,264,470,7.700128315466756,152,186,226,199,3,22,37,27,10,2,HADDAD MAIA
Miami_2023_R64_Martincova_Haddad-Maia,136.05,23.958662016937843,17.61,1907.870339090092,1.7350062735257217,407,153,351,333,684,10.052535113377404,281,191,252,271,6,22,39,23,8,1,HADDAD MAIA
Madrid_2023_R64_Haddad-Maia_Andreeva,130.88333333333333,29.182266666666667,22.3,2091.98548995758,1.6675675675675674,420,169,337,372,709,10.510228378137128,275,182,252,316,8,23,32,27,9,1,HADDAD MAIA
Cincinnati_2023_R64_Muchova_Haddad-Maia,1318.5333333333333,28.528566666666663,2.16,2479.405219278537,1.782815734989648,496,193,504,329,833,12.56504291460026,376,236,318,326,7,20,31,25,13,5,HADDAD MAIA
Indian_Wells_2023_R64_Siniakova_Haddad-Maia,156.73333333333332,18.790655421577405,11.99,1803.8107064324208,1.8530172413793105,339,120,320,244,564,9.220822053428584,232,207,273,265,8,24,34,26,8,1,HADDAD MAIA
US_Open_2024_R32_Haddad-Maia_Kalinskaya,79.78333333333333,17.44375,21.86,1286.6285700477706,1.6994263862332697,262,101,256,172,428,11.19275904287628,167,129,187,183,6,15,38,29,11,1,HADDAD MAIA
Rome_2024_R64_Cobolli_Korda,163.28333333333333,34.98206666666667,21.42,3101.9694384533504,2.09625,526,220,486,394,880,13.929788601142503,355,315,410,293,5,14,21,12,12,37,COBOLLI
Stuttgart_2024_R32_Cobolli_Struff,67.48333333333333,10.009416666666668,14.83,890.6833190098823,1.7969187675070029,187,121,180,142,322,9.235375557881907,169,76,99,115,10,22,28,17,18,6,COBOLLI
Acapulco_2024_R16_Cobolli_Tsitsipas,120.16666666666669,23.228816666666667,19.33,2089.9729451936537,1.9917333333333327,389,157,409,256,665,13.310857881696707,309,209,251,244,10,19,20,12,8,30,COBOLLI
Rome_2023_Q_Cobolli_Basilashvili,29.383333333333333,6.183016666666666,21.04,514.2117839297124,1.7932367149758452,103,47,69,90,159,6.77694109299031,67,53,76,58,3,14,18,8,15,43,COBOLLI
Rome_2023_1st_Cobolli_Rinderknech,89.16666666666667,16.804916666666667,18.85,1215.3799328659215,1.6941972920696324,265,107,228,217,445,32.160472546432736,153,115,154,152,9,16,18,12,14,31,COBOLLI
Rome_2023_Q_Nava_Cobolli,157.88333333333333,23.622766666666667,14.96,1890.704442575019,1.7844621513944223,379,210,321,286,607,15.354133231393943,298,159,262,212,11,18,20,11,9,30,COBOLLI
Washington_2024_R16_Davidovich-Fokina_Cobolli,194.4333333333333,28.512633333333333,14.66,2920.8751816291333,1.824750830564784,613,235,536,499,1035,10.553660747387084,456,262,407,367,8,15,21,20,23,13,COBOLLI
Washington_2024_F_Korda_Cobolli,93.86666666666666,18.27228333333333,19.47,1694.8735109193387,1.8981308411214952,337,137,302,271,573,13.16201382334876,222,169,229,219,5,13,23,12,20,27,COBOLLI
Washington_2024_SF_Cobolli_Shelton,121.45,24.798866666666665,20.42,2067.3757263064804,1.905994897959184,396,173,340,368,708,11.312574030614456,306,201,270,252,10,15,19,15,23,16,COBOLLI
Cincinnati_2024_R64_Cobolli_Paul,126.28333333333332,24.004966666666668,19.01,2483.6494345966544,1.894407894736842,467,186,422,357,779,12.201439600650463,315,247,353,284,6,14,21,16,24,19,COBOLLI
AO_2024_1st_Fruhvirtova_Haddad-Maia,137.93333333333334,30.16718333333333,21.87,2210.6033883480422,1.4900874635568513,514,158,445,425,870,10.360761903129642,338,228,398,367,7,17,36,30,8,1,HADDAD MAIA
AO_2024_R32_Timofeeva_Haddad-Maia,129.65,25.39,19.58,2077.4913810551743,1.5339267015706808,481,145,438,394,832,8.468414403886634,325,202,366,354,6,15,37,34,7,2,HADDAD MAIA
AO_2024_R64_Korneeva_Haddad-Maia,80.63333333333334,16.802366666666664,20.84,1320.4523147280163,1.5352564102564104,307,97,303,194,497,8.390172653171113,202,139,241,214,6,17,30,34,11,2,HADDAD MAIA
United_Cup_2024_1st_Sorribes-Tormo_Haddad-Maia,125.78333333333332,18.175659083333336,14.45,1627.711817603493,1.5154353562005278,383,121,346,294,640,10.504303791891193,250,154,271,277,8,16,42,26,7,1,HADDAD MAIA
United_Cup_2024_1st_Swiatek_Haddad-Maia,76.86666666666666,12.365379283333334,16.09,1208.32806708388,1.586888111888112,281,93,218,241,459,8.078743712496676,132,137,227,200,3,10,28,39,17,3,HADDAD MAIA
Madrid_2024_R64_Haddad-Maia_Errani,75.51666666666667,14.30055,18.94,1242.2318292900309,1.7443775100401608,255,98,183,240,423,11.239395903155556,211,90,171,195,12,31,44,11,2,0,HADDAD MAIA
Madrid_2024_R16_Haddad-Maia_Sakkari,109.46666666666668,19.2543,17.59,863.4917267532222,1.5468085106382978,182,82,154,134,288,11.677716149639608,120,79,116,133,9,25,34,26,5,1,HADDAD MAIA
Madrid_2024_R32_Haddad-Maia_Navarro,111.91666666666669,25.572466666666667,22.85,1977.2710349487725,1.8101960784313724,376,144,372,263,635,11.256895336275155,303,178,260,280,12,27,34,20,5,2,HADDAD MAIA
Madrid_2024_QF_Swiatek_Haddad-Maia,148.78333333333333,27.209866666666667,18.29,2327.7536922145914,1.6905306971904266,496,166,495,301,796,10.241972931675477,290,222,318,357,6,17,33,30,11,3,HADDAD MAIA
Rome_2024_R64_Haddad-Maia_Wang,135.68333333333334,25.181066666666663,18.56,2149.821869381893,1.7954976303317536,405,171,302,415,717,9.286714783562322,295,206,291,321,5,20,30,32,11,3,HADDAD MAIA
Rome_2024_R32_Haddad-Maia_Keys,149.96666666666667,28.44013333333333,18.96,2282.7783638680976,1.7402823018458198,467,177,442,289,731,30.29288902901849,285,237,313,303,5,20,29,29,13,5,HADDAD MAIA
Indian_Wells_2024_R32_Haddad-Maia_Pavlyuchenkova,158.0,23.92693333333333,15.14,2258.89105508116,1.7854485776805251,446,195,388,373,761,11.225732396212123,327,209,336,313,4,17,30,32,14,2,HADDAD MAIA
Indian_Wells_2024_R64_Haddad-Maia_Sramkova,115.23333333333332,23.218833333333336,20.15,2034.278337138507,1.8231939163498097,386,146,290,344,634,11.94687980691764,278,184,273,284,10,21,37,25,5,1,HADDAD MAIA
Miami_2024_R32_Boulter_Haddad-Maia,90.15,13.99035,15.52,1291.8011287411684,1.774378585086042,255,110,192,249,441,13.666452870324822,185,130,168,192,6,18,30,32,12,3,HADDAD MAIA
Miami_2024_R64_Parry_Haddad-Maia,161.85,26.49115,16.37,2387.2589204339115,1.826801801801802,443,156,425,357,782,14.291430696410682,361,216,317,321,13,25,32,21,7,2,HADDAD MAIA
Rogers_cup_2024_R32_Haddad-Maia_Boulter,17.1,1.1968166666666666,7.0,72.44970627390427,1.24,20,12,20,17,37,3.719501802381092,14,9,7,14,2,34,53,10,1,0,HADDAD MAIA
Rogers_cup_2024_R64_Haddad-Maia_Bouzkova,198.6833333333333,32.58125,16.4,2980.017956406729,1.66944,627,221,605,530,1135,11.066348294321395,496,258,388,462,11,23,43,19,4,1,HADDAD MAIA
Wimbledon_2024_R64_Osorio_Haddad-Maia,23.466666666666665,2.560383333333333,10.91,205.388116042836,1.6367816091954024,41,19,33,47,80,6.923439739293502,31,12,26,33,12,27,46,13,2,0,HADDAD MAIA
Wimbledon_2024_R32_Collins_Haddad-Maia,103.1,15.810316666666669,15.01,1285.5211636289043,1.705944055944056,276,129,224,222,446,7.59923645029201,199,138,195,167,5,27,40,24,4,0,HADDAD MAIA
Wimbledon_2024_1st_Frech_Haddad-Maia,132.48333333333332,19.566516666666665,14.77,1806.83139098506,1.779741379310345,343,137,308,309,617,12.643596554600457,300,166,240,231,12,26,41,17,3,1,HADDAD MAIA
Cincinnati_2024_R64_Pavlyuchenkova_Haddad-Maia,174.13333333333333,22.94803333333333,13.18,1905.1782277604689,1.5964530892448512,429,230,382,308,690,12.043372536668215,341,179,224,297,7,29,40,18,5,1,HADDAD MAIA
San_Diego_2024_R16_Boulter_Haddad-Maia,140.78333333333333,21.68158333333333,15.4,1852.5767096020268,1.7345569620253165,390,161,318,344,662,10.386503356110682,271,189,244,248,6,24,35,28,6,1,HADDAD MAIA
Dubai_2024_R64_Paolini_Haddad-Maia,118.06666666666666,21.22883333333333,17.98,1804.9855107393944,1.7508965517241382,362,147,347,284,631,9.038331596376391,270,191,256,280,7,30,38,19,5,2,HADDAD MAIA
Berlin_2024_R32_Haddad-Maia_Alexandrova,85.86666666666666,13.043166666666668,15.19,959.0737305106252,1.6491525423728814,209,117,225,120,345,11.745638434507638,193,87,130,119,9,31,36,19,3,1,HADDAD MAIA
Doha_2024_R64_Haddad-Maia_Wang,68.88333333333334,9.8118,14.24,770.7326553047833,1.6405797101449275,172,88,149,139,288,11.328602633996615,142,79,121,106,5,25,41,23,5,0,HADDAD MAIA
US_Open_2024_R64_Haddad-Maia_Sorribes-Tormo,73.13333333333334,13.6237,18.63,1250.467474077814,1.6503891050583657,254,83,194,270,464,11.937322109932309,194,90,184,188,14,21,43,17,4,1,HADDAD MAIA
US_Open_2024_1st_Haddad-Maia_Avanesyan,99.88333333333334,18.013066666666667,18.03,1580.1361708580175,1.6167916041979011,333,132,289,272,561,12.962262265581217,226,162,219,246,9,27,37,21,5,1,HADDAD MAIA
US_Open_2024_R64_Osaka_Muchova,94.56666666666666,16.17598333333333,17.11,1275.5213045083374,1.62,296,135,293,218,511,9.815441618502325,233,120,178,187,9,23,32,25,10,1,OSAKA
AO_2024_F_Sinner_Medvedev,223.91666666666663,46.05555,20.57,3881.740076843679,1.6712206047032476,908,283,827,728,1555,10.106488049890604,681,374,633,590,4,12,17,25,24,18,SINNER
AO_2024_QF_Sinner_Rublev,159.15,28.56425,17.95,2295.4491781426245,1.7524131274131274,532,211,461,441,902,13.878777043539325,403,257,340,310,3,17,20,20,24,17,SINNER
AO_2024_R32_Sinner_Baez,112.58333333333331,25.82541666666667,22.94,2085.9864605964435,1.6534957627118645,477,138,356,457,813,11.0885018703973,378,197,352,300,8,14,20,30,18,10,SINNER
AO_2024_R16_Sinner_Khachanov,153.36666666666667,30.1845,19.68,2657.9898420349737,1.7391071428571427,567,183,484,485,969,11.497330085730711,447,272,396,390,8,14,19,25,18,15,SINNER
AO_2024_SF_Djokovic_Sinner,202.51666666666668,32.9474,16.27,2771.776695382171,1.7862582781456957,602,224,489,571,1060,11.409334553928598,476,302,407,417,5,14,20,22,22,18,SINNER
Miami_2024_R16_O'Connell_Sinner,111.65,18.895950000000003,16.92,1902.333891767424,1.981881051175657,351,125,283,356,639,9.437478708224532,309,176,269,252,9,17,29,22,14,9,SINNER
Miami_2024_R64_Vavassori_Sinner,1372.1,12.234516666666668,0.89,1218.3032229493765,2.046100917431193,215,103,207,195,402,14.98698711449918,220,87,156,130,13,21,26,18,14,8,SINNER
Miami_2024_F_Dimitrov_Sinner,72.85,13.089916666666666,17.97,1355.79708611617,2.0911242603550297,247,93,215,232,447,11.112875576740096,180,146,174,180,5,13,19,22,19,22,SINNER
Miami_2024_QF_Machac_Sinner,91.7,18.18785,19.83,1591.757568479194,1.9309262166405023,304,120,210,321,531,8.625929332002654,232,158,212,230,4,14,21,22,22,18,SINNER
Miami_2024_R32_Griekspoor_Sinner,189.9833333333333,24.29733333333333,12.79,2424.2521950908704,1.9498922413793105,451,187,345,511,856,15.603460681411212,366,217,323,317,4,13,20,27,17,19,SINNER
Miami_2024_SF_Medvedev_Sinner,69.45,14.335233333333331,20.64,1453.4333557017335,1.8916666666666664,292,97,280,262,542,8.436103730039308,213,122,214,210,4,14,23,29,16,15,SINNER
Wimbledon_2024_R32_Sinner_Kecmanovic,96.06666666666666,19.324583333333333,20.12,1872.8745239737043,1.988857938718663,362,140,281,377,658,11.7786042702478,259,157,268,237,9,14,19,19,18,22,SINNER
Wimbledon_2024_R16_Sinner_Shelton,127.73333333333332,23.42213333333333,18.34,2040.4816711493384,1.8146163215590745,401,184,371,367,738,12.925551879095435,334,174,277,248,11,15,19,22,18,14,SINNER
Wimbledon_2024_1st_Sinner_Hanfmann,178.0,28.64485,16.09,2491.373505595846,1.8524177949709864,523,237,453,423,876,12.896448344835475,433,226,344,302,9,18,21,17,18,16,SINNER
Wimbledon_2024_R64_Sinner_Berrettini,221.88333333333333,40.318,18.17,3492.07964511185,1.9658295281582951,634,292,605,540,1145,16.505213728083177,488,354,449,442,8,17,22,15,14,23,SINNER
Madrid_2024_R16_Sinner_Khachanov,129.81666666666666,23.05408333333333,17.76,2062.433505029598,1.870822622107969,390,169,322,300,622,11.635050899115726,347,153,272,246,9,18,16,13,18,26,SINNER
Madrid_2024_R32_Sinner_Kotov,98.18333333333334,18.71825,19.06,1776.5041856763107,1.9211453744493392,338,117,275,330,605,11.46229583164153,247,158,246,229,7,15,23,20,16,18,SINNER
Madrid_2024_R64_Sinner_Sonego,68.6,11.05905,16.12,1215.744230429438,2.031455399061033,207,86,200,171,371,14.77735444374342,181,123,160,134,13,18,22,15,14,17,SINNER
Indian_Wells_2024_R16_Shelton_Sinner,98.08333333333331,15.920283333333334,16.23,1682.5247645642062,1.927089783281734,315,135,273,308,581,12.72755505112473,288,131,237,192,8,17,21,14,16,25,SINNER
Indian_Wells_2024_R64_Kokkinakis_Sinner,80.5,16.133533333333336,20.04,1523.7571412199443,1.906183745583039,282,91,279,225,504,11.631421388013145,220,140,207,205,6,13,20,24,17,21,SINNER
Indian_Wells_2024_QF_Lehecka_Sinner,84.41666666666667,16.2666,19.27,1676.3974535640427,1.981863560732113,295,121,268,274,542,12.369693772665263,244,145,221,207,6,14,20,17,17,26,SINNER
Indian_Wells_2024_R32_Struff_Sinner,73.4,11.122083333333334,15.15,1173.993463224726,1.906342494714588,237,110,195,227,422,11.256968013771893,238,97,150,148,8,19,26,19,14,14,SINNER
Indian_Wells_2024_SF_Sinner_Alcaraz,302.95,23.749,7.84,2472.776933219325,2.064625850340136,447,144,384,408,792,13.198906472173112,325,228,329,308,8,15,21,23,17,15,SINNER
Monte_Carlo_2024_R16_Struff_Sinner,76.73333333333333,15.03165,19.59,1401.0013297355392,1.9611418047882136,257,108,187,270,457,17.645395595172715,212,125,190,167,6,16,25,17,17,20,SINNER
Monte_Carlo_2024_QF_Rune_Sinner,160.7,26.695,16.61,2305.515905416834,1.9650210084033608,460,184,353,367,720,16.818773113822886,315,211,310,266,6,11,22,18,21,21,SINNER
Monte_Carlo_2024_R32_Korda_Sinner,74.96666666666667,17.908816666666667,23.89,1644.5228552112806,1.8671899529042388,309,105,253,322,575,13.588173877520685,225,169,239,231,5,12,22,21,21,19,SINNER
Monte_Carlo_2024_SF_Tsitsipas_Sinner,160.1,30.505466666666667,19.05,2897.7655837862985,1.925231053604436,550,186,568,375,943,12.275181530531784,374,299,431,343,5,14,23,19,17,21,SINNER
Monte-Carlo_2023_R16_Hurkacz_Sinner,146.96666666666667,39.5685,26.92,2923.946849669828,1.954459203036053,507,203,457,454,911,18.67346737591845,431,268,415,328,6,16,19,26,18,15,SINNER
Monte-Carlo_2023_R32_Schwartzman_Sinner,41.48333333333333,8.323533333333334,20.06,588.5605206049268,1.6987951807228916,120,51,102,109,211,9.255768322983036,92,42,90,83,4,14,22,28,17,16,SINNER
Monte-Carlo_2023_QF_Musetti_Sinner,74.5,18.61528333333333,24.99,1518.2531263483602,1.9801169590643275,263,96,222,227,449,16.407409485573243,223,116,223,142,11,17,23,20,16,12,SINNER
Rome_2023_R64_Kokkinakis_Sinner,78.0,15.926216666666669,20.42,1339.7799993832714,2.025274725274725,221,85,171,228,399,25.073571984728684,206,113,173,138,10,13,23,22,14,18,SINNER
Rome_2023_R32_Shevchenko_Sinner,132.01666666666668,27.184,20.59,2589.437309878944,1.9363819095477388,489,172,437,433,870,13.515961041577029,365,236,355,341,8,12,21,21,17,21,SINNER
Rome_2023_R16_Cerundolo_Sinner,144.98333333333332,36.86748333333333,25.43,2723.446741268356,1.9282375851996103,501,164,451,466,917,11.852523976417384,347,252,381,335,7,10,15,21,18,29,SINNER
Miami_2023_R32_Sinner_Dimitrov,87.73333333333333,16.31467649855937,18.6,1516.0817586281896,1.96271186440678,289,111,265,247,512,7.6485498024419165,219,140,227,180,4,15,23,24,18,16,SINNER
Miami_2023_F_Sinner_Medvedev,94.15,18.03567661205655,19.16,1869.2238108186664,2.315548281505728,308,122,292,246,538,27.11910047040349,212,138,219,200,7,11,19,30,18,15,SINNER
Miami_2023_R64_Sinner_Djere,83.35,15.980998063380689,19.17,1335.7877342352042,1.79,266,113,190,295,485,9.756021121854731,194,135,232,160,4,14,22,22,19,19,SINNER
Miami_2023_R16_Sinner_Rublev,71.48333333333333,12.279632498224514,17.18,1024.2610652060175,1.8631205673758864,211,102,166,201,367,7.5608561955713025,166,98,149,133,6,15,24,19,17,19,SINNER
Miami_2023_SF_Alcaraz_Sinner,181.25,28.063312536065343,15.48,2748.556903598022,1.967448405253284,523,215,429,475,904,12.85665458721223,431,263,387,309,8,15,24,20,16,16,SINNER
Miami_2023_QF_Ruusuvuori_Sinner,203.66666666666663,14.58669079859792,7.16,1346.560648637511,1.905321100917432,266,97,180,269,449,8.329065528581461,187,136,215,180,3,12,19,19,22,26,SINNER
Indian-Wells_2023_R32_Sinner_Mannarino,106.93333333333334,21.00570164085628,19.64,1904.2594723185623,1.8585585585585584,383,133,240,381,621,10.01301498114945,270,145,315,255,3,10,19,29,25,15,SINNER
Indian-Wells_2023_R64_Sinner_Gasquet,93.93333333333334,30.238920097159376,32.19,27.29666923431138,1.1333333333333333,12,13,6,1,7,4.169586710492813,5,2,2,1,2,9,51,10,2,26,SINNER
Indian-Wells_2023_R16_Sinner_Wawrinka,98.56666666666666,23.03101203772825,23.37,2260.1827175235526,1.870939226519337,453,126,435,346,781,11.089375956819133,301,195,333,299,6,11,21,25,20,16,SINNER
Indian-Wells_2023_SF_Alcaraz_Sinner,112.36666666666666,21.65718246986569,19.27,2175.84498029721,2.079467680608365,397,144,357,317,674,13.128869614097889,315,182,325,257,8,14,24,24,15,15,SINNER
Indian-Wells_2023_QF_Fritz_Sinner,136.91666666666666,26.552999750081785,19.39,2758.0213844126115,1.8995499549955,551,180,477,444,921,11.874798347471478,383,281,423,348,7,12,23,28,16,13,SINNER
Vienna_2023_F_Medvedev_Sinner,184.38333333333333,40.7301,22.09,4180.063341840037,2.0089571337172103,755,218,671,722,1393,9.6659822390671,534,291,623,563,6,11,22,36,21,5,SINNER
Turin_2023_SF_Sinner_Medvedev,148.93333333333334,30.463083333333334,20.45,3091.810346056101,2.012713310580205,591,192,603,464,1067,11.510234375915324,424,259,410,390,4,12,19,23,25,17,SINNER
Beijing_2023_F_Sinner_Medvedev,121.16666666666669,23.5999,19.48,2409.775106017633,2.032199546485261,424,128,375,421,796,13.710308452117664,331,169,323,324,9,12,26,32,18,3,SINNER
Rogers_cup_2024_R16_Sinner_Tabilo,80.18333333333334,13.50415,16.84,1282.4767737639218,1.9004123711340208,233,108,173,257,430,12.54076625421376,204,104,168,160,8,11,17,15,18,31,SINNER
Rogers_cup_2024_R32_Sinner_Coric,96.2,15.26695,15.87,1605.5492760696482,1.9483443708609272,293,122,231,302,533,12.21856947450064,229,151,236,191,6,17,22,18,24,13,SINNER
Rogers_cup_2024_QF_Sinner_Rublev,134.21666666666667,19.24635,14.34,1958.142359075444,2.0085333333333333,376,149,274,396,670,13.539080667496874,279,181,284,235,3,16,23,16,21,21,SINNER
Cincinnati_2024_F_Sinner_Tiafoe,96.65,22.8201,23.61,1936.4459475061624,1.860323886639676,360,142,229,393,622,10.580806004361625,324,147,264,262,5,14,21,21,14,25,SINNER
Cincinnati_2024_R32_Sinner_Michelsen,111.36666666666666,19.70243333333333,17.69,2026.2286349486808,1.908198757763975,413,159,359,360,719,14.98341933240652,321,188,284,234,7,17,22,21,22,11,SINNER
Cincinnati_2024_SF_Sinner_Zverev,210.4333333333333,29.88628333333333,14.2,2920.640800972585,1.877217391304348,573,242,510,528,1038,11.930250402964145,498,221,406,368,6,14,17,15,13,35,SINNER
Cincinnati_2024_QF_Sinner_Rublev,146.38333333333333,23.75103333333333,16.23,2272.1799426201947,1.809761388286334,461,209,329,486,815,9.209375352091673,417,173,332,283,5,15,18,15,17,30,SINNER
US_Open_2024_1st_Sinner_Mcdonald,144.18333333333334,26.61705,18.46,2674.6649593352654,1.9364185110663985,497,192,445,427,872,19.582093265747865,430,212,380,325,8,14,18,18,18,24,SINNER
US_Open_2024_R64_Sinner_Michelsen,99.48333333333332,18.859916666666667,18.96,1811.5241860165904,2.0047976011994004,330,138,287,330,617,14.39161815611112,321,154,241,209,10,17,19,18,16,20,SINNER
US_Open_2024_1st_Ostapenko_Osaka,63.95,10.391016666666667,16.25,769.4058548679122,1.590625,172,97,141,124,265,9.101483140150872,72,90,101,105,1,23,32,27,16,1,OSAKA
Rome_2024_Q_Bergs_Shang,130.18333333333334,25.8079,19.82,2157.610712923969,1.8619393939393936,412,144,390,325,715,16.896950949504614,255,219,262,330,6,15,15,16,18,31,SHANG
Miami_2024_R64_Shang_Davidovich-Fokina,103.75,19.70855,19.0,1695.814477352228,1.893452380952381,342,136,274,287,561,13.12073727178752,218,181,192,242,9,17,26,24,13,11,SHANG
Miami_2024_1st_Kecmanovic_Shang,166.38333333333333,32.242333333333335,19.38,3310.352357362452,1.913678516228748,651,232,479,651,1130,13.543531384718516,374,389,393,507,6,14,27,21,17,16,SHANG
Madrid_2024_R64_Shang_Davidovich-Fokina,105.05,19.39165,18.46,1544.438557967903,1.7949044585987262,316,121,313,237,550,11.270751428251767,176,180,177,265,5,17,26,26,15,11,SHANG
Eastbourne_2024_R16_Ruusuvuori_Shang,126.38333333333334,24.67075,19.52,2245.4656435301263,1.796252676659529,478,174,412,369,781,24.31655526245878,239,268,309,340,4,14,29,20,20,13,SHANG
Eastbourne_2024_R32_Shang_Etcheverry,145.16666666666666,24.151016666666667,16.64,2388.101257397353,1.786252545824847,495,196,467,383,850,12.245196772892598,265,263,321,330,6,16,28,22,18,10,SHANG
Miami_2023_1st_Mannarino_Shang,115.03333333333332,20.94315735169024,18.21,2071.88922512494,1.8285878300803675,429,145,417,308,725,9.20082007675637,220,237,312,295,1,10,20,28,30,11,SHANG
Indian-Wells_2023_Q_Zhang_Shang,180.56666666666663,32.80372731286395,18.17,3119.42795227428,1.7816782140107776,649,254,679,492,1171,21.18111189894608,460,360,395,487,6,15,21,17,22,19,SHANG
Indian-Wells_2023_Q_Shang_Watanuki,118.75,22.586584200792924,19.02,2013.537841010786,1.8180169286577992,408,168,466,293,759,12.212570635077215,273,245,250,282,5,15,23,21,20,17,SHANG
Rome_2024_R32_Tsitsipas_Norrie,91.18333333333334,20.732466666666667,22.74,1900.178260900948,2.1669421487603304,302,119,239,258,497,17.411562850866595,263,111,247,208,8,12,16,13,16,34,TSITSIPAS
Rome_2024_R16_Tsitsipas_de-Minaur,60.15,12.92775,21.49,1335.8843868505755,2.0050526315789474,235,80,166,229,395,10.423407808020292,179,85,206,143,7,13,16,14,22,28,TSITSIPAS
Rome_2024_R64_Tsitsipas_Struff,151.85,30.00403333333333,19.76,3067.672102695876,1.9866726296958848,547,225,440,522,962,45.11182597822692,511,242,477,311,8,13,17,13,20,30,TSITSIPAS
Rome_2024_QF_Tsitsipas_Jarry,158.2,31.536066666666667,19.93,2709.075719419495,2.0645232815964523,440,205,374,409,783,15.318582792306,342,210,383,283,6,13,17,10,12,41,TSITSIPAS
Los_Cabos_2024_R16_Vukic_Tsitsipas,63.63333333333333,13.668116666666666,21.48,1241.9620604879829,2.0182844243792326,217,92,165,238,403,10.695588394855626,167,114,166,130,4,16,20,16,14,30,TSITSIPAS
Los_Cabos_2024_QF_Kovacevic_Tsitsipas,98.1,18.73365,19.1,1668.2871076108263,1.9587561374795417,311,126,245,268,513,11.35786006748201,265,136,233,188,6,15,18,16,19,26,TSITSIPAS
Los_Cabos_2024_SF_Ruud_Tsitsipas,109.33333333333331,22.189416666666663,20.3,2063.011596098983,2.049654218533887,370,139,271,389,660,22.156086094479218,320,161,281,230,10,15,20,15,20,19,TSITSIPAS
AO_2024_1st_Bergs_Tsitsipas,178.86666666666667,28.687,16.04,2053.3512665796766,1.8554696132596689,440,208,324,472,796,12.086280752448603,410,206,279,274,8,11,25,23,19,14,TSITSIPAS
AO_2024_R64_Thompson_Tsitsipas,216.75,38.573483333333336,17.8,2988.098385593425,1.700466926070039,666,272,622,529,1151,12.613505733658682,629,276,442,376,9,18,27,21,18,8,TSITSIPAS
AO_2024_R16_Fritz_Tsitsipas,181.3,29.47985,16.26,2667.626480636874,1.7223880597014924,584,248,547,423,970,13.807289136105137,512,268,399,349,8,15,20,17,20,19,TSITSIPAS
RG_2024_1st_Fucsovics_Tsitsipas,140.23333333333332,29.36618333333333,20.94,2933.549242226443,2.0287968441814592,495,195,365,492,857,10.80961244814528,468,174,368,358,9,13,18,17,18,26,TSITSIPAS
RG_2024_R32_Zhang_Tsitsipas,91.76666666666668,19.012933333333333,20.72,1965.890444243425,1.946397694524496,339,137,232,371,603,44.69815689376588,286,136,260,212,10,12,17,14,15,32,TSITSIPAS
RG_2024_QF_Tsitsipas_Alcaraz,135.21666666666667,24.21118333333333,17.91,2534.786286423838,2.1260454002389486,435,181,388,357,745,13.850145318130538,383,160,325,253,15,16,19,13,16,21,TSITSIPAS
RG_2024_R64_Altmaier_Tsitsipas,163.7,33.25488333333333,20.31,3120.890962531539,1.9645311049210767,546,222,437,501,938,11.465442609504512,496,204,373,363,14,17,21,16,16,16,TSITSIPAS
Miami_2024_R64_Shapovalov_Tsitsipas,1333.2666666666669,14.947283333333331,1.12,1470.9120803669202,1.8475490196078432,330,146,388,139,527,15.436200170456264,261,151,249,145,11,24,26,20,15,5,TSITSIPAS
Wimbledon_2024_R64_Ruusuvuori_Tsitsipas,166.78333333333333,29.653450000000003,17.78,2744.750435175996,1.8358792184724688,569,262,445,546,991,9.872799806365371,474,235,409,332,9,14,21,23,26,8,TSITSIPAS
Wimbledon_2024_1st_Daniel_Tsitsipas,143.58333333333334,23.01463333333333,16.03,2306.121626981898,2.010743801652892,414,223,303,443,746,12.704444005764534,468,145,311,244,15,17,22,21,21,4,TSITSIPAS
Acapulco_2024_R32_Safiullin_Tsitsipas,80.1,14.628416666666668,18.26,1418.6641650708352,1.975187969924812,264,109,261,210,471,12.368241171522028,219,132,199,152,7,17,20,16,20,20,TSITSIPAS
Acapulco_2024_R16_Cobolli_Tsitsipas,120.16666666666669,23.228816666666667,19.33,2211.173516163633,2.1173333333333333,361,157,256,409,665,13.54826536350133,293,168,280,233,9,15,18,15,18,24,TSITSIPAS
Acapulco_2024_QF_de-Minaur_Tsitsipas,126.35,27.9122,22.09,2502.6377388387464,1.95609243697479,482,157,383,429,812,13.001608658600691,358,198,393,268,7,13,17,17,22,25,TSITSIPAS
Madrid_2024_R64_Monteiro_Tsitsipas,95.7,18.760583333333333,19.6,1831.5135668334835,1.9646604938271603,336,129,264,311,575,10.40527744565785,261,151,250,211,7,13,18,16,21,25,TSITSIPAS
Indian_Wells_2024_R32_Tiafoe_Tsitsipas,78.21666666666667,18.63293333333333,23.82,1695.1566496461485,2.089637305699482,296,115,291,214,505,13.366948235354275,267,136,236,187,9,14,21,15,23,17,TSITSIPAS
Indian_Wells_2024_R16_Lehecka_Tsitsipas,77.1,14.424433333333331,18.71,1290.839370396851,1.8852525252525247,254,113,267,183,450,10.09150729830824,215,149,174,149,4,16,23,18,21,19,TSITSIPAS
Indian_Wells_2024_R64_Pouille_Tsitsipas,68.11666666666666,13.717,20.14,1262.276301388986,1.981645569620253,224,97,152,275,427,12.359612747856664,194,112,189,137,6,11,17,15,23,28,TSITSIPAS
United_Cup_2024_R32_Tsitsipas_Zverev,96.53333333333332,12.383466666666669,12.83,1442.503436510448,1.8350340136054424,305,120,245,274,519,13.92962549325435,244,125,196,205,7,13,22,19,22,17,TSITSIPAS
United_Cup_2024_R64_Tsitsipas_Diez,77.23333333333333,8.983300000000002,11.63,991.1720526594524,1.6775229357798165,221,99,171,212,383,8.606260799247861,203,102,147,119,8,14,26,24,18,10,TSITSIPAS
Monte_Carlo_2024_R32_Etcheverry_Tsitsipas,62.85,14.013966666666668,22.3,1484.1929375084435,1.998109640831758,269,86,221,227,448,17.558634160233936,182,110,222,168,7,17,17,15,19,26,TSITSIPAS
Monte_Carlo_2024_R16_Zverev_Tsitsipas,126.55,26.00275,20.55,2462.377662547789,2.030175438596491,435,162,356,342,698,15.80764891525392,283,155,318,285,7,16,15,13,15,34,TSITSIPAS
Monte_Carlo_2024_QF_Tsitsipas_Khachanov,81.78333333333333,14.701966666666667,17.98,1273.836552142995,2.0592342342342342,222,97,168,181,349,22.28578608443715,142,83,160,144,5,14,16,9,15,40,TSITSIPAS
Monte_Carlo_2024_F_Ruud_Tsitsipas,96.63333333333334,19.474716666666662,20.15,1759.2465541067686,2.0299668874172183,315,128,266,252,518,13.223917415900516,251,110,258,165,12,14,21,12,16,25,TSITSIPAS
Monte_Carlo_2024_R64_Djere_Tsitsipas,61.5,11.999833333333331,19.51,1264.6549966482037,1.979867256637168,228,91,221,172,393,13.515336304293443,147,107,197,140,3,14,19,12,20,32,TSITSIPAS
Monte_Carlo_2024_SF_Tsitsipas_Sinner,160.1,30.505466666666667,19.05,2914.473189822539,1.9285582255083176,532,186,375,568,943,12.227219191110724,361,229,457,331,5,9,18,12,18,39,TSITSIPAS
Madrid_2023_R16_Zapata-Miralles_Tsitsipas,73.0,14.500783333333334,19.86,1512.4036492147277,2.0762452107279694,246,103,150,248,398,13.90473768415488,238,81,219,170,9,9,14,14,14,39,TSITSIPAS
Madrid_2023_QF_Struff_Tsitsipas,150.75,22.27005,14.77,2291.472608074635,1.9424101969872536,412,211,234,460,694,12.158512685749246,341,167,303,250,8,13,20,17,17,24,TSITSIPAS
Madrid_2023_R32_Baez_Tsitsipas,132.85,28.073916666666666,21.13,2765.9377528103187,2.065208110992529,475,182,334,431,765,16.63608168351813,406,162,381,303,10,14,20,17,14,25,TSITSIPAS
Monte-Carlo_2023_R16_Jarry_Tsitsipas,93.06666666666666,19.608016666666668,21.07,1610.9390450228564,1.938240574506284,270,133,167,290,457,15.423456824857103,194,110,243,142,4,12,16,10,15,43,TSITSIPAS
Monte-Carlo_2023_QF_Fritz_Tsitsipas,70.21666666666667,19.171016666666667,27.3,1477.8063432482388,2.049364406779661,236,92,191,199,390,21.90273755821082,170,110,202,149,8,15,16,16,16,28,TSITSIPAS
Monte-Carlo_2023_R32_Bonzi_Tsitsipas,21.866666666666667,4.57505,20.92,373.7185626242148,1.9944444444444445,61,31,47,57,104,10.222822788387711,46,24,53,37,9,17,18,12,10,33,TSITSIPAS
Rome_2023_R16_Tsitsipas_Musetti,111.71666666666668,23.708516666666664,21.22,1928.3098254601728,1.950510948905109,337,128,237,341,578,13.405048411437434,259,137,277,225,10,12,18,17,16,27,TSITSIPAS
Rome_2023_QF_Tsitsipas_Coric,95.63333333333334,19.140183333333333,20.01,1501.8385007750744,1.8813067150635208,270,114,195,271,466,13.469160151224608,182,118,210,162,7,12,17,16,21,27,TSITSIPAS
Rome_2023_R32_Tsitsipas_Sonego,1153.0833333333333,21.27305,1.84,1862.1596955809068,2.030455259026688,312,141,265,295,560,13.01766621420728,298,136,259,194,10,15,19,18,18,19,TSITSIPAS
Rome_2023_R64_Tsitsipas_Borges,1183.25,14.757166666666668,1.25,1526.186196539646,2.031090909090909,270,110,191,267,458,10.499201876929869,237,93,212,167,9,13,17,19,21,20,TSITSIPAS
Rome_2023_SF_Medvedev_Tsitsipas,365.26666666666665,22.14555,6.06,1856.7936782438555,1.984758942457232,312,115,238,324,562,26.80816941315293,245,128,267,218,9,11,16,19,24,21,TSITSIPAS
Miami_2023_R16_Khachanov_Tsitsipas,92.15,14.027648971151224,15.22,1389.2819083874908,1.937360594795539,282,127,199,239,438,12.726624651725356,212,123,178,141,8,15,28,23,19,6,TSITSIPAS
Miami_2023_R32_Garin_Tsitsipas,124.63333333333334,17.257850079680455,13.85,1853.6713185220267,2.016174402250352,351,178,262,325,587,25.15793222313353,248,161,269,171,8,16,30,23,13,10,TSITSIPAS
Indian-Wells_2023_R64_Thompson_Tsitsipas,156.56666666666666,23.47703291500428,14.99,2526.981835403269,2.107751937984496,449,208,345,406,751,15.972438931303962,405,179,370,243,14,20,27,23,11,6,TSITSIPAS
AO_2022_SF_Tsitsipas_Medvedev,149.96666666666667,26.470550795085423,17.65,2372.0056574190035,1.923870967741936,451,178,440,394,834,10.494624493649738,325,170,365,298,7,13,24,27,24,4,TSITSIPAS
Vienna_2023_SF_Medvedev_Tsitsipas,104.35,21.69815,20.79,2116.0384873685834,2.1814921090387376,349,122,264,365,629,10.80780595121949,260,139,260,239,11,8,18,25,29,10,TSITSIPAS
Rogers_cup_2024_R32_Nishikori_Tsitsipas,78.38333333333334,14.677916666666668,18.73,1328.719270218621,1.892215568862276,251,110,177,190,367,10.865725338705428,187,130,182,153,5,13,21,21,25,15,TSITSIPAS
Rome_2024_R32_Fritz_Korda,70.9,15.385533333333331,21.7,1386.0612679598482,1.928659793814433,245,102,245,170,415,14.513931575928003,192,127,167,165,5,15,23,21,21,16,KORDA
Rome_2024_R64_Cobolli_Korda,163.28333333333333,34.98206666666667,21.42,2920.1586417545013,1.9938461538461536,514,220,394,486,880,18.578403998665365,426,248,394,293,7,14,24,20,17,18,KORDA
AO_2024_R32_Korda_Rublev,118.7,21.151216666666667,17.82,1563.3318313205098,1.5862021857923496,380,187,351,323,674,11.555162000250416,335,178,220,272,7,19,25,22,21,6,KORDA
Hertogenbosch_2024_R16_Korda_Nardi,107.33333333333331,22.78275,21.23,2116.0349525839565,1.8895061728395064,405,164,339,396,735,11.533273423035508,343,189,294,276,9,15,23,26,21,6,KORDA
Hertogenbosch_2024_F_de-Minaur_Korda,94.45,22.084166666666665,23.38,2039.4024485508887,1.73436754176611,426,129,410,319,729,12.115763705982978,323,170,295,286,9,14,26,27,19,4,KORDA
Hertogenbosch_2024_QF_Korda_Paul,66.71666666666667,12.053966666666668,18.07,1275.7696880194087,1.9177824267782428,227,103,171,259,430,10.617101424615706,208,92,165,178,10,15,25,25,19,7,KORDA
Hertogenbosch_2024_R32_Korda_Schoolkate,79.36666666666666,14.0493,17.7,1187.632603227126,1.815876288659794,242,128,222,208,430,8.610874041342147,236,82,162,157,13,17,30,25,13,1,KORDA
Hertogenbosch_2024_SF_Griekspoor_Korda,63.88333333333333,11.762216666666664,18.41,969.9560266769512,1.7858611825192805,188,102,139,217,356,11.156935814403496,199,77,123,121,8,18,29,26,17,2,KORDA
Queens_2024_R16_Dimitrov_Korda,119.01666666666668,25.66401666666667,21.56,2119.2392623013407,1.9705128205128208,377,185,348,332,680,11.02926168069284,322,183,289,244,8,14,23,26,22,7,KORDA
Queens_2024_R32_Korda_Khachanov,95.83333333333331,19.053266666666666,19.88,1713.702018083209,1.844642857142857,332,146,250,297,547,16.015709405340147,278,122,227,247,12,16,21,29,19,3,KORDA
Queens_2024_SF_Paul_Korda,100.75,22.6447,22.48,1990.62874470056,2.006798866855524,354,137,273,349,622,13.449734138332232,290,140,226,259,12,14,21,26,22,5,KORDA
Queens_2024_QF_Korda_Hijikata,130.73333333333332,28.867066666666663,22.08,2775.73250391754,1.871936389148737,543,195,506,403,909,8.419439418289242,452,234,345,359,9,18,29,27,14,3,KORDA
Madrid_2024_R64_Purcell_Korda,65.85,13.604666666666668,20.66,1297.43032581105,1.7846918489065606,235,105,157,236,393,11.326218470185731,217,84,195,165,8,15,23,26,16,12,KORDA
Madrid_2024_R32_Medvedev_Korda,144.96666666666667,30.771,21.23,2915.0291997724294,1.9438862559241707,529,204,410,539,949,12.265080488483148,439,190,402,364,11,13,19,22,21,13,KORDA
Adelaide_2024_R32_O'Connell_Korda,89.81666666666666,10.178966666666668,11.33,1200.979914249648,1.752173913043478,270,130,260,232,492,10.537202981795655,284,108,158,197,13,19,28,18,17,5,KORDA
Adelaide_2024_R64_Sonego_Korda,330.05,24.8062,7.52,2331.455612545091,1.5599476439790576,559,256,503,477,980,12.476814687941037,556,194,332,363,11,16,27,19,19,8,KORDA
Adelaide_2024_R16_Korda_Lehecka,72.15,9.44295,13.09,993.1082221629592,1.555072463768116,239,114,216,162,378,8.557551359201593,208,112,152,162,5,15,28,21,23,8,KORDA
Monte_Carlo_2024_R64_Korda_Davidovich-Fokina,63.016666666666666,13.59405,21.57,1414.5682850067744,2.044,253,104,187,255,442,10.452068861251323,195,111,174,182,8,16,17,16,25,16,KORDA
Monte_Carlo_2024_R32_Korda_Sinner,74.96666666666667,17.908816666666667,23.89,1704.8978072131458,1.9215070643642072,328,105,322,253,575,13.925871808102338,230,157,245,214,6,14,21,16,29,14,KORDA
Madrid_2023_R64_Korda_Grenier,107.55,18.87875,17.55,1184.3466641192213,1.6449186991869915,240,119,166,282,448,24.554097022722573,215,104,163,152,5,16,24,18,25,11,KORDA
Rome_2023_R64_Safiullin_Korda,103.83333333333331,16.920849999999998,16.3,1390.5786028781106,1.7313893653516297,288,151,234,265,499,34.953248236879816,234,142,182,192,6,21,22,22,23,6,KORDA
Rogers_cup_2024_QF_Korda_Zverev,138.53333333333333,23.13203333333333,16.7,2355.3446565681224,1.954029511918275,441,191,391,411,802,13.349492086098934,414,190,307,281,9,16,23,20,18,14,KORDA
Rogers_cup_2024_R32_Korda_Fritz,97.51666666666668,18.781533333333336,19.26,1675.601221318343,1.792394366197183,349,153,306,293,599,9.199451484698695,307,176,239,224,8,20,29,25,15,4,KORDA
Rogers_cup_2024_R64_Korda_Pospisil,18.433333333333334,1.635233333333333,8.87,148.5603544952199,1.636231884057971,30,17,15,41,56,5.996108816128897,24,19,24,23,1,20,35,31,12,1,KORDA
Rogers_cup_2024_SF_Popyrin_Korda,91.43333333333334,17.76635,19.43,1714.437653578172,1.862780269058296,343,143,334,266,600,11.162805310043009,312,164,211,213,8,19,31,24,13,5,KORDA
Washington_2024_F_Korda_Cobolli,93.86666666666666,18.27228333333333,19.47,1671.027292526964,1.876635514018692,305,137,271,302,573,9.15701727819888,263,170,235,191,6,14,28,28,18,7,KORDA
Washington_2024_R16_Korda_Kokkinakis,135.36666666666667,20.30173333333333,15.0,1762.4757204216426,1.7965860597439545,355,179,340,292,632,10.404317654457904,297,189,229,237,6,23,25,21,14,12,KORDA
Washington_2024_R32_Korda_Garin,70.91666666666667,12.45525,17.56,1210.2524410566575,1.7933070866141732,262,105,241,203,444,11.17752753108764,219,119,171,170,6,20,27,29,16,3,KORDA
Washington_2024_SF_Tiafoe_Korda,84.88333333333334,16.17055,19.05,1484.0402047404305,1.9238907849829352,286,127,212,252,464,10.985917320770495,239,135,209,184,6,13,28,25,24,4,KORDA
Washington_2024_QF_Korda_Thompson,99.55,11.774466666666664,11.83,1036.991031795562,1.7783720930232558,211,99,170,196,366,12.02140542812826,198,101,141,141,5,19,28,29,15,5,KORDA
Cincinnati_2024_R64_Carreno-Busta_Korda,77.13333333333334,13.279833333333332,17.22,1154.7813394755328,1.793058568329718,226,110,169,238,407,9.730686634167116,214,96,138,158,7,14,22,24,26,6,KORDA
Cincinnati_2024_Q_Osaka_Blinkova,102.06666666666666,23.10605,22.64,1648.962050683556,1.5014945652173912,376,156,264,369,633,16.660356517384958,203,169,215,237,4,15,17,38,22,3,OSAKA
Cincinnati_2024_Q_Krueger_Osaka,95.71666666666668,20.7957,21.73,1355.0787165578342,1.4818327974276528,333,153,291,233,524,6.653539504440437,195,138,169,179,4,19,25,33,16,4,OSAKA
Rome_2024_R16_Paul_Medvedev,72.98333333333333,18.10728333333333,24.81,1717.007726089269,2.0379965457685665,286,100,243,289,532,26.17864546942141,252,125,202,217,6,13,16,13,12,40,MEDVEDEV
AO_2024_F_Sinner_Medvedev,223.91666666666663,46.05555,20.57,3719.711322559536,1.6092385218365062,878,283,728,827,1555,10.648627841527029,679,358,552,600,7,14,15,24,25,15,MEDVEDEV
Miami_2024_SF_Medvedev_Sinner,69.45,14.335233333333331,20.64,1410.440468726545,1.841496598639456,296,97,262,280,542,11.431192502516351,255,122,178,201,7,14,22,23,18,16,MEDVEDEV
Madrid_2024_R32_Medvedev_Korda,144.96666666666667,30.771,21.23,2704.936870685787,1.7940284360189571,526,204,539,410,949,12.467690506152998,433,267,325,367,10,18,19,13,12,28,MEDVEDEV
Indian_Wells_2024_SF_Paul_Medvedev,143.55,28.88471666666667,20.12,2930.172932846381,1.96054298642534,543,203,512,476,988,11.284019413628332,499,233,337,403,9,17,20,11,10,32,MEDVEDEV
Dubai_2024_QF_Medvedev_Davidovich-Fokina,77.91666666666667,18.416283333333336,23.64,2056.840923758488,2.072535211267605,354,103,295,351,646,14.454901936555803,287,173,219,267,7,14,15,16,16,31,MEDVEDEV
Madrid_2023_R16_Karatsev_Medvedev,95.76666666666668,19.683366666666664,20.55,1118.934781699382,1.563883495145631,258,107,207,216,423,11.468108351279806,148,122,133,163,6,17,15,8,10,44,MEDVEDEV
Madrid_2023_R64_Vavassori_Medvedev,82.18333333333334,15.023466666666668,18.28,1127.814523308431,1.8858490566037736,207,105,238,152,390,12.45685930039218,175,84,135,128,14,18,17,9,6,36,MEDVEDEV
Madrid_2023_R32_Shevchenko_Medvedev,162.28333333333333,37.78648333333333,23.28,2965.306312164196,1.8412227074235803,581,214,524,473,997,14.93517075206187,438,263,362,378,10,13,15,11,10,40,MEDVEDEV
Monte-Carlo_2023_R16_Medvedev_Zverev,184.4333333333333,50.0304,27.13,4025.756586950667,1.846411804158283,742,218,565,816,1381,20.58194590481994,551,307,523,591,7,12,15,14,17,35,MEDVEDEV
Monte-Carlo_2023_R32_Medvedev_Sonego,88.51666666666667,20.66165,23.34,1492.019216011763,1.9612204724409448,245,109,213,244,457,14.506493284988524,209,103,182,192,13,16,14,9,8,39,MEDVEDEV
Monte-Carlo_2023_QF_Medvedev_Rune,77.18333333333334,20.43095,26.47,1552.2135919245563,1.9106617647058823,273,110,244,244,488,12.618994206526905,231,99,167,198,16,18,18,9,6,32,MEDVEDEV
Rome_2023_R16_Zverev_Medvedev,115.66666666666669,27.246516666666665,23.56,2388.104974400392,1.892642140468228,432,121,410,390,800,10.32673540786765,283,226,313,359,4,11,12,12,15,46,MEDVEDEV
Rome_2023_R64_Ruusuvuori_Medvedev,88.23333333333333,20.896866666666664,23.68,1699.3082046868597,1.755718475073314,347,99,295,281,576,15.15597215089568,216,156,216,230,5,10,12,14,22,36,MEDVEDEV
Rome_2023_QF_Hanfmann_Medvedev,80.63333333333334,17.161616666666664,21.28,1476.945909497862,1.8096989966555184,315,113,324,209,533,13.385913559543134,244,124,173,188,8,16,16,14,14,32,MEDVEDEV
Rome_2023_F_Rune_Medvedev,101.01666666666668,24.7348,24.49,1716.329989766759,1.7258904109589042,372,120,287,382,669,13.471680730454432,263,134,234,216,10,13,15,16,12,34,MEDVEDEV
Rome_2023_R32_Zapata-Miralles_Medvedev,113.48333333333332,27.202583333333333,23.97,2785.28989901035,2.021465968586388,478,146,391,460,851,39.68573576790861,351,218,316,375,10,11,13,14,16,37,MEDVEDEV
Rome_2023_SF_Medvedev_Tsitsipas,365.26666666666665,22.14555,6.06,1512.1140609532022,1.6458786936236391,331,115,324,238,562,13.347624499429337,237,138,193,185,8,14,15,18,12,33,MEDVEDEV
Miami_2023_R16_Halys_Medvedev,70.31666666666666,13.369307953248445,19.01,1196.5150128311454,1.875877192982456,230,103,219,188,407,13.072454296221398,204,80,127,176,13,17,18,8,9,35,MEDVEDEV
Miami_2023_R64_Carballes-Baena_Medvedev,62.583333333333336,13.563074930230892,21.67,1211.3305148589332,1.8170212765957447,242,84,224,192,416,17.669247613323492,192,98,140,152,12,15,19,17,10,26,MEDVEDEV
Miami_2023_QF_Eubanks_Medvedev,114.45,14.43099242149353,12.61,993.6859963005418,1.8048543689320389,212,120,242,129,371,20.034881057406444,162,114,110,106,13,23,24,8,6,27,MEDVEDEV
Miami_2023_F_Sinner_Medvedev,94.15,18.03567661205655,19.16,1771.892318436663,2.14075286415712,303,122,246,292,538,23.13150214337809,248,127,194,212,11,14,14,10,13,37,MEDVEDEV
Miami_2023_SF_Medvedev_Khachanov,136.73333333333332,31.504511872788672,23.04,2444.065523452222,1.9460067491563555,448,169,481,320,801,24.3763162877298,302,213,293,330,10,16,17,10,13,34,MEDVEDEV
Indian-Wells_2023_R32_Medvedev_Ivashka,104.9,25.851193070547588,24.64,2552.665540994313,1.900911854103344,494,142,382,501,883,13.400641808864862,377,224,327,341,9,14,18,15,13,31,MEDVEDEV
Indian-Wells_2023_R16_Medvedev_Zverev,196.8,45.57239725505546,23.16,3367.6326866049176,1.8675213675213675,645,251,707,485,1192,12.594376690757567,473,286,402,467,9,16,19,14,11,31,MEDVEDEV
Indian-Wells_2023_R64_Medvedev_Nakashima,86.46666666666667,19.34338333333333,22.37,443.5536246535011,1.3150579150579151,128,95,126,95,221,8.635369774758654,92,43,54,64,7,13,25,11,11,34,MEDVEDEV
Indian-Wells_2023_QF_Medvedev_Davidovich-Fokina,105.86666666666666,20.63681958584788,19.49,2150.040710038308,1.963131313131313,396,144,354,372,726,14.935146111708512,297,185,251,301,7,10,17,13,12,42,MEDVEDEV
Indian-Wells_2023_F_Alcaraz_Medvedev,70.26666666666667,13.955277280246252,19.86,1422.6989126059302,1.853079710144928,276,97,242,237,479,15.95269281304238,196,112,176,186,7,15,18,14,11,35,MEDVEDEV
Indian-Wells_2023_SF_Medvedev_Tiafoe,106.21666666666668,24.17862636790996,22.76,2095.0431868534347,1.941154328732748,392,150,333,354,687,14.082987710280236,290,178,240,290,7,14,21,17,10,33,MEDVEDEV
Vienna_2023_F_Medvedev_Sinner,184.38333333333333,40.7301,22.09,3594.637950678408,1.7572616762635955,808,218,722,671,1393,13.062161661815349,504,338,469,508,9,12,15,18,24,22,MEDVEDEV
Vienna_2023_SF_Medvedev_Tsitsipas,104.35,21.69815,20.79,1674.2642345960717,1.7097560975609756,348,122,365,264,629,17.254408894801657,269,132,200,205,15,15,16,13,14,27,MEDVEDEV
Turin_2023_SF_Sinner_Medvedev,148.93333333333334,30.463083333333334,20.45,3059.321692858009,1.9883105802047785,581,192,464,603,1067,11.755127913744774,475,236,343,408,6,13,14,16,17,33,MEDVEDEV
Beijing_2023_F_Sinner_Medvedev,121.16666666666669,23.5999,19.48,1937.9643490259657,1.682312925170068,458,128,421,375,796,11.402050958370912,302,182,243,270,9,13,14,17,21,25,MEDVEDEV
Beijing_2023_R32_Paul_Medvedev,80.51666666666667,17.83465,22.15,1246.2467885853544,1.789980732177264,268,82,254,220,474,12.352563410566434,187,108,167,158,9,14,16,16,17,28,MEDVEDEV
Brisbane_2024_R64_Osaka_Pliskova,129.98333333333332,13.111166666666666,10.09,1182.5860591096684,1.293970588235294,329,200,235,272,507,8.754107246720764,228,111,179,202,4,17,35,28,15,0,OSAKA
Brisbane_2024_1st_Osaka_Korpatsch,95.46666666666668,11.08335,11.61,969.3616096239076,1.419526627218935,246,123,138,248,386,9.771126291247397,167,72,148,148,6,14,29,30,17,5,OSAKA
AO_2024_1st_Garcia_Osaka,86.73333333333333,11.824133333333332,13.63,687.9917227420191,1.1764705882352942,224,130,132,139,271,7.255577908807957,114,91,134,111,2,29,31,25,12,1,OSAKA
Madrid_2024_R64_Osaka_Samsonova,141.73333333333332,26.337300000000003,18.58,1864.382550582692,1.5682775712515489,403,185,371,300,671,24.10010151971411,178,250,248,277,1,20,19,31,25,4,OSAKA
Madrid_2024_1st_Osaka_Minnen,79.0,17.264200000000002,21.85,913.7487405826706,1.307708779443255,234,102,172,174,346,14.226741678237811,99,116,132,134,7,18,25,31,19,2,OSAKA
RG_2024_1st_Bronzetti_Osaka,121.56666666666666,29.567833333333333,24.32,2073.956853394003,1.5688282138794083,456,175,393,368,761,9.347446292424603,245,247,292,309,4,19,23,33,19,2,OSAKA
RG_2024_R64_Swiatek_Osaka,177.91666666666666,35.20733333333333,19.79,2824.4695428431664,1.7326923076923078,574,223,443,589,1032,9.97376881753218,329,284,372,425,5,17,19,41,16,2,OSAKA
Rome_2024_R32_Kasatkina_Osaka,79.9,17.61965,22.05,1452.203561143235,1.7027075812274368,290,120,247,225,472,15.908228191830172,192,147,192,181,5,17,21,30,23,4,OSAKA
Rome_2024_1st_Osaka_Burel,84.56666666666666,18.750116666666667,22.17,1475.6878094531323,1.5973813420621932,305,126,244,269,513,9.550774710683758,174,156,186,220,7,28,24,33,7,2,OSAKA
Rome_2024_R16_Osaka_Zheng,83.71666666666667,16.54995,19.77,1384.3141466503066,1.692883895131086,272,104,246,224,470,21.212632348605915,140,156,192,193,2,18,14,20,28,19,OSAKA
Rome_2024_R64_Osaka_Kostyuk,167.78333333333333,15.9443,9.5,1222.0250258534504,1.6278787878787877,240,103,173,226,399,20.652495367334485,154,132,160,135,7,12,18,35,24,3,OSAKA
Indian_Wells_2024_1st_Osaka_Errani,69.0,16.590083333333332,24.04,1088.850005650359,1.410019267822736,283,118,215,229,444,9.277052883282504,154,119,157,164,6,37,34,19,3,0,OSAKA
Indian_Wells_2024_R64_Samsonova_Osaka,97.16666666666669,15.430133333333334,15.88,1326.8169582164048,1.5912280701754389,284,131,248,226,474,12.78666706591561,118,163,177,203,2,19,26,37,15,2,OSAKA
Indian_Wells_2024_R32_Osaka_Mertens,115.88333333333334,21.404366666666665,18.47,1629.239920556427,1.5320109439124487,379,155,281,333,614,9.809844675671975,204,163,219,224,3,15,29,36,16,1,OSAKA
Miami_2024_R32_Garcia_Osaka,132.0,16.85025,12.77,1066.9280982646949,1.463883495145631,254,155,209,191,400,7.823476589013754,143,117,151,155,3,28,27,35,7,0,OSAKA
Miami_2024_R64_Osaka_Svitolina,89.88333333333334,19.22778333333333,21.39,1624.690601624145,1.6243971631205674,356,126,287,316,603,13.553938179838037,187,159,227,257,7,23,24,35,11,1,OSAKA
Miami_2024_1st_Cocciaretto_Osaka,78.05,15.591183333333332,19.98,1076.425053623409,1.4945283018867923,265,108,180,223,403,9.050155401345132,129,134,162,155,2,20,23,39,14,1,OSAKA
Rogers_cup_2024_R64_Jabeur_Osaka,71.61666666666666,15.258683333333332,21.31,1023.1112194868848,1.5041036717062637,226,115,212,155,367,9.11086810633597,164,103,134,140,4,16,28,38,12,1,OSAKA
Rogers_cup_2024_R32_Osaka_Mertens,91.41666666666669,15.996466666666668,17.5,1221.3920941586907,1.5097196261682244,268,116,251,227,478,13.016558988195106,182,105,173,170,5,16,27,37,12,2,OSAKA
Wimbledon_2024_1st_Osaka_Parry,91.5,14.9435,16.33,1134.963524208831,1.459107142857143,292,143,254,249,503,11.329593382850057,220,93,155,162,7,30,29,28,5,1,OSAKA
Wimbledon_2024_R64_Osaka_Navarro,58.68333333333333,9.7851,16.67,828.1614888474144,1.53031914893617,193,92,167,138,305,14.01553217405349,130,78,104,139,4,22,27,32,14,1,OSAKA
Madrid_2021_2nd_Muchova_Osaka,109.45,24.345821711666662,22.24,1813.420753158039,1.696472184531886,369,154,291,343,634,10.326492406131448,204,162,251,221,7,19,29,20,22,3,OSAKA
Cincinnati_2021_3rd_Teichmann_Osaka,124.11666666666666,26.562927841666667,21.4,1777.5045498151158,1.5508413461538462,425,170,374,297,671,10.950907638218624,268,192,257,254,3,23,37,26,9,2,OSAKA
Cincinnati_2021_2nd_Gauff_Osaka,113.53333333333332,21.594811890000003,19.02,1295.7814125497307,1.476153846153846,314,170,243,311,554,11.192239967612306,194,139,171,206,3,19,31,33,12,2,OSAKA
AO_2022_1st_Osaka_Osorio,68.7,14.170736297844924,20.63,980.3923302866124,1.5338947368421054,246,111,211,207,418,12.77463464329938,172,77,120,144,8,24,43,21,4,0,OSAKA
AO_2022_3rd_Osaka_Anisimova,135.38333333333333,24.634615610026096,18.2,1802.6360833158724,1.572840909090909,430,222,388,385,773,10.860486883691284,276,201,256,288,2,19,38,31,9,0,OSAKA
AO_2022_2nd_Osaka_Brengle,65.28333333333333,15.7238797684774,24.09,1189.2780985781276,1.452014010507881,305,105,253,219,472,13.409475714626147,197,96,176,162,13,19,38,28,3,0,OSAKA
Miami_2022_F_Osaka_Swiatek,78.9,11.186580630745595,14.18,942.0878340883356,1.5183760683760683,246,107,239,160,399,9.547428082181236,143,120,141,134,9,20,36,25,9,1,OSAKA
Miami_2022_4th_Riske_Osaka,91.45,18.68766848124715,20.43,1508.596941771381,1.5705530642750374,346,143,290,232,522,10.999459046182766,191,159,203,220,3,19,31,33,12,3,OSAKA
Miami_2022_2nd_Osaka_Kerber,60.35,11.073647317948533,18.35,867.2190221409415,1.5501234567901234,215,100,156,168,324,9.628277404782924,115,72,126,100,6,23,40,24,5,1,OSAKA
Miami_2022_QF_Osaka_Collins,60.18333333333333,7.1642833800393175,11.9,509.0552466829508,1.5732510288065844,113,67,86,106,192,7.705005618508176,76,64,65,59,13,27,34,16,8,3,OSAKA
Miami_2022_SF_Bencic_Osaka,126.25,18.91975072690529,14.99,1320.823926851332,1.6027508090614886,321,177,274,278,552,12.86121126974014,242,153,152,181,7,29,40,18,5,1,OSAKA
Melbourne_2022_2nd_Osaka_Zanevska,58.35,10.38876592234141,17.8,674.6387346917242,1.3537859007832898,187,86,147,168,315,8.463534718714367,109,71,112,102,3,26,40,28,3,0,OSAKA
Melbourne_2022_1st_Osaka_Cornet,122.3,25.061266194491147,20.49,1570.6304909052935,1.4853316326530612,401,183,282,390,672,11.749279911037789,242,144,218,234,5,28,43,22,3,0,OSAKA
Melbourne_2022_QF_Osaka_Petkovic,73.81666666666666,11.002438999400509,14.91,844.661600008014,1.4451541850220264,236,110,170,209,379,8.16254085336573,133,86,127,132,3,17,42,35,3,0,OSAKA
AO_2022_1st_Swiatek_Dart,71.65,15.877557396838252,22.16,1251.8876118550188,1.5406574394463668,279,100,188,316,504,9.764582966112757,192,135,176,179,4,17,32,34,13,0,SWIATEK
AO_2022_2nd_Swiatek_Peterson,76.91666666666667,12.683850683253784,16.49,1153.098095845968,1.547416974169742,272,106,220,232,452,7.92864242111245,194,138,155,184,4,15,33,31,17,0,SWIATEK
AO_2022_3rd_Swiatek_Kasatkina,94.65,20.61969939996101,21.79,1837.6453844079624,1.709814323607427,384,133,411,283,694,11.51029201672215,275,210,228,284,6,21,33,27,10,3,SWIATEK
AO_2022_4th_Swiatek_Cirstea,147.75,25.01323167114377,16.93,2034.9008857673537,1.639064200217628,462,198,428,393,821,10.27559123166526,341,252,282,282,7,22,30,27,11,3,SWIATEK
AO_2022_QF_Swiatek_Kanepi,181.26666666666668,29.9523881406188,16.52,2391.032137579862,1.5241852487135503,570,237,457,578,1035,7.8328053951389744,353,298,332,375,5,14,27,31,22,0,SWIATEK
US_Open_2022_SF_Swiatek_Sabalenka,131.2,18.45640828892408,14.07,1864.07350290098,1.785823754789272,376,166,364,349,713,12.093316381736503,247,212,256,273,5,15,26,35,16,4,SWIATEK
US_Open_2022_2nd_Swiatek_Stephens,73.66666666666667,12.65340659530487,17.18,1069.718794271232,1.672570194384449,229,101,189,212,401,8.79701074602673,186,104,151,158,7,18,32,30,10,3,SWIATEK
US_Open_2022_QF_Swiatek_Pegula,112.91666666666669,24.394313663708243,21.6,2087.1189195811967,1.6971238938053097,451,142,447,376,823,9.774335065546204,306,241,265,358,4,13,28,37,15,2,SWIATEK
US_Open_2022_1st_Swiatek_Paolini,66.63333333333334,11.679560820391009,17.53,1033.2320747636477,1.5739754098360657,238,91,181,247,428,8.767830893286838,177,119,161,147,4,14,36,32,11,2,SWIATEK
US_Open_2022_4th_Swiatek_Niemeier,142.4,23.902282282635426,16.79,1852.9854681026816,1.7046511627906975,391,178,361,364,725,11.690570342260903,280,200,217,287,6,17,29,35,12,2,SWIATEK
US_Open_2022_F_Swiatek_Jabeur,111.13333333333334,23.09008870555079,20.78,2133.1746230362164,1.7910857142857144,429,147,410,331,741,10.043782483980593,308,231,303,350,5,15,25,36,16,3,SWIATEK
US_Open_2022_3rd_Swiatek_Davis,119.2,21.806110039865214,18.29,1733.198582577721,1.6188916876574309,394,153,305,392,697,10.999674702407953,313,166,215,267,8,16,30,33,11,3,SWIATEK
Miami_2022_F_Osaka_Swiatek,78.9,11.186580630745595,14.18,973.5537951690646,1.576068376068376,222,107,160,239,399,9.03672962933883,165,119,127,147,4,19,31,31,13,2,SWIATEK
Wimbledon_2023_1st_Swiatek_Zhu,101.78333333333332,14.650033333333331,14.39,2638.5214320869068,1.741578014184397,557,102,501,425,926,10.616306402214535,369,285,389,326,5,15,31,30,16,3,SWIATEK
Adelaide1_2022_1st_Swiatek_Saville,78.53333333333333,17.49199416309087,22.27,1264.7902921434138,1.6901734104046244,250,104,222,219,441,10.761988687420546,149,130,176,188,2,22,33,31,10,2,SWIATEK
Adelaide1_2022_2nd_Swiatek_Fernandez,73.51666666666667,14.50476673099177,19.73,1278.750111278075,1.8300766283524903,246,102,184,255,439,9.545819709633497,131,142,195,169,3,16,35,33,10,3,SWIATEK
Adelaide1_2022_QF_Swiatek_Azarenka,117.38333333333334,20.320010408816096,17.31,1622.4573197208188,1.7998550724637683,343,143,299,301,600,9.305684038446108,204,180,217,229,4,17,31,34,11,2,SWIATEK
Adelaide1_2022_SF_Swiatek_Barty,87.05,18.061772793743515,20.75,1411.7744979601132,2.000970873786408,266,115,229,201,430,16.76972675480382,193,123,172,171,8,21,31,30,9,1,SWIATEK
Montreal_2023_R16_Swiatek_Muchova,535.2666666666667,25.16325,4.7,2119.063284118986,1.7582039911308205,440,198,375,453,828,10.183773419072413,317,213,288,253,6,21,37,25,9,2,SWIATEK
Montreal_2023_QF_Swiatek_Collins,141.03333333333333,20.848066666666668,14.78,1661.5692993089426,1.7965417867435158,343,173,292,298,590,10.207174498312206,244,172,205,219,4,20,40,22,10,3,SWIATEK
US_Open_2023_1st_Swiatek_Peterson,57.766666666666666,10.776833333333334,18.66,893.317963069207,1.634036939313984,195,74,182,155,337,7.411532133075957,135,88,121,119,7,18,37,29,8,2,SWIATEK
US_Open_2023_R16_Swiatek_Ostapenko,107.15,16.040233333333333,14.97,1252.8697392955032,1.6791288566243194,280,146,262,211,473,9.301129563682396,201,141,157,174,3,22,41,25,9,1,SWIATEK
US_Open_2023_R32_Swiatek_Juvan,49.516666666666666,8.331066666666667,16.82,787.786640613686,1.657910447761194,168,66,163,140,303,8.69068280703667,144,71,103,92,10,20,40,23,5,2,SWIATEK
AO_2020_R1_Osaka_Bouzkova,82.0,9.391095117,11.45,854.6035746,1.4292639423503326,224,104,161,239,400,9.4811,153,95,111,154,7,29,39,21,3,0,OSAKA
AO_2020_R3_Osaka_Gauff,68.0,9.157564517,13.47,817.2232894,1.4419935707656613,226,96,190,183,373,10.1538,149,75,124,136,8,20,49,20,2,0,OSAKA
AO_2021_QF_Hsieh_Osaka,68.0,9.552570067,14.05,998.672924,0.8457812547169811,215,102,145,173,318,24.9235,67,116,150,131,7,23,40,21,8,1,OSAKA
AO_2021_SF_Osaka_S.Williams,76.0,7.391974533,9.73,879.787471,0.9580889804469274,183,103,97,151,248,23.6668,47,94,109,97,5,26,31,25,12,2,OSAKA
Osaka_2019_F_OSAKA_PAVLYUCHENKOVA,70.0,7.8842001,11.26,683.1859702,1.4242916404199475,191,90,140,192,332,10.8384,104,89,98,100,1,21,49,22,6,1,OSAKA
US_Open_2018_F_OSAKA_S.WILLIAMS,79.0,9.25866835,11.72,933.759299,1.449725726840855,202,104,161,200,361,13.344,93,127,133,154,2,16,37,25,18,3,OSAKA
US_Open_2020_R3_OSAKA_KOSTYUK,146.0,21.66340392,14.84,1958.7191907,1.4424868224016143,475,194,342,553,895,12.0086,286,223,265,349,5,16,35,33,10,2,OSAKA
AO_2020_R2_Osaka_Zheng,82.0,13.36179333,16.29,1189.121981,1.410074585106383,290,94,220,265,485,11.5778,199,112,174,174,9,24,34,28,6,0,OSAKA
AO_2021_4th_Muguruza_Osaka,117.0,16.53710543,14.13,1795.811713,0.8695237938596491,410,176,257,329,586,26.3764,90,215,278,268,3,22,28,30,15,2,OSAKA
Beijing_2019_QF_OSAKA_ANDREESCU,137.0,17.87909277,13.05,1729.929734,1.5469742340936374,419,171,375,374,749,10.2494,255,211,248,254,3,27,40,23,6,1,OSAKA
AO_2021_1st_Pavlyuchenkova_Osaka,70.0,8.4827315,12.12,987.764704,0.9812151827411166,195,87,119,181,300,24.095,62,96,152,136,7,18,28,33,11,1,OSAKA
AO_2021_2nd_Garcia_Osaka,63.0,6.662823667,10.58,685.635992,0.8137238929765885,152,89,97,117,214,20.4084,51,67,110,78,6,26,32,27,9,0,OSAKA
AO_2021_3rd_Jabeur_Osaka,79.0,9.2108951,11.66,1224.368562,1.1279056203904554,246,130,223,121,344,25.1936,91,114,164,141,6,29,32,24,9,1,OSAKA
AO_2021_F_Brady_Osaka,79.0,9.755194417,12.35,1315.131209,1.1737854422222225,229,115,218,134,352,26.9255,91,143,171,150,6,20,27,23,19,4,OSAKA
Brisbane_2020_QF_Bertens_Osaka,120.0,17.18497022,14.32,1546.8600425,1.4684369727272728,372,163,350,342,692,9.70551,259,177,245,253,6,33,39,17,4,0,OSAKA
Beijing_2019_F_OSAKA_BARTY,111.0,19.87231582,17.9,1933.763238,1.5372344333333334,428,160,418,388,806,12.0752,251,232,275,320,4,24,39,23,8,1,OSAKA
Beijing_2019_R1_OSAKA_PEGULA,93.0,12.69021798,13.65,1178.42122,1.4256423811129848,313,128,266,263,529,9.12138,194,162,195,205,7,28,35,23,6,1,OSAKA
Beijing_2019_R3_OSAKA_RISKE,74.0,11.3931952,15.4,1053.3136206,1.4615591232876712,264,97,229,218,447,12.1674,163,137,144,187,8,22,32,25,12,1,OSAKA
Beijing_2019_R2_PETKOVIC_OSAKA,60.0,6.4000219,10.67,544.013555,1.3320035974025974,144,75,104,168,272,8.24131,76,80,84,98,2,29,42,21,5,1,OSAKA
Beijing_2019_SF_WOZNIACKI_OSAKA,86.0,10.15217552,11.8,908.995319,1.491448164009112,238,93,240,142,382,9.50209,167,93,141,115,7,31,37,21,4,0,OSAKA
Brisbane_2020_R1_Sakkari_Osaka,130.0,14.74852708,11.35,1303.6494508,1.3785879423631124,344,158,276,346,622,11.8381,201,171,233,204,3,30,39,24,4,0,OSAKA
Brisbane_2020_R2_Kenin_Osaka,143.0,16.09719857,11.26,1566.213247,1.5676486395193592,379,191,292,371,663,9.85057,255,174,224,218,8,32,40,15,5,1,OSAKA
Cincinnati_2020_QF_Osaka_Kontaveit,114.0,16.58038562,14.54,1495.5605022,1.3662901103810774,382,169,303,354,657,11.1912,230,187,200,265,3,14,28,40,14,2,OSAKA
Brisbane_2020_SF_Osaka_K.Pliskova,171.0,18.0266404,10.54,1777.522965,1.5554360264423075,411,220,355,381,736,10.3371,331,181,242,269,5,26,39,22,8,0,OSAKA
Cincinnati_2020_R2_OSAKA_MUCHOVA,155.0,17.23359668,11.12,1612.832085,1.4051364891994915,399,181,332,375,707,9.7692,249,172,269,254,3,17,27,36,15,2,OSAKA
Cincinnati_2020_R3_OSAKA_YASTREMSKA,71.0,8.212774417,11.57,711.2808364,1.3900552382133995,199,106,178,183,361,9.5333,127,84,120,109,1,19,25,38,15,2,OSAKA
Cincinnati_2020_SF_Osaka_Mertens,123.0,18.28194913,14.86,1751.623043,1.5002633637484588,419,163,430,294,724,9.84808,222,226,241,297,3,16,31,33,14,3,OSAKA
Melbourne_2021_R2_CORNET_OSAKA,73.0,5.67963325,7.78,278.5783506000002,1.416448271311476,64,42,60,50,110,9.20679,60,21,36,41,11,33,36,16,4,1,OSAKA
Melbourne_2021_R3_BOULTER_OSAKA,108.0,5.47739395,5.07,300.24207115690047,1.324185423998668,70,60,39,100,139,10.9336,68,24,35,48,4,13,44,32,7,0,OSAKA
Osaka_2019_QF_OSAKA_PUTINTSEVA,99.0,15.30534252,15.46,1502.8345022,1.613960137829912,350,124,309,300,609,11.1232,224,151,207,232,7,21,41,21,8,2,OSAKA
Osaka_2019_R2_OSAKA_TOMOVA,91.0,12.85952102,14.13,1171.184338,1.4604789829931974,326,129,303,228,531,10.108,215,112,159,157,5,27,41,20,5,2,OSAKA
Osaka_2019_SF_OSAKA_MERTENS,61.0,6.86962095,11.26,641.552128,1.5248290030769232,162,91,142,150,292,8.91723,108,73,87,111,3,25,49,18,5,0,OSAKA
US_Open_2020_R4_OSAKA_KONTAVEIT,73.0,10.54230915,14.44,979.947955,1.5066921035940803,219,104,132,289,421,12.3906,117,120,134,184,3,20,42,24,9,2,OSAKA
US_Open_2020_SF_BRADY_OSAKA,131.0,17.05818967,13.02,1606.679524,1.5091706745341615,393,178,315,393,708,7.42272,237,215,216,301,2,24,32,28,13,1,OSAKA
US_Open_2018_QF_OSAKA_TSURENKO,59.0,8.858085583,15.01,810.79815,1.3364922623762374,187,84,103,248,351,9.6544,77,106,131,158,1,10,39,30,18,1,OSAKA
US_Open_2018_R1_OSAKA_SIEGEMUND,79.0,9.773379283,12.37,918.049903,1.3744981461187211,223,105,185,173,358,9.83304,105,112,122,138,5,15,42,26,10,1,OSAKA
US_Open_2018_R2_OSAKA_GLUSHKO,51.0,6.210045783,12.18,600.632263,1.345322175257732,147,76,110,140,250,8.23375,80,67,81,100,5,12,45,30,7,1,OSAKA
US_Open_2018_R3_OSAKA_SASNOVICH,51.0,6.714348033,13.17,707.5879639999999,1.515755110367893,146,65,133,124,257,12.3253,77,74,110,104,4,13,36,30,15,3,OSAKA
US_Open_2018_R4_OSAKA_SABALENKA,117.0,14.81729765,12.66,1550.863904,1.519462903560831,334,160,297,290,587,13.7551,177,180,204,242,2,16,40,24,16,2,OSAKA
US_Open_2018_SF_OSAKA_KEYS,85.0,13.6731582,16.09,1403.9526200000005,1.5157447200000005,321,131,355,172,527,14.5644,123,184,207,212,3,17,32,23,21,5,OSAKA
US_Open_2020_F_OSAKA_AZARENKA,114.0,18.78378912,16.48,1951.1650711,1.6552998946745563,423,166,327,443,770,9.34726,252,206,249,328,4,20,27,35,12,3,OSAKA
US_Open_2020_QF_OSAKA_ROGERS,81.0,11.60672633,14.33,1121.132022,1.5152476575875486,251,111,177,281,458,11.0999,132,155,163,192,3,21,37,25,11,2,OSAKA
US_Open_2020_R1_OSAKA_DOI,123.0,18.97293475,15.43,1701.321066,1.4232546271576525,441,167,388,347,735,10.271,226,217,242,311,3,16,38,31,12,1,OSAKA
US_Open_2020_R2_OSAKA_GIORGI,71.0,8.476197967,11.94,747.141317,1.393380262254902,198,99,178,201,379,6.64364,127,102,119,136,2,19,35,33,11,0,OSAKA
Cincinnati_2022_R32_Tiafoe_Korda,127.95,24.780150603293457,19.37,2272.2645106657983,1.8339001062699256,452,188,384,397,781,10.22453535703776,358,234,323,310,6,18,26,18,19,13,KORDA
Cincinnati_2022_R64_Khachanov_Korda,84.1,18.70864058160075,22.25,1646.8374943737151,1.8914421553090333,321,125,345,234,579,13.434933195130572,286,157,211,207,9,17,21,24,19,9,KORDA
Cincinnati_2022_R16_Korda_Isner,124.9,18.777991930052668,15.03,1681.1372196352495,1.724438202247191,351,184,396,206,602,11.457167107976508,263,200,211,227,3,18,28,20,16,15,KORDA
Madrid_2022_R32_Korda_Musetti,101.31666666666666,20.010205482406363,19.75,1800.6940302209412,1.917103235747304,334,124,285,316,601,13.97922840461301,269,167,224,230,11,14,18,16,17,25,KORDA
Madrid_2022_R64_Opelka_Korda,101.51666666666668,21.81882805612694,21.49,1697.077896905016,1.7760670731707315,309,142,254,327,581,12.3262647290092,224,128,213,228,5,12,13,9,12,49,KORDA
Miami_2022_R32_Korda_Kecmanovic,87.96666666666667,17.295667998179884,19.66,1661.144138613875,1.878700906344411,336,136,287,320,607,13.44897232457425,265,183,227,229,12,16,24,26,14,7,KORDA
Miami_2022_R64_Ramos-Vinolas_Korda,160.2,29.54995084673935,18.45,3089.7984455254145,1.855260977630489,617,207,507,590,1097,14.114658412515029,425,311,433,389,9,14,24,26,19,7,KORDA
US_Open_2024_R16_Wozniacki_Haddad-Maia,161.18333333333334,32.1523,19.95,2982.184723808924,1.7370805369127515,609,188,626,426,1052,8.723528327835902,336,282,438,450,6,17,38,27,12,2,HADDAD MAIA
US_Open_2024_QF_Haddad-Maia_Muchova,84.85,12.78565,15.07,1172.9204557997552,1.755460385438972,241,102,234,188,422,13.0078678027806,166,118,147,176,8.89,18.88,40.55,23.52,7.03,1.14,HADDAD MAIA
US_Open_2024_QF_Swiatek_Pegula,88.63333333333334,16.669866666666667,18.81,1408.3788493844231,1.6630293159609122,312,114,276,254,530,9.48220124310778,205,170,204,187,4.12,14.61,32.39,33.42,13.27,2.18,SWIATEK
US_Open_2024_SF_Sinner_Draper,183.45,32.47558333333333,17.7,3165.1996639975036,1.9816537467700257,555,227,442,613,1055,13.365128103388868,515,278,432,370,5.87,13.44,17.43,17.98,20.51,24.76,SINNER
US_Open_2024_QF_Sinner_Medvedev,159.35,35.977666666666664,22.58,3506.574302888627,1.8981923355025305,684,205,634,621,1255,12.540684573008898,509,324,506,523,6.82,11.62,22.04,25.65,20.66,13.22,SINNER
US_Open_2024_R32_Sinner_O'connell,113.13333333333334,18.07701666666667,15.98,2170.756468214766,2.1621657754010695,371,149,304,358,662,13.4414344392385,349,173,279,253,10.11,17.68,22.77,15.53,13.31,20.61,SINNER
US_Open_2024_R16_Sinner_Paul,162.3,30.75545,18.95,3112.366139686017,2.002401372212693,577,209,476,560,1036,12.14102731156304,479,266,416,389,6.81,13.67,23.0,19.42,18.49,18.6,SINNER
Seoul_2024_R16_Tomljanovic_Haddad-Maia,105.76666666666667,16.384066666666666,15.49,1253.6245324225672,1.6127376425855513,265,127,222,243,465,68.35370815246097,207,134,177,177,3.17,22.3,33.97,24.76,13.09,2.71,HADDAD MAIA
Rome_2023_R64_Gauff_Putintseva,59.13333333333333,11.597933333333334,19.61,980.002952859944,1.80622009569378,216,85,171,200,371,14.869070505726587,203,75,111,121,12.14,23.01,41.63,15.44,5.83,1.95,GAUFF
Rome_2023_R32_Gauff_Bouzkova,128.7,25.189183333333336,19.57,2159.383510128442,1.795904436860068,454,160,389,341,730,22.914053864374104,362,206,330,239,14.17,18.04,35.52,22.0,8.84,1.42,GAUFF
Washington_2023_R16_Baptiste_Gauff,77.06666666666666,14.3701,18.65,1202.7966524291335,1.7992452830188679,256,104,191,260,451,11.751650094710083,201,84,178,138,6.15,8.4,22.59,27.5,29.26,6.1,GAUFF
Washington_2023_F_Sakkari_Gauff,90.3,16.243083333333335,17.99,1396.1663970469065,1.8177814029363784,307,105,237,277,514,7.884762780741495,229,157,196,172,2.45,6.72,23.09,28.66,30.42,8.66,GAUFF
Washington_2023_QF_Bencic_Gauff,86.75,16.661133333333332,19.21,1389.8504784248028,1.9497345132743362,280,103,211,248,459,11.864178978101611,206,142,181,183,5.19,6.94,25.25,32.31,23.48,6.83,GAUFF
Washington_2023_SF_Gauff_Samsonova,101.6,17.633516666666665,17.36,1488.5596687452514,1.9372424722662442,301,138,230,272,502,13.649745865455024,230,144,203,180,3.28,7.56,16.67,18.78,36.45,17.26,GAUFF
US_Open_2023_SF_Gauff_Muchova,161.58333333333334,24.026233333333334,14.87,2173.7366513761094,1.9240328253223915,416,132,348,404,752,14.211303088877711,357,211,285,251,6.55,8.59,22.23,40.57,17.86,4.2,GAUFF
US_Open_2023_R16_Wozniacki_Gauff,120.41666666666667,29.2162,24.26,2749.559803891834,1.9230769230769231,554,157,460,529,989,11.461939285341069,432,229,391,353,8.97,10.87,27.36,38.19,12.03,2.57,GAUFF
US_Open_2023_R64_Andreeva_Gauff,76.21666666666667,17.21306666666667,22.58,4823.787063049821,1.703091265947007,1013,103,819,846,1665,12.12430050131594,812,450,644,612,12.87,14.34,27.72,34.47,10.1,0.5,GAUFF
US_Open_2023_R32_Mertens_Gauff,124.25,21.658866666666665,17.43,2282.6544884202103,1.9216042780748663,465,163,372,452,824,13.622913760205247,381,184,308,254,9.94,11.01,28.19,35.96,13.04,1.86,GAUFF
US_Open_2023_QF_Ostapenko_Gauff,67.61666666666666,11.8305,17.5,1139.5037796919812,1.9800000000000002,226,93,194,197,391,10.018783663664555,146,117,149,150,2.55,11.0,27.36,38.4,17.83,2.86,GAUFF
US_Open_2023_1st_Siegemund_Gauff,170.76666666666668,26.1819,15.33,2561.6676630926745,1.9810162991371043,516,191,342,548,890,11.93483315812456,435,221,323,325,12.8,12.81,33.55,30.35,9.24,1.26,GAUFF
US_Open_2023_F_Gauff_Sabalenka,126.48333333333333,20.890583333333332,16.52,2265.605546407366,2.0304147465437787,420,155,413,364,777,13.325667758357135,252,228,273,292,4.01,6.72,18.85,24.1,37.04,9.28,GAUFF
Madrid_2023_R64_Gauff_Burillo-Escorihuela,77.15,18.82985,24.41,1475.6962198469976,1.7022764227642277,304,107,308,202,510,17.92840303408001,237,143,232,152,8.45,9.78,23.59,33.48,15.76,8.93,GAUFF
Madrid_2023_R32_Gauff_Badosa,70.86666666666666,16.322366666666667,23.03,1281.9552718114346,1.7077490774907749,284,87,227,240,467,7.650481797995705,193,115,180,173,7.54,8.68,22.14,23.11,22.83,15.71,GAUFF
Cincinnati_2023_R32_Sherif_Gauff,79.96666666666667,17.20475,21.51,1493.4782709984402,1.8485576923076923,312,119,226,312,538,12.047226692334613,245,137,165,203,12.93,9.59,27.68,31.91,14.25,3.65,GAUFF
Cincinnati_2023_F_Gauff_Muchova,116.08333333333333,20.310966666666666,17.5,1885.987937325921,1.9332450331125826,369,137,309,353,662,11.727654940079558,274,199,233,241,6.86,10.26,25.85,33.19,18.79,5.05,GAUFF
Cincinnati_2023_R16_Noskova_Gauff,62.25,13.188466666666667,21.19,1138.506921880633,1.691875,242,94,172,246,418,8.407737978663036,190,109,144,137,8.2,13.29,29.3,34.5,11.37,3.33,GAUFF
Cincinnati_2023_QF_Paolini_Gauff,72.5,15.678283333333333,21.63,1302.0937653476271,1.8516754850088184,269,105,162,318,480,9.408396043858865,191,126,190,158,7.02,8.54,25.51,36.15,17.12,5.66,GAUFF
Cincinnati_2023_SF_Swiatek_Gauff,169.81666666666666,30.097916666666666,17.72,2768.0366634501634,1.9528622540250449,573,202,497,452,949,11.053998089972954,355,291,338,338,4.41,8.92,22.66,34.84,20.75,8.42,GAUFF
Madrid_2024_R64_Gauff_Rus,51.21666666666667,12.095533333333332,23.62,997.9137449376165,1.6358353510895884,208,69,192,145,337,7.263852907017737,161,114,134,117,4.25,13.73,19.73,22.19,27.61,12.48,GAUFF
Madrid_2024_R16_Gauff_Keys,149.91666666666666,34.740883333333336,23.17,2912.4714870377916,1.745359930615785,574,226,406,586,992,11.01184468153444,496,270,414,352,6.12,15.27,14.41,16.51,34.37,13.32,GAUFF
Madrid_2024_R32_Gauff_Yastremska,77.06666666666666,15.704216666666667,20.38,1291.1221401223859,1.710576923076923,260,104,205,235,440,9.868908841169487,206,146,182,162,4.82,15.79,14.09,22.83,33.7,8.76,GAUFF
RG_2024_R64_Gauff_Zidansek,91.06666666666666,21.644816666666667,23.77,1995.910522601803,1.7232673267326735,405,128,325,394,719,13.875133924107963,393,179,232,247,9.46,20.04,26.79,30.76,10.59,2.36,GAUFF
RG_2024_R16_Gauff_Cocciaretto,60.13333333333333,12.614550000000001,20.98,1190.6477813717347,1.760041841004184,243,84,177,208,385,11.163037104575809,208,119,162,137,8.07,20.76,23.84,33.52,12.12,1.7,GAUFF
RG_2024_R32_Gauff_Yastremska,94.55,19.467583333333334,20.59,1597.3132398900564,1.661965811965812,353,136,256,322,578,10.665193799701951,257,187,230,200,2.15,18.32,18.01,38.69,17.86,4.97,GAUFF
RG_2024_1st_Gauff_Avdeeva,52.233333333333334,11.993566666666668,22.96,914.3152200442694,1.6884931506849314,176,76,140,172,312,11.834047472533568,152,90,114,123,3.95,17.5,13.92,21.83,33.44,9.35,GAUFF
RG_2024_QF_Gauff_Jabeur,117.48333333333333,26.160016666666667,22.27,2390.325951087276,1.7651137594799566,467,185,460,288,748,11.6015806924248,409,227,305,285,11.03,23.16,26.2,28.72,9.53,1.37,GAUFF
RG_2024_SF_Swiatek_Gauff,96.75,14.342450000000001,14.82,1498.7608113246404,1.7034700315457414,335,126,245,295,540,9.708321472080105,266,142,191,180,6.68,18.91,23.76,24.31,22.74,3.59,GAUFF
Rome_2024_R64_Gauff_Frech,88.13333333333334,19.06433333333333,21.63,1783.8795973255226,1.778012048192771,338,105,281,310,591,11.080402657791408,304,156,246,226,9.42,17.95,30.77,32.02,8.0,1.84,GAUFF
Rome_2024_R16_Gauff_Badosa,147.16666666666666,30.159516666666665,20.49,2596.6804135609277,1.7692913385826772,528,190,485,391,876,37.45497405951367,439,231,296,326,6.98,12.83,21.38,27.03,25.51,6.27,GAUFF
Rome_2024_R32_Gauff_Cristian,124.05,26.82401666666667,21.62,2416.208158849386,1.7864025695931478,469,164,401,411,812,12.91594237343292,449,236,307,307,7.07,20.7,21.84,31.98,14.68,3.73,GAUFF
Rome_2024_QF_Gauff_Zheng,108.6,22.469516666666667,20.69,1972.7206742220305,1.9087551299589602,344,134,236,422,658,12.063956614308577,309,189,276,229,4.74,14.25,15.5,36.96,24.1,4.45,GAUFF
Rome_2024_SF_Swiatek_Gauff,106.78333333333333,19.93906666666667,18.67,1671.9290440093898,1.7544655929721815,358,138,333,264,597,12.63350006857189,293,165,216,204,7.44,22.38,17.87,27.68,19.87,4.76,GAUFF
Indian_Wells_2024_R16_Mertens_Gauff,66.18333333333334,13.011633333333332,19.66,1176.378519886864,1.7231884057971014,232,90,140,283,423,9.375480161865564,166,105,155,178,4.37,12.13,16.71,37.97,22.48,6.34,GAUFF
Indian_Wells_2024_QF_Yuan_Gauff,94.48333333333333,17.297716666666666,18.31,1530.3041901332717,1.6828438948995363,338,141,287,208,495,8.334489991862508,238,164,184,200,4.76,18.13,27.71,26.86,17.63,4.91,GAUFF
Indian_Wells_2024_R64_Burel_Gauff,136.48333333333332,29.47351666666667,21.59,2569.845203372676,1.6725092250922509,538,188,452,459,911,10.767262341925834,435,240,311,353,10.75,22.46,28.66,25.3,10.63,2.2,GAUFF
Indian_Wells_2024_R32_Bronzetti_Gauff,108.93333333333334,23.770483333333335,21.82,2055.609843927919,1.6638095238095236,418,151,327,380,707,12.751555927153683,286,182,263,292,6.04,13.65,24.05,34.28,16.02,5.96,GAUFF
Indian_Wells_2024_SF_Gauff_Sakkari,303.3333333333333,34.78763333333333,11.47,2756.6783093966437,1.7049657534246576,578,217,436,508,944,10.973826755945828,400,252,339,409,6.3,12.36,24.62,33.15,18.43,5.15,GAUFF
Miami_2024_R64_Gauff_Podoroska,77.26666666666667,16.301783333333333,21.1,1513.56922754756,1.7418096723868954,323,115,264,248,512,8.959034966634029,262,123,191,206,10.12,16.4,30.73,30.47,10.24,2.05,GAUFF
Miami_2024_R16_Gauff_Garcia,103.03333333333333,17.831166666666665,17.31,1646.3689553421004,1.7514245014245013,343,145,231,314,545,10.96695475933474,218,149,220,237,3.34,12.5,20.54,30.5,28.25,4.86,GAUFF
Miami_2024_R32_Gauff_Dodin,63.983333333333334,12.317200000000001,19.25,1009.7667116477692,1.7341176470588235,207,101,153,196,349,13.854924388132195,153,111,114,146,3.35,13.69,17.8,36.38,23.57,5.21,GAUFF
Rogers_cup_2024_R16_Gauff_Shnaider,70.41666666666667,15.148666666666665,21.51,1360.0882019175403,1.714889705882353,277,111,212,230,442,8.565422516357723,237,128,206,142,5.56,11.85,19.97,19.83,32.7,10.1,GAUFF
Rogers_cup_2024_R32_Gauff_Wang,88.78333333333333,17.13095,19.3,1711.3402239313655,1.7648967551622416,349,124,323,272,595,11.511058880641311,290,159,247,192,8.09,13.74,24.57,30.33,18.8,4.48,GAUFF
AO_2023_R16_Ostapenko_Gauff,92.91666666666667,17.770771029197515,19.13,1337.9701177957863,1.68890756302521,299,143,229,243,472,9.227923021544862,216,162,203,177,3.74,17.18,36.48,28.99,9.94,3.67,GAUFF
Cincinnati_2021_R32_Gauff_Osaka,113.53333333333333,21.594811890000003,19.02,1448.2582754442067,1.6907692307692308,336,170,311,243,554,7.587790055070039,263,157,222,187,4.14,18.4,26.18,31.06,16.67,3.55,GAUFF
Rome_2022_R16_Gauff_Sakkari,109.26666666666667,25.63316894602526,23.46,2129.0913336644603,1.8208899876390605,406,143,357,369,726,12.396888780642024,346,221,281,277,9.78,15.55,15.51,24.69,25.16,9.31,GAUFF
Rome_2022_R64_Gauff_Kerber,69.8,16.509988801305443,23.65,1408.2643644466223,1.7722021660649818,280,111,229,252,481,8.65846595658509,229,145,204,166,8.08,20.61,31.26,24.54,11.77,3.74,GAUFF
Rome_2022_R32_Gauff_Brengle,73.98333333333333,23.77563964765953,32.14,1699.023845769616,1.6470756062767473,367,113,302,307,609,9.280819198033159,284,163,242,210,10.13,20.37,31.07,24.4,11.94,2.1,GAUFF
AO_2022_1st_Wang_Gauff,73.08333333333333,18.381567141408972,25.15,1521.4072769115708,1.7537124802527644,322,111,252,299,551,33.86419896553383,237,176,212,181,3.84,17.28,28.02,31.65,13.94,5.26,GAUFF
US_Open_2022_QF_Gauff_Garcia,97.33333333333333,16.728133296267192,17.19,1496.770940400295,1.7903278688524589,297,139,231,266,497,12.001739255570051,243,186,222,183,6.31,16.09,21.85,29.85,19.78,6.12,GAUFF
Miami_2022_R16_Gauff_Swiatek,75.76666666666667,14.30738460532908,18.88,1287.1578256355394,1.775092936802974,278,109,279,195,474,9.73655560539044,209,139,173,163,7.86,19.93,26.53,26.32,13.66,5.7,GAUFF
Miami_2022_R32_Gauff_Zhang,108.73333333333333,22.857876901789197,21.02,2183.7072391882443,1.7715555555555556,447,156,333,456,789,12.368847855988369,303,264,281,291,4.94,12.0,25.31,33.23,18.76,5.76,GAUFF
Miami_2022_R64_Gauff_Wang,98.93333333333334,21.87345500875285,22.11,1873.5568825037158,1.7579283887468031,394,139,285,386,671,8.987292083057381,254,223,282,223,4.79,15.48,25.62,33.72,14.23,6.17,GAUFF
RG_2022_LS116_C._Gauff_R._Marino,81.06666666666666,20.567139026054534,25.37,1576.8769615166868,1.6375,341,125,318,286,604,11.491072868371344,245,231,251,221,3.76,16.97,12.96,22.13,33.86,10.33,GAUFF
Wimbledon_2023_1st_Kenin_Gauff,123.65,24.972199999999997,20.2,1985.9766407700092,1.7916473317865431,452,173,307,336,643,13.578686256695796,306,199,285,245,6.98,16.57,36.8,27.21,9.78,2.66,GAUFF
Adelaide1_2022_R16_Barty_Gauff,132.23333333333332,29.010312862478738,21.94,2633.5909307947045,1.9724724724724725,481,201,354,419,773,10.052630538948295,423,264,377,304,9.86,18.54,26.85,27.52,11.59,5.63,GAUFF
Adelaide1_2022_R32_Gauff_Eikeri,62.7,14.551444556390152,23.21,1254.9901646634298,1.8658385093167702,244,86,237,196,433,55.33825851668825,203,105,190,130,9.5,24.51,38.05,20.64,6.66,0.64,GAUFF
Wimbledon_2022_R32_Gauff_Anisimova,127.05,21.29035257720505,16.76,2355.2773407760237,1.8850436681222709,454,188,322,514,836,10.55962649713145,288,285,347,311,5.55,12.36,18.5,28.85,24.11,10.62,GAUFF
Wimbledon_2022_R64_Gauff_Buzarnescu,80.65,13.781444664682898,17.09,1320.613996482311,1.7426287744227353,272,112,134,346,480,7.464205264763611,198,140,212,166,5.48,9.8,16.09,38.93,22.86,6.84,GAUFF
Wimbledon_2022_1st_Gauff_Ruse,148.93333333333334,18.4367362707592,12.38,1964.5725387297123,1.7227383863080685,398,192,296,431,727,9.662571432137783,233,266,272,265,3.46,11.24,19.24,34.78,23.28,8.01,GAUFF
Rogers_cup_2022_QF_Gauff_Halep,107.46666666666667,22.448687771378275,20.89,1907.321754090235,1.6839460784313725,407,158,361,373,734,8.735294560726198,332,213,236,237,7.05,16.31,32.27,25.42,12.95,5.99,GAUFF
Rogers_cup_2022_R32_Rybakina_Gauff,169.21666666666667,33.42490454598506,19.75,2618.0436111466784,1.685032139577594,535,227,469,521,990,15.727778954812116,402,333,390,328,4.24,14.39,16.01,20.57,32.15,12.63,GAUFF
Rogers_cup_2022_R64_Brengle_Gauff,62.483333333333334,14.866567807971343,23.79,1254.5684671173196,1.6123411978221416,281,101,181,271,452,10.913493803751095,217,115,191,170,9.17,23.35,39.42,20.49,6.93,0.63,GAUFF
San_Jose_2022_QF_Gauff_Badosa,85.71666666666667,16.498169232350744,19.25,1260.2806768296443,1.6622889305816135,269,118,188,269,457,11.27497892863198,182,142,167,158,6.88,13.47,21.22,27.57,20.24,10.62,GAUFF
San_Jose_2022_R32_Gauff_Kalinina,53.93333333333333,10.979118345667775,20.36,915.9232362839344,1.8657817109144543,176,80,125,173,298,10.948408838527099,159,78,137,105,11.72,15.84,22.8,27.4,15.57,6.66,GAUFF
Auckland_2023_F_Gauff_Masarova,192.85,17.204977323673454,8.92,1477.5200308188507,1.7483766233766234,311,112,301,250,551,11.606354015687792,262,154,226,183,10.09,18.75,20.93,36.57,11.14,2.52,GAUFF
Auckland_2023_R32_Gauff_Maria,161.16666666666666,21.458968064949826,13.31,1737.8310579322663,1.763934426229508,331,122,246,339,585,11.553960691738974,338,115,223,241,17.03,19.56,38.09,17.92,5.82,1.58,GAUFF
Auckland_2023_SF_Gauff_Kovinic,72.8,16.64846396205986,22.87,1317.616875213011,1.7766544117647058,253,102,159,333,492,10.197725515907438,210,143,215,158,14.02,13.63,27.48,34.15,9.18,1.55,GAUFF
Adelaide2_2022_R16_Kostyuk_Gauff,114.3,24.99666818809901,21.87,2074.615297386891,1.8025611175785798,419,187,372,365,737,14.089361310771658,358,228,303,268,9.4,21.24,29.84,26.18,12.18,1.16,GAUFF
Adelaide2_2022_QF_Konjuh_Gauff,81.31666666666666,16.07401088633723,19.77,1374.6235492701783,1.8127177700348431,280,132,241,270,511,21.86010942031443,224,150,222,177,6.53,17.82,27.47,32.74,13.61,1.83,GAUFF
Adelaide2_2022_R32_Siniakova_Gauff,62.46666666666667,14.202181883475927,22.74,1047.3684509597986,1.7428893905191873,226,91,214,151,365,9.255428047261113,183,129,148,128,6.41,19.79,28.05,29.2,12.62,3.93,GAUFF
Adelaide2_2022_SF_Gauff_Keys,128.05,28.449849955207263,22.22,2428.4766358264606,1.995418994413408,456,205,468,330,798,17.018304353551546,345,283,364,271,3.78,22.17,25.99,23.29,14.62,10.15,GAUFF
Madrid_2022_R16_Gauff_Halep,77.46666666666667,17.703189528008348,22.85,1437.342574872528,1.7056140350877194,300,114,291,226,517,8.514592465094768,231,148,219,184,7.54,19.2,20.32,27.33,17.31,8.3,GAUFF
Madrid_2022_R32_Gauff_Putintseva,140.73333333333332,37.68034066513746,26.77,3534.1349870509703,1.9138933764135704,614,195,451,662,1113,12.851090374551838,502,337,495,437,11.28,15.01,20.19,30.71,16.34,6.47,GAUFF
Madrid_2022_R64_Gauff_Schmiedlova,60.5,15.34903622324819,25.37,1221.4293938311032,1.7178111587982832,240,90,246,167,413,7.958244585366076,210,150,177,132,9.47,17.37,19.55,27.12,17.95,8.55,GAUFF
Indian_Wells_2023_QF_Gauff_Sabalenka,64.75,10.821837274038696,16.71,856.3052098802049,1.7306629834254144,195,91,202,135,337,8.62540006587541,163,85,131,87,5.5,18.84,22.72,29.25,18.46,5.22,GAUFF
Doha_2022_R16_Badosa_Gauff,77.38333333333334,17.956502563459164,23.2,1486.0847300422047,1.744006568144499,295,113,183,367,550,8.824911430357352,237,156,207,208,8.73,10.44,15.69,34.61,24.4,6.13,GAUFF
Doha_2022_QF_Gauff_Sakkari,85.03333333333333,18.47399014736588,21.73,1539.6095174848774,1.8084799999999999,321,130,317,247,564,13.359751228738839,272,149,215,214,9.05,18.63,17.33,27.79,22.8,4.41,GAUFF
Indian_Wells_2022_R32_Halep_Gauff,76.0,15.64255461938502,20.58,1389.2088264846554,1.7802101576182137,289,120,220,284,504,10.706515483450195,250,111,184,167,11.17,20.74,34.07,22.94,7.45,3.64,GAUFF
Wimbledon_2021_R32_Juvan_Gauff,65.65,10.372861231666667,15.8,1129.8460723437227,1.8417410714285716,224,108,193,219,412,12.07537054997004,199,86,173,123,12.29,19.1,30.28,29.76,6.81,1.76,GAUFF
Wimbledon_2021_1st_Jones_Gauff,96.76666666666667,9.300667443333333,9.61,1201.2831020093008,1.8397540983606557,239,129,144,295,439,9.36083231474512,196,102,193,154,6.09,12.04,24.24,41.42,14.21,2.0,GAUFF
Wimbledon_2021_R16_Gauff_Kerber,76.28333333333333,9.262570635,12.14,1202.4820972492769,1.7639376218323586,267,120,213,234,447,13.119767826998576,209,107,194,136,6.15,18.0,38.29,27.61,7.1,2.85,GAUFF
Wimbledon_2021_R64_Vesnina_Gauff,71.75,7.764672686666667,10.82,759.9573629629839,1.6721590909090909,180,109,146,138,284,12.24938260926377,133,64,136,90,3.28,16.71,24.6,33.95,18.01,3.45,GAUFF
Berlin_2024_SF_Gauff_Pegula,1095.4,21.856333333333335,2.0,1918.3737559514543,1.778497409326425,395,151,307,354,661,11.324401388534287,347,171,255,231,6.48,16.1,22.3,32.88,17.22,5.02,GAUFF
AO_2024_R64_Dolehide_Gauff,103.95,22.26105,21.42,1614.639510529018,1.4718434343434343,405,143,352,304,656,9.493265317854872,276,155,230,284,8.31,15.62,18.27,21.73,28.77,7.3,GAUFF
AO_2024_R32_Parks_Gauff,61.3,9.271966666666666,15.13,809.8693113718471,1.5539440203562342,183,85,136,203,339,9.904765537378788,123,62,112,141,2.23,13.35,11.44,19.9,44.09,9.0,GAUFF
AO_2024_SF_Gauff_Sabalenka,102.41666666666667,17.710166666666666,17.29,1300.3680397743972,1.509922480620155,333,150,278,249,527,11.473234344334536,220,136,181,207,4.88,19.54,26.47,30.36,16.33,2.42,GAUFF
AO_2024_R16_Frech_Gauff,63.53333333333333,12.8368,20.2,1038.6893897699267,1.5098969072164947,242,86,127,272,399,12.83227863983244,195,100,148,163,10.07,16.79,24.91,33.12,11.53,3.58,GAUFF
AO_2024_QF_Kostyuk_Gauff,188.41666666666666,35.62361666666666,18.91,2535.4135974816036,1.4472921434019832,643,246,487,556,1043,10.229967289753606,500,269,362,436,5.59,15.19,22.06,34.02,20.49,2.65,GAUFF
Seoul_2024_QF_Kudermetova_Haddad-Maia,78.3,12.3324,15.75,962.2543917517568,1.6715686274509804,185,93,161,211,372,10.652703858544465,122,120,139,137,1.94,22.83,39.13,24.0,10.96,1.13,HADDAD MAIA
Seoul_2024_SF_Haddad-Maia_Kudermetova,106.86666666666666,19.203416666666666,17.97,1572.6821161117273,1.7134674922600621,322,120,287,286,573,9.251048035675195,261,148,229,223,6.72,22.11,34.36,24.39,9.43,2.98,HADDAD MAIA
Seoul_2024_F_Kasatkina_Haddad-Maia,110.11666666666666,24.08563333333333,21.87,1957.4914277687421,1.764179104477612,378,137,392,282,674,17.449322411007635,283,173,259,287,9.91,32.14,35.82,16.48,4.21,1.43,HADDAD MAIA
Rome_2024_Q_Nakashima_Fatic,56.05,13.30645,23.74,1142.866990247608,1.862962962962963,217,81,207,173,380,9.417982229622536,167,99,169,136,9.1,17.82,24.17,21.08,22.58,5.26,NAKASHIMA
Rome_2024_1st_Kecmanovic_Nakashima,191.56666666666666,23.735266666666668,12.39,1968.5902880965862,1.8319205298013244,374,120,323,349,672,9.449577240256302,242,170,292,265,8.33,14.94,22.0,22.46,25.13,7.13,NAKASHIMA
Rome_2024_Q_Nakashima_de-Jong,149.28333333333333,33.4737,22.42,2920.8010677562766,1.793649373881932,558,183,457,492,949,11.075222055615852,384,265,435,356,6.56,15.58,22.36,22.81,21.72,10.97,NAKASHIMA
AO_2024_Q_Mensik_Nakashima,86.15,19.213666666666665,22.3,1158.601590091933,1.374714518760196,304,119,278,230,508,10.136076189454924,204,142,196,174,6.0,14.57,24.57,25.62,24.13,5.12,NAKASHIMA
Queens_2024_R16_Nakashima_Musetti,147.31666666666666,30.36095,20.61,3212.887359969994,1.973924495171203,566,198,428,557,985,16.309747725391304,396,280,415,402,11.73,13.36,22.48,24.34,21.31,6.78,NAKASHIMA
Queens_2024_R32_Evans_Nakashima,88.03333333333333,17.0359,19.35,1567.4945656486059,1.8546218487394959,296,114,252,265,517,8.271063917252524,187,158,228,198,9.24,15.62,26.98,24.34,20.09,3.74,NAKASHIMA
RG_2024_R64_Hurkacz_Nakashima,367.6,46.48813333333333,12.65,3869.65504472817,1.8669612508497622,743,263,758,524,1282,11.58511072606417,498,355,507,500,8.74,17.93,26.14,20.97,18.91,7.3,NAKASHIMA
Miami_2024_Q_Nakashima_Mmoh,176.7,29.329933333333333,16.6,2722.293746655995,1.730399274047187,542,184,363,630,993,12.060145158040006,351,238,424,373,7.33,12.07,20.01,22.42,24.79,13.39,NAKASHIMA
Miami_2024_1st_Tabilo_Nakashima,132.85,22.31208333333333,16.79,2313.554411904966,1.8412541254125414,452,180,416,382,798,11.21479241169515,296,226,362,317,10.18,14.88,18.72,17.42,28.71,10.1,NAKASHIMA
Stuttgart_2024_R16_Gasquet_Nakashima,71.5,14.945216666666665,20.9,1269.4620173464832,1.6871698113207547,259,111,204,236,440,9.571750855132418,147,107,195,174,7.0,13.22,21.72,22.14,22.43,13.49,NAKASHIMA
Stuttgart_2024_R32_Eubanks_Nakashima,80.58333333333333,15.790316666666666,19.6,1368.5846191791898,1.8608445297504799,252,123,233,224,457,11.39467225814391,185,115,222,161,6.64,14.05,19.9,20.15,27.45,11.81,NAKASHIMA
Stuttgart_2024_SF_Nakashima_Draper,71.71666666666667,11.666599999999999,16.27,1183.8242806475303,1.8409381663113007,239,114,282,144,426,12.051739553417054,197,116,153,137,10.38,18.21,26.67,20.2,16.3,8.25,NAKASHIMA
Madrid_2024_Q_Nakashima_Ugo-Carabelli,133.3,30.62091666666667,22.97,2349.4191035463996,1.793103448275862,435,154,316,490,806,28.79139033231895,313,204,332,295,8.78,16.82,19.61,13.88,21.64,19.26,NAKASHIMA
Madrid_2024_Q_Nakashima_Bennani,146.01666666666668,35.791216666666664,24.51,3277.99915062451,1.777115987460815,637,185,425,679,1104,10.352171099605426,384,293,461,426,6.44,12.38,17.16,18.49,29.42,16.1,NAKASHIMA
Madrid_2024_1st_Nakashima_Bagnis,112.25,25.212483333333335,22.46,1888.3091693795286,1.6830573248407643,391,143,381,314,695,8.125032824207718,266,190,306,226,5.69,16.25,23.61,20.32,23.97,10.15,NAKASHIMA
Indian_Wells_2024_R64_Nakashima_Lehecka,134.58333333333334,26.731083333333334,19.86,2575.6309098028983,1.8109720885466793,522,180,472,411,883,15.068850784402056,319,303,385,358,4.16,15.9,22.21,23.46,25.07,9.2,NAKASHIMA
Indian_Wells_2024_1st_Eubanks_Nakashima,81.1,13.863233333333334,17.09,1232.0835000310972,1.855,236,124,202,214,416,9.262491499414958,183,130,201,142,6.14,20.61,26.74,18.04,18.9,9.57,NAKASHIMA
Rogers_cup_2024_R64_Shapovalov_Nakashima,97.66666666666667,15.994366666666668,16.38,1560.3151006576963,1.8213703099510603,302,143,295,215,510,15.055405149074812,249,157,208,185,6.78,18.83,23.56,18.28,22.32,10.23,NAKASHIMA
Rogers_cup_2024_R16_Nakashima_Rublev,62.81666666666667,10.7934,17.18,1063.6416814973873,1.7092105263157895,234,95,232,154,386,8.903520659481531,164,120,157,143,2.96,18.98,27.91,22.53,21.85,5.77,NAKASHIMA
Rogers_cup_2024_Q_Nakashima_Harris,161.15,18.597216666666668,11.54,1854.8378761928413,1.8461964038727523,355,139,282,361,643,8.768558852386638,260,184,241,253,3.92,12.42,20.18,19.06,27.13,17.29,NAKASHIMA
Rogers_cup_2024_R32_Paul_Nakashima,133.03333333333333,28.591150000000003,21.49,2850.8810431200327,1.9043851286939943,506,186,405,499,904,11.24843659486757,405,243,396,345,7.43,16.59,23.5,21.57,23.9,7.01,NAKASHIMA
Rogers_cup_2024_Q_Nakashima_Arseneault,69.0,13.410366666666667,19.44,1246.671666019341,1.692292490118577,249,99,176,269,445,10.279768288844808,203,98,182,149,11.16,15.89,21.65,22.14,22.9,6.25,NAKASHIMA
Washington_2024_R16_Nakashima_Shelton,105.66666666666667,16.867933333333333,15.96,1696.881303066779,1.8043154761904763,327,160,274,316,590,13.20495682794244,290,156,223,198,10.06,14.42,23.77,19.81,22.97,8.97,NAKASHIMA
Washington_2024_R32_Nakashima_O'Connell,43.5,7.862633333333333,18.08,742.5071656555323,1.9494505494505496,133,61,93,149,242,10.3732179494118,116,69,112,99,8.84,19.18,23.22,19.41,21.69,7.66,NAKASHIMA
Cincinnati_2024_R16_Nakashima_Rublev,80.83333333333333,14.813183333333335,18.33,1180.2833983536798,1.6220338983050846,265,115,211,251,462,6.400258608694076,185,136,174,158,2.17,17.83,26.4,21.18,25.22,7.21,NAKASHIMA
Cincinnati_2024_R64_Fritz_Nakashima,137.11666666666667,25.165266666666664,18.35,2242.5200631876405,1.8262626262626263,445,189,413,362,775,8.294231417398944,337,207,294,300,7.02,14.75,21.63,14.54,24.33,17.73,NAKASHIMA
Cincinnati_2024_R32_Nakashima_Fils,109.56666666666666,18.326966666666667,16.73,1730.6679242256635,1.8140804597701148,346,165,355,258,613,11.366934143541696,248,199,231,231,4.44,16.67,24.22,18.96,21.25,14.46,NAKASHIMA
Hangzhou_2024_R16_Nakashima_Wong,160.01666666666668,24.754883333333332,15.47,2308.4129035717997,1.841902604756512,443,194,424,379,803,11.75460117647944,359,256,290,315,10.42,17.65,23.77,16.5,18.33,13.33,NAKASHIMA
Hangzhou_2024_SF_Cilic_Nakashima,104.58333333333333,17.93701666666667,17.15,1572.5424760644335,1.7875776397515528,312,139,286,227,513,13.274225748105264,209,207,209,237,3.0,16.59,22.49,16.83,26.95,14.13,NAKASHIMA
Hangzhou_2024_QF_Nakashima_Hijikata,89.05,18.773216666666666,21.08,1882.286440590247,1.9205128205128206,345,113,296,357,653,10.631882520457824,285,175,233,265,10.09,15.94,23.97,23.96,18.35,7.69,NAKASHIMA
Beijing_2024_R64_Wei_Haddad-Maia,115.7,17.249933333333335,14.91,1572.6757601076313,1.6642960812772134,341,145,306,240,546,13.547270193130938,246,148,222,225,5.33,18.12,40.33,28.1,7.16,0.95,HADDAD MAIA
Beijing_2024_R32_Keys_Haddad-Maia,85.9,17.702099999999998,20.61,1386.023433464928,1.6444633730834752,299,113,337,188,525,7.784891673518861,222,135,211,203,6.93,16.64,33.83,31.51,9.57,1.52,HADDAD MAIA
Beijing_2024_R16_Sinner_Safiullin,141.31666666666666,27.183283333333335,19.24,2494.599898932955,1.9791479820627804,437,170,364,449,813,12.602194435523302,432,176,351,281,11.07,12.6,16.81,13.93,10.62,34.97,SINNER
Beijing_2024_F_Sinner_Alcaraz,200.98333333333332,32.688116666666666,16.26,3364.372076093507,2.0340510366826154,624,252,614,510,1124,13.645884966496888,570,320,430,419,8.77,19.06,24.59,13.59,12.66,21.33,SINNER
Beijing_2024_R32_Sinner_Jarry,114.88333333333334,14.328066666666667,12.47,1462.5552495796744,1.93800350262697,267,138,249,270,519,13.095474677409856,257,157,195,180,5.57,16.96,19.04,9.48,11.33,37.63,SINNER
Beijing_2024_SF_Sinner_Bu,124.98333333333333,24.302583333333335,19.44,2425.1412299672047,1.9025879917184265,480,156,386,487,873,11.957691705661976,331,235,360,342,4.61,12.83,21.24,21.98,17.04,22.3,SINNER
Beijing_2024_QF_Sinner_Lehecka,104.08333333333333,16.289666666666665,15.65,1640.3775901778035,1.8790732436472346,327,134,273,308,581,12.4770797172091,266,165,224,210,5.37,15.63,21.83,16.13,17.56,23.48,SINNER
Shanghai_2024_R16_Sinner_Shelton,88.1,17.511883333333333,19.88,1569.9847380955632,2.0972972972972976,258,124,273,215,488,15.017522157633012,278,113,180,175,11.02,16.6,15.8,10.32,12.78,33.48,SINNER
Shanghai_2024_F_Sinner_Djokovic,96.96666666666667,17.40145,17.95,1706.5763755482062,1.9942457231726283,330,125,343,247,590,12.127730444692098,267,165,231,223,4.6,15.15,20.33,18.8,18.97,22.16,SINNER
Shanghai_2024_R32_Sinner_Etcheverry,158.83333333333334,29.881449999999997,18.81,2905.7189311704956,2.0819374369323915,486,184,449,475,924,23.78684201505388,439,212,373,353,9.19,13.35,17.04,15.52,12.08,32.82,SINNER
Shanghai_2024_SF_Sinner_Machac,103.03333333333333,18.3221,17.78,1783.164497222458,2.070232558139535,321,136,298,301,599,10.981657236772971,238,191,243,217,5.41,13.89,20.03,11.92,14.72,34.02,SINNER
Shanghai_2024_QF_Sinner_Medvedev,84.16666666666667,20.02396666666667,23.79,2082.537305584669,2.1366336633663363,348,108,299,358,657,14.146112620923216,269,171,263,285,8.21,12.68,21.96,27.37,15.3,14.49,SINNER
Shanghai_2024_R64_Sinner_Daniel,77.4,14.76055,19.07,1440.442991500628,2.1146,250,112,162,268,430,11.147473581078009,249,110,187,187,10.06,14.09,20.27,15.67,14.28,25.63,SINNER
Beijing_2024_R16_Osaka_Gauff,87.35,22.966716666666667,26.29,1965.9464448747553,1.8123655913978496,369,130,260,388,648,12.639696931136749,339,195,251,253,4.7,12.9,14.88,29.75,31.04,6.74,GAUFF
Beijing_2024_F_Muchova_Gauff,76.38333333333334,15.54425,20.35,1529.716844119215,1.9318339100346018,282,99,212,294,506,12.558130679969755,260,129,196,196,9.13,14.13,15.75,28.2,27.53,5.27,GAUFF
Beijing_2024_QF_Starodubtseva_Gauff,111.46666666666667,20.974533333333333,18.82,1892.1234146835695,1.758707124010554,378,154,324,365,689,14.209782442999844,354,187,247,244,7.55,18.51,20.94,30.4,18.88,3.72,GAUFF
Beijing_2024_SF_Gauff_Badosa,140.06666666666666,30.258233333333333,21.6,2672.5073334229965,1.7576376554174067,563,210,430,557,987,11.323272276089169,538,247,354,359,6.02,15.47,16.04,29.47,29.26,3.75,GAUFF
Madrid_2024_R32_Pavlyuchenkova_Kasatkina,112.58333333333333,25.695983333333334,22.82,1662.8430734199287,1.568688293370945,374,145,229,321,550,10.918601724019537,240,103,240,190,10.73,18.48,25.43,22.86,18.81,3.69,PAVLYUCHENKOVA
Madrid_2024_R64_Pavlyuchenkova_Saville,86.76666666666667,20.463416666666667,23.58,1621.9412233916544,1.8290050590219222,298,122,216,293,509,12.126922435459209,235,90,219,202,13.95,15.16,22.48,23.74,21.25,3.43,PAVLYUCHENKOVA
Cincinnati_2024_R16_Zheng_Pavlyuchenkova,77.26666666666667,11.722933333333334,15.17,775.1427403691918,1.4614325068870524,181,106,165,150,315,9.52166650003923,109,84,94,126,7.06,23.64,35.47,26.67,6.09,1.08,PAVLYUCHENKOVA
Cincinnati_2024_QF_Pavlyuchenkova_Badosa,66.01666666666667,10.813799999999999,16.38,791.6802125495774,1.4268041237113402,193,97,129,187,316,7.649879239216738,130,61,111,104,6.06,21.36,32.82,29.51,7.17,3.08,PAVLYUCHENKOVA
Cincinnati_2024_R32_Wozniacki_Pavlyuchenkova,1170.0166666666667,16.481883333333332,1.41,1236.8265357409548,1.5998175182481753,285,132,187,263,450,9.297877761842416,176,105,155,191,5.1,24.76,40.78,25.29,3.63,0.45,PAVLYUCHENKOVA
Cincinnati_2024_R64_Pavlyuchenkova_Haddad-Maia,174.13333333333333,22.948033333333335,13.18,1821.153323714373,1.5148741418764302,445,230,308,382,690,12.987927868566452,304,159,254,232,5.82,21.35,34.98,30.73,5.75,1.37,PAVLYUCHENKOVA
Rogers_cup_2024_R64_Azarenka_Pavlyuchenkova,76.08333333333333,9.818216666666666,12.9,747.4025400684363,1.4780487804878049,196,101,155,125,280,8.165509052420983,105,59,106,107,7.03,29.38,42.83,17.69,2.62,0.44,PAVLYUCHENKOVA
Indian_Wells_2024_R32_Haddad-Maia_Pavlyuchenkova,158.0,23.926933333333334,15.14,1987.0506311930621,1.562582056892779,468,195,373,388,761,8.701657696851875,329,133,289,274,8.13,21.33,38.32,26.3,4.38,1.54,PAVLYUCHENKOVA
Indian_Wells_2024_R16_Pavlyuchenkova_Kostyuk,78.18333333333334,15.377,19.67,1003.0240196766467,1.5171306209850106,234,108,165,170,335,8.638949756530465,162,83,150,111,13.56,19.4,42.27,19.51,4.26,1.01,PAVLYUCHENKOVA
Indian_Wells_2024_R64_Parrizas-Diaz_Pavlyuchenkova,64.55,12.548483333333333,19.44,903.0309996810672,1.5557177615571776,201,94,145,192,337,9.35050684186982,136,86,135,139,9.02,28.59,42.1,17.59,1.98,0.72,PAVLYUCHENKOVA
Miami_2024_R32_Pavlyuchenkova_Alexandrova,124.96666666666667,18.549333333333333,14.84,1323.7304214489684,1.5188854489164088,307,166,205,270,475,7.479581465818824,159,110,214,197,2.92,17.83,31.78,39.9,6.34,1.23,PAVLYUCHENKOVA
Miami_2024_R64_Pavlyuchenkova_Rogers,74.7,11.6267,15.56,981.3745929904079,1.5718468468468467,223,107,173,200,373,8.713947592611397,156,72,132,143,10.3,30.86,40.41,16.1,2.32,0.0,PAVLYUCHENKOVA
US_Open_2024_R32_Swiatek_Pavlyuchenkova,92.0,12.243183333333333,13.31,1112.2779776243794,1.686938775510204,258,109,256,177,433,7.963453553018142,197,91,158,146,8.61,21.27,34.3,29.2,6.01,0.62,PAVLYUCHENKOVA
Rome_2024_R64_Pavlyuchenkova_Sorribes-Tormo,141.56666666666666,30.02545,21.21,2373.2844337850424,1.6873051224944322,475,172,351,430,781,45.35174637432035,461,129,326,274,15.13,22.86,28.45,18.99,11.73,2.84,PAVLYUCHENKOVA
San_Diego_2024_R16_Pavlyuchenkova_Wang,136.51666666666668,20.167716666666667,14.77,1510.2744262216297,1.5368,361,193,240,367,607,9.29630901648015,227,152,203,200,4.9,28.45,39.4,23.62,2.56,1.08,PAVLYUCHENKOVA
San_Diego_2024_QF_Pavlyuchenkova_Kostyuk,196.86666666666667,24.431183333333333,12.41,1912.665699037133,1.5587628865979382,433,194,341,312,653,8.422899843974939,311,150,257,230,15.53,28.5,39.72,14.85,0.98,0.42,PAVLYUCHENKOVA
Rome_2024_Q_Bergs_Shang,130.18333333333334,25.8079,19.82,2432.773611427304,2.098666666666667,413,144,325,390,715,16.584680093356162,355,159,321,291,9.01,10.49,13.67,15.62,24.45,26.75,BERGS
Rome_2024_Q_Bergs_Kypson,126.1,22.57016666666667,17.9,2116.189743989684,1.9993270524899058,380,158,356,334,690,14.95246278942036,337,179,248,303,7.27,14.99,20.22,15.36,17.87,24.29,BERGS
Rome_2024_1st_Bergs_Nadal,173.35,25.966583333333332,14.98,2768.744592005537,2.087646432374867,471,169,393,449,842,16.214656754734186,391,243,351,344,7.3,13.33,17.64,22.04,17.29,22.4,BERGS
AO_2024_1st_Bergs_Tsitsipas,178.86666666666667,28.687,16.04,2001.0005705405786,1.8403314917127072,465,208,472,324,796,12.472220079035422,469,170,271,321,11.46,19.04,26.67,18.6,13.38,10.86,BERGS
AO_2024_Q_Sweeny_Bergs,128.81666666666666,21.14111666666667,16.41,1530.6738966487928,1.6257575757575757,365,164,317,234,551,16.144646423964286,325,119,223,234,11.37,17.44,27.47,20.79,14.78,8.15,BERGS
Hertogenbosch_2024_R16_de-Minaur_Bergs,100.16666666666667,21.24458333333333,21.21,2103.285786676092,1.960834454912517,382,130,381,289,670,24.58104840763432,322,192,271,281,13.59,12.24,22.05,21.74,19.61,10.77,BERGS
Hertogenbosch_2024_Q_Bergs_Schoolkate,67.3,10.512816666666668,15.62,911.8501482996567,1.9991304347826089,168,100,160,161,321,9.758267462739372,202,60,96,123,15.24,19.46,27.64,14.73,11.5,11.42,BERGS
Hertogenbosch_2024_R32_van-Rijthoven_Bergs,136.48333333333332,12.317516666666668,9.02,1151.0525893778092,1.8391705069124424,209,105,195,170,365,8.762167443496047,189,120,141,169,5.49,15.64,25.06,20.69,18.48,14.65,BERGS
Hertogenbosch_2024_Q_Bergs_Jasika,90.7,19.28806666666667,21.27,1886.9514410853444,1.9998531571218798,347,129,250,382,632,13.356686348646011,311,139,251,254,9.35,9.46,18.74,27.23,22.62,12.6,BERGS
Queens_2024_Q_Mpetshi-Perricard_Bergs,127.36666666666666,20.5546,16.14,1999.3804262232895,2.0642756680731367,348,198,338,322,660,13.329812431643306,427,114,227,244,16.49,17.09,20.71,12.33,18.54,14.83,BERGS
Miami_2024_Q_Kovacevic_Bergs,92.18333333333334,14.20775,15.41,1441.927289174961,1.932972972972973,277,128,226,225,451,10.010294420694688,249,120,187,200,9.22,17.54,20.79,19.22,20.05,13.19,BERGS
Miami_2024_Q_Meligeni-Alves_Bergs,96.6,15.138483333333333,15.67,1575.629024116201,1.9098333333333335,303,134,225,313,538,9.623119249895591,265,160,227,200,10.33,16.49,19.94,21.56,17.74,13.95,BERGS
Madrid_2024_1st_Van-Assche_Bergs,172.88333333333333,36.370850000000004,21.04,3390.170790712016,1.9276442307692305,616,203,507,582,1089,10.098383245953109,472,266,470,475,8.04,11.14,15.26,20.5,25.06,20.0,BERGS
Rotterdam_2024_R32_Bergs_Rublev,81.98333333333333,14.439699999999998,17.61,1464.190246771688,2.016304347826087,276,128,231,276,507,10.164326581323872,243,164,188,201,5.71,13.17,22.34,17.36,22.05,19.36,BERGS
Rotterdam_2024_Q_Bergs_Zeppieri,96.65,17.5973,18.21,1844.8778844184867,1.9818311874105865,342,141,263,343,606,11.22931101434389,303,184,254,244,11.26,14.58,20.79,19.27,22.77,11.32,BERGS
Rotterdam_2024_Q_Rodionov_Bergs,109.6,26.873033333333336,24.52,2274.9082713700736,2.0035,403,149,354,362,716,12.3216778846612,354,178,293,320,13.2,14.09,22.05,18.9,19.45,12.31,BERGS
Cincinnati_2024_Q_Michelsen_Bergs,128.48333333333332,22.504733333333334,17.52,2353.240216513209,1.9210233592880979,459,176,396,429,825,9.283551291377274,377,223,316,338,7.78,12.46,21.79,20.65,19.42,17.9,BERGS
Winston-Salem_2024_R64_Bergs_Opelka,139.15,19.861966666666667,14.27,2135.941607997438,2.0449868073878625,369,188,370,329,699,9.660166907372442,363,206,246,291,10.06,17.34,22.79,18.23,14.41,17.17,BERGS
Winston_Salem_2024_R16_Bergs_Michelsen,76.71666666666667,15.682416666666667,20.44,1621.628961755596,1.9396799999999998,325,102,234,329,563,12.77754427293522,255,149,224,228,6.96,12.06,19.64,25.85,20.07,15.42,BERGS
Winston_Salem_2024_R32_Etcheverry_Bergs,158.65,26.994449999999997,17.02,2901.6165393446613,1.9557345971563982,527,180,468,513,981,10.570663356141708,436,251,399,359,11.25,12.75,20.86,23.41,17.91,13.82,BERGS
Antwerp_2024_R16_Bergs_Baez,93.51666666666667,19.6311,20.99,2042.6425299261975,1.9838624338624338,377,135,281,405,686,8.90481056189054,337,188,270,277,10.1,12.91,18.76,26.21,22.3,9.73,BERGS
Antwerp_2024_QF_Giron_Bergs,74.31666666666666,14.853483333333335,19.99,1487.8935883168363,2.095593869731801,277,108,296,182,478,12.636551991945042,271,130,150,218,12.33,19.56,23.45,18.79,15.65,10.21,BERGS
Antwerp_2024_R32_Diaz-Acosta_Bergs,105.46666666666667,19.537899999999997,18.53,1862.8655521667904,2.1129133858267717,317,136,248,351,599,14.346513630626896,319,158,228,226,13.67,15.95,19.77,22.77,17.16,10.68,BERGS
Beijing_2024_Q_Bergs_Moutet,108.56666666666666,19.660566666666668,18.11,2104.629661929535,2.029640287769784,362,135,343,316,659,12.030572273177803,374,137,254,252,16.39,17.98,26.83,20.93,12.76,5.11,BERGS
Beijing_2024_R32_Bergs_Musetti,131.21666666666667,22.3925,17.07,2439.488274442293,2.0114888628370458,433,174,356,429,785,11.347025223485884,407,185,331,288,13.59,18.05,23.96,20.88,15.34,8.18,BERGS
Beijing_2024_Q_Hanfmann_Bergs,71.35,11.223916666666668,15.73,1156.590764962431,2.0002463054187194,196,103,127,214,341,13.006336988252954,211,95,142,138,9.53,19.6,20.38,20.05,19.68,10.77,BERGS
Shanghai_2024_1st_Zhang_Bergs,78.85,17.2681,21.9,1683.699048605922,2.0602368866328256,305,115,297,245,542,11.153042056105267,273,154,213,195,11.28,16.77,26.97,23.11,12.28,9.59,BERGS
Shanghai_2024_R64_Bergs_Dimitrov,1393.8666666666666,23.2154,1.67,2285.020779135684,2.1451732673267325,399,179,331,400,731,11.933531830113974,380,215,292,264,7.92,14.83,24.12,20.11,19.35,13.67,BERGS
WTA_Finals_2024_R32_Swiatek_Krejcikova,152.56666666666666,20.156799999999997,13.21,1877.8826102388164,1.7393229166666666,387,188,320,375,695,10.90932328657871,265,192,272,241,4.16,13.19,35.05,32.79,11.7,3.11,SWIATEK
WTA_Finals_2024_R32_Swiatek_Gauff,107.78333333333333,20.75773333333333,19.26,1687.1074952390552,1.6447293447293445,355,143,334,301,635,11.616181880082976,223,192,224,222,4.01,15.08,28.73,32.04,15.38,4.77,SWIATEK
WTA_Finals_2024_R32_Swiatek_Kasatkina,51.11666666666667,9.312933333333332,18.22,847.1715120029685,1.6715542521994136,169,74,171,144,315,8.300297456791808,121,82,114,111,4.51,14.03,36.45,28.79,12.81,3.41,SWIATEK
AO_2024_1st_Djokovic_Prizmic,239.38333333333333,48.43901666666667,20.23,3592.6534648787815,1.5600706713780919,855,252,697,729,1426,9.528175123931714,574,403,569,640,6.03,13.88,18.17,23.32,28.21,10.38,DJOKOVIC
AO_2024_SF_Djokovic_Sinner,202.51666666666668,32.9474,16.27,2329.668675107081,1.4955298013245033,606,224,571,489,1060,9.178937085668364,453,276,354,426,5.01,16.08,20.32,18.54,23.46,16.6,DJOKOVIC
Shanghai_2024_F_Sinner_Djokovic,96.96666666666667,17.40145,17.95,1612.3954954408557,1.8973561430793158,313,125,247,343,590,8.507147972131362,205,165,208,217,7.73,11.19,21.03,18.97,22.2,18.88,DJOKOVIC
Turin_2023_RR_Djokovic_Sinner,188.85,29.503283333333336,15.62,2703.022778096677,1.9282828282828284,539,218,297,658,955,11.746421779570662,334,283,311,401,6.77,9.94,19.82,13.06,21.83,28.59,DJOKOVIC
Paris_2021_QF_Djokovic_Fritz,73.33333333333333,17.604457961666665,24.01,1415.2514122262362,1.9862132352941178,264,106,204,265,469,7.712747804314616,163,161,172,221,3.03,10.27,18.78,14.87,23.71,29.34,DJOKOVIC
Rome_2021_R32_Djokovic_Fritz,279.4166666666667,22.64198297333333,8.1,1817.293840670874,1.7226439790575916,383,141,298,295,593,10.910057877725682,201,193,255,251,6.25,15.91,23.11,17.89,26.02,10.81,DJOKOVIC
Turin_2023_F_Sinner_Djokovic,103.0,16.81598333333333,16.33,1692.4913810030314,2.109298531810767,288,119,143,395,538,10.962581549886144,152,181,179,232,4.65,6.88,15.74,14.95,21.73,36.04,DJOKOVIC
London_2022_SF_Djokovic_Fritz,113.96666666666667,24.500701217452953,21.5,2052.3615308684984,1.7826650943396227,414,157,290,374,664,10.543428544143852,212,223,266,318,3.39,9.21,14.39,13.02,17.4,42.58,DJOKOVIC
Cincinnati_2023_QF_Fritz_Djokovic,60.61666666666667,11.35335,18.73,1172.9721794258764,1.8303609341825904,228,84,183,212,395,11.017460870564877,145,116,141,177,4.78,12.53,19.08,16.15,24.18,23.28,DJOKOVIC
Brisbane_2024_SF_Sabalenka_Rybakina,73.23333333333333,8.352866666666667,11.41,816.5086078260842,1.4816470588235295,204,97,157,178,335,8.216736313219041,137,81,120,137,4.73,9.22,36.12,41.35,7.91,0.67,RYBAKINA
Brisbane_2024_R16_Potapova_Rybakina,31.8,4.784633333333333,15.05,433.8506929418664,1.4199095022624435,109,41,92,90,182,8.241275175637226,71,38,67,68,6.01,10.45,39.69,36.92,6.13,0.81,RYBAKINA
Brisbane_2024_R64_Gadecki_Rybakina,237.65,8.353950000000001,3.52,816.7467506984577,1.3743875278396438,225,107,175,180,355,8.33647752958537,132,76,135,157,3.99,8.76,33.63,44.66,7.53,1.43,RYBAKINA
Brisbane_2024_R32_Mertens_Rybakina,56.233333333333334,8.43235,15.0,748.6696346157694,1.3830049261083743,201,83,131,180,311,7.438250074821828,139,62,131,124,9.24,12.79,41.49,32.73,3.56,0.18,RYBAKINA
Adelaide_2024_R64_Rybakina_Bucsa,90.36666666666666,13.5006,14.94,1346.5001306806398,1.516812865497076,345,142,280,299,579,12.379006829745723,258,96,217,206,10.36,15.67,40.64,28.63,3.62,1.08,RYBAKINA
Adelaide_2024_R32_Rybakina_Alexandrova,90.15,11.851566666666665,13.15,1045.0071991570296,1.35,315,134,267,203,470,6.546229298944348,207,98,158,187,4.06,7.68,44.81,36.22,6.87,0.36,RYBAKINA
Madrid_2024_R16_Bejlek_Rybakina,76.7,19.51471666666667,25.44,1497.645107587067,1.7206597222222222,289,121,323,170,493,9.978993112817257,242,133,225,179,14.61,21.7,38.95,22.59,2.06,0.09,RYBAKINA
Madrid_2024_QF_Putintseva_Rybakina,168.23333333333332,36.5272,21.71,3039.3317478237855,1.7850823937554205,606,227,495,489,984,11.959165322545518,479,252,429,367,12.2,16.34,39.86,24.75,5.3,1.55,RYBAKINA
Madrid_2024_R64_Bronzetti_Rybakina,75.35,16.726616666666665,22.2,1215.3031261290782,1.6103030303030303,257,105,218,225,443,11.03008106287494,229,110,172,153,10.94,20.03,33.39,30.21,4.93,0.49,RYBAKINA
Madrid_2024_R32_Sherif_Rybakina,89.91666666666667,19.54961666666667,21.74,1721.0772276729963,1.7802197802197801,322,121,225,363,588,11.56024958216133,263,138,246,200,10.26,14.72,28.61,36.85,7.72,1.83,RYBAKINA
Madrid_2024_SF_Rybakina_Sabalenka,137.0,27.779600000000002,20.28,2276.296995813117,1.7743561030235162,451,194,441,311,752,10.091438146137367,349,238,337,299,6.39,17.43,24.21,36.09,14.41,1.47,RYBAKINA
Miami_2024_R16_Keys_Rybakina,84.2,14.044,16.68,1382.256913905548,1.7698305084745765,293,126,246,279,525,9.80334037128198,241,141,220,178,8.71,18.28,38.07,27.21,6.42,1.31,RYBAKINA
Miami_2024_QF_Sakkari_Rybakina,168.11666666666667,28.120333333333335,16.73,2271.974976943859,1.639373163565132,502,222,354,486,840,10.889047281700485,371,236,332,324,6.6,16.6,44.16,27.39,4.41,0.85,RYBAKINA
Miami_2024_R64_Tauson_Rybakina,146.76666666666668,24.748216666666668,16.86,1974.8088880072612,1.6539428571428572,448,213,351,416,767,10.647720829190336,345,168,258,261,9.44,20.79,48.57,16.34,4.06,0.79,RYBAKINA
Miami_2024_R32_Townsend_Rybakina,143.76666666666668,27.27755,18.97,2091.375410668811,1.6997703788748564,444,201,395,375,770,11.45183270624772,329,238,296,271,5.85,19.93,35.81,29.27,7.22,1.92,RYBAKINA
Miami_2024_SF_Rybakina_Azarenka,153.3,22.869466666666664,14.92,1955.0540278362864,1.7009422850412248,430,182,345,427,772,10.674255961996732,312,207,256,283,5.67,17.75,46.32,24.46,5.09,0.71,RYBAKINA
Doha_2024_F_Swiatek_Rybakina,138.88333333333333,22.306433333333334,16.06,2147.0499504221,1.6913276231263383,470,164,369,429,798,12.859572830170396,267,227,302,317,5.15,12.62,44.24,30.97,6.45,0.57,RYBAKINA
Doha_2024_R16_Navarro_Rybakina,129.6,25.35526666666667,19.56,4318.693609771253,1.6496842105263159,970,189,618,918,1536,12.694014595574432,628,370,676,596,8.42,18.66,49.07,21.14,2.47,0.24,RYBAKINA
AO_2024_R64_Rybakina_Blinkova,166.05,29.818933333333334,17.96,2129.4017783176314,1.3775922671353251,573,234,461,501,962,9.728114320409926,342,199,345,396,4.18,11.97,39.73,35.71,7.0,1.4,RYBAKINA
Brisbane_2024_QF_Noskova_Rybakina,63.333333333333336,8.808433333333333,13.91,757.9497224040139,1.2927738927738928,210,104,165,178,343,8.984472105128416,143,66,121,133,7.75,9.9,41.53,34.9,5.19,0.72,RYBAKINA
Miami_2024_F_Collins_Rybakina,121.35,19.79635,16.31,1652.868671879611,1.7925329428989751,333,157,248,305,553,9.47393013969049,259,164,239,227,5.6,18.21,46.99,23.51,4.93,0.76,RYBAKINA
Madrid_2024_R64_Altmaier_Fils,77.96666666666667,16.212116666666667,20.79,1320.0412455710778,1.8429423459244534,258,96,233,201,434,10.733138401456108,185,88,186,156,8.1,11.72,16.06,13.56,24.45,26.1,FILS
Madrid_2023_Q_Arnaldi_Fils,,26.895683333333334,,720.4849640324965,1.5153846153846153,174,117,146,134,280,9.431328756917516,110,75,104,84,4.42,7.09,27.96,19.75,28.41,12.38,FILS
Madrid_2023_Q_Bennani_Fils,66.05,15.4452,23.38,1350.9028078238246,1.892,251,92,133,296,429,11.47567799879079,201,105,207,154,3.06,11.74,18.24,20.14,30.79,16.03,FILS
Rome_2023_R64_Fils_Rune,84.0,17.60095,20.95,1655.890573340978,1.8711075441412521,318,115,321,234,555,41.875761877842145,257,149,213,203,8.16,13.54,26.84,17.89,20.37,13.2,FILS
Rome_2023_Q_Shevchenko_Fils,85.11666666666666,22.246883333333336,26.14,1499.609471982695,1.8285714285714285,296,122,314,192,506,23.918939712108873,205,121,208,211,3.94,14.85,26.66,19.0,21.96,13.58,FILS
Rome_2023_Q_Peniston_Fils,151.93333333333334,32.277483333333336,21.24,2882.23169977133,1.8324778761061946,560,200,459,540,999,10.886726710383709,404,233,425,401,6.71,13.56,27.29,24.12,22.82,5.5,FILS
Cincinnati_2024_R32_Nakashima_Fils,109.56666666666666,18.326966666666667,16.73,1672.133936815502,1.7538793103448276,350,165,258,355,613,12.815399138747903,300,126,240,192,5.69,10.8,22.01,14.61,20.5,26.39,FILS
Cincinnati_2023_Q_Fils_Zhang,84.45,14.115533333333333,16.71,1296.383250598232,1.8178907721280602,266,127,282,207,489,13.007331632680108,195,121,159,193,4.2,14.84,25.67,17.32,17.58,20.38,FILS
Basel_2024_R32_Altmaier_Fils,99.1,16.79935,16.95,1665.8482576421616,1.8718152866242037,321,135,295,286,581,12.265048680029944,274,112,199,185,12.74,13.71,24.22,13.72,24.18,11.43,FILS
Basel_2024_QF_Tsitsipas_Fils,83.21666666666667,11.875466666666666,14.27,1194.829566632924,1.8200396825396825,246,127,190,243,433,9.4593941836729,202,99,162,153,4.19,10.4,21.73,14.84,30.44,18.39,FILS
Rome_2024_R16_Paul_Medvedev,72.98333333333333,18.10728333333333,24.81,1688.2347702014404,2.0077720207253886,293,100,289,243,532,16.09195686747854,264,119,252,167,12.61,15.01,20.43,24.73,16.8,10.42,PAUL
Rome_2024_R32_Paul_Koepfer,97.35,22.494533333333333,23.11,2037.3442787920205,1.8822164948453608,373,132,231,455,686,15.812057898981006,312,137,286,277,5.61,9.4,13.38,17.91,25.33,28.37,PAUL
Rome_2024_QF_Hurkacz_Paul,162.46666666666667,35.924083333333336,22.11,3503.513018320307,1.904513618677043,644,214,661,431,1092,16.135807051190096,495,301,492,427,7.8,14.24,22.29,21.15,15.17,19.35,PAUL
Rome_2024_R64_Paul_Karatsev,94.16666666666667,20.048299999999998,21.29,1589.3083224844813,1.8928934010152285,297,122,265,252,517,11.316295265310323,240,134,227,195,5.38,16.61,20.71,23.8,19.3,14.2,PAUL
Rome_2024_SF_Jarry_Paul,163.98333333333332,29.75225,18.14,2656.379918451246,1.9565439672801637,469,203,368,510,878,11.53664388278221,394,278,375,326,6.12,15.16,18.74,20.82,17.77,21.39,PAUL
Hertogenbosch_2024_R16_Popyrin_Paul,120.35,18.519133333333333,15.39,2051.121924664116,2.0493438320209973,372,192,305,395,700,14.569844108189224,432,125,289,231,9.57,16.19,23.04,18.08,19.76,13.36,PAUL
Hertogenbosch_2024_QF_Korda_Paul,66.71666666666667,12.053966666666668,18.07,1284.3594540422512,1.9274058577405857,251,103,259,171,430,12.7123338025506,202,123,197,126,7.14,16.16,24.66,19.08,19.12,13.84,PAUL
Queens_2024_F_Paul_Musetti,88.35,17.5791,19.9,1927.8175121296417,2.0427098674521353,341,125,287,302,589,14.400997796397656,272,157,259,224,8.04,15.18,20.87,20.7,22.76,12.44,PAUL
Queens_2024_R16_Tabilo_Paul,69.33333333333333,13.6895,19.74,1341.445230424748,2.098863636363636,215,116,163,232,395,20.072174446762407,225,83,171,143,11.51,13.53,17.09,18.76,26.54,12.58,PAUL
Queens_2024_R32_Baez_Paul,96.66666666666667,21.658333333333335,22.41,2083.7852640202022,1.957516339869281,383,156,283,421,704,13.4259822479532,389,138,294,268,13.22,16.6,26.79,25.74,13.48,4.17,PAUL
Queens_2024_SF_Paul_Korda,100.75,22.6447,22.48,1947.4496761994963,1.9443342776203967,352,137,349,273,622,28.86610538453944,291,140,297,213,6.82,13.69,21.42,20.2,21.03,16.84,PAUL
Queens_2024_QF_Draper_Paul,121.5,19.690816666666667,16.21,1940.0095605267256,1.992551724137931,369,175,361,268,629,12.015959265592237,361,147,291,186,9.48,19.15,22.71,14.85,16.71,17.1,PAUL
Dallas_2024_R16_Daniel_Paul,90.83333333333333,23.282416666666666,25.63,2205.648334562484,2.0426937738246504,381,126,220,434,654,9.81650283416124,279,160,295,249,9.91,17.95,34.15,26.96,9.48,1.54,PAUL
Dallas_2024_F_Giron_Paul,152.38333333333333,34.127383333333334,22.4,3545.1242068843208,2.095436349079263,636,204,526,524,1050,27.712126723416148,441,295,473,395,8.64,17.67,29.47,27.0,14.17,3.05,PAUL
Dallas_2024_SF_Shelton_Paul,78.83333333333333,14.010983333333334,17.77,1366.6166152765777,1.9190019193857966,258,115,239,201,440,11.765156521760405,195,117,184,157,7.55,15.65,21.93,18.13,16.22,20.51,PAUL
Dallas_2024_QF_Koepfer_Paul,88.65,19.733316666666667,22.26,1903.2426758803665,2.0035502958579885,342,120,274,274,548,12.720335652141149,234,168,231,202,9.47,17.34,27.52,24.01,15.13,6.52,PAUL
Miami_2024_R64_Paul_Damm,64.01666666666667,8.503583333333333,13.28,847.4284759624751,2.0185410334346505,164,86,169,116,285,14.19964357100881,167,66,126,85,14.52,18.07,24.02,19.03,10.81,13.56,PAUL
Acapulco_2024_R32_Draper_Paul,85.3,17.803083333333333,20.87,1734.5651669860972,1.9192424242424244,340,105,292,283,575,11.72573875049768,259,100,252,189,8.32,14.78,27.35,21.87,17.05,10.63,PAUL
Madrid_2024_R64_Paul_Klein,140.2,23.912433333333336,17.06,2410.5884501279643,1.8929769392033544,479,192,450,338,788,10.983770839378842,362,239,395,253,5.33,19.68,26.58,23.74,18.77,5.89,PAUL
Madrid_2024_R32_Paul_Cerundolo,147.51666666666668,31.034733333333335,21.04,3093.3077759354233,1.9304151624548738,545,199,496,490,986,10.916238066975913,426,256,462,352,8.83,16.7,22.88,25.37,16.43,9.8,PAUL
Indian_Wells_2024_R16_Nardi_Paul,80.05,15.437733333333334,19.29,1610.0229943803613,2.0250428816466552,287,117,182,310,492,8.762460953295717,252,105,224,194,10.2,12.46,22.08,25.06,19.13,11.07,PAUL
Indian_Wells_2024_R32_Paul_Humbert,87.23333333333333,15.488,17.75,1645.8515823138305,2.11859649122807,276,115,196,297,493,9.509292597458458,255,130,239,183,11.64,16.02,23.91,21.37,17.88,9.19,PAUL
Indian_Wells_2024_R64_Paul_Michelsen,76.71666666666667,13.58815,17.71,1442.6375586665406,1.9165492957746477,274,113,173,314,487,15.80075681148207,238,98,219,160,10.09,12.09,27.1,30.59,15.14,5.0,PAUL
Indian_Wells_2024_SF_Paul_Medvedev,143.55,28.88471666666667,20.12,3243.275042014007,2.174841628959276,562,203,476,512,988,13.39912526700302,515,191,423,334,15.25,15.54,28.46,23.27,11.81,5.66,PAUL
Indian_Wells_2024_QF_Paul_Ruud,129.11666666666667,29.06615,22.51,2902.8070785499726,2.048775710088149,521,178,459,434,893,14.40887482444716,456,199,381,326,14.2,13.31,24.87,23.71,14.67,9.25,PAUL
Adelaide_2024_R32_Paul_Draper,79.85,11.41145,14.29,1186.4809443567704,1.6532467532467532,262,97,228,237,465,10.519481953506324,204,98,181,167,7.05,10.13,20.58,22.02,20.36,19.86,PAUL
Adelaide_2024_R64_Paul_Bolt,68.93333333333334,8.903666666666668,12.92,1001.2955454426051,1.659325842696629,225,104,150,230,380,8.948217412914738,179,91,137,143,4.08,11.65,26.46,21.97,19.3,16.55,PAUL
Rogers_cup_2024_R64_Paul_Darderi,104.85,20.189816666666665,19.26,2148.91338595635,1.8931335830212235,396,154,285,416,701,12.02074371804258,322,183,312,259,5.49,13.67,25.08,26.34,19.4,10.02,PAUL
Rogers_cup_2024_R32_Paul_Nakashima,133.03333333333333,28.591150000000003,21.49,2870.654906311331,1.9285033365109627,543,186,499,405,904,14.42345918796454,434,262,425,303,7.11,13.57,23.75,23.71,16.29,15.58,PAUL
Cincinnati_2024_R64_Cobolli_Paul,126.28333333333333,24.004966666666668,19.01,2486.4943568656795,1.9077850877192983,445,186,357,422,779,13.017060773509291,370,212,384,254,6.04,12.52,22.05,22.44,17.28,19.67,PAUL
US_Open_2024_R16_Sinner_Paul,162.3,30.75545,18.95,3123.4811164744888,2.015008576329331,589,209,560,476,1036,13.951939972573694,454,275,456,349,9.75,15.53,28.25,25.44,15.68,5.34,PAUL
Paris_2024_R64_Mannarino_Paul,102.9,17.051333333333336,16.57,1856.6240524840084,2.0324999999999998,354,126,276,286,562,10.429998099560793,217,152,265,212,8.33,14.49,30.92,24.16,15.39,6.71,PAUL
Tokyo_2024_R32_Paul_Arnaldi,67.88333333333334,12.4685,18.37,1145.9562798989712,1.9641509433962263,207,94,127,209,336,11.390029767789736,165,83,148,113,13.41,15.7,25.6,26.5,12.61,6.18,PAUL
Tokyo_2024_R16_Paul_Machac,154.71666666666667,34.324733333333334,22.19,3539.0673848926185,2.2434290687554395,564,212,457,542,999,13.041846932665807,469,306,518,344,10.63,14.84,24.67,26.24,15.49,8.13,PAUL
Shanghai_2024_R32_Paul_Tabilo,162.96666666666667,32.25508333333333,19.79,3158.943421070161,1.9896582733812949,554,233,467,476,943,11.899869751920878,436,236,436,350,7.73,13.37,26.44,24.91,11.77,15.78,PAUL
Shanghai_2024_R64_Paul_Fognini,60.05,12.332116666666668,20.54,821.1085184434118,1.8693811074918567,143,63,80,140,220,36.69307370375927,113,59,117,78,10.03,15.86,21.65,25.93,17.84,8.68,PAUL
Shanghai_2024_R16_Paul_Machac,122.68333333333334,22.383950000000002,18.25,2208.1846757697085,1.964734895191122,402,174,362,303,665,13.497466709257214,297,211,329,253,7.01,15.86,23.06,22.6,19.75,11.72,PAUL
Stockholm_2024_F_Paul_Dimitrov,84.71666666666667,16.43325,19.4,1744.9428729049762,2.036842105263158,313,120,277,289,566,10.872741256684751,242,160,290,206,6.95,17.86,26.77,25.12,15.02,8.3,PAUL
Stockholm_2024_R16_Paul_Djere,98.06666666666666,21.32205,21.74,2304.619455581838,2.0983990147783254,403,136,317,378,695,10.605570470333138,333,162,344,254,7.58,14.48,27.26,29.87,14.05,6.75,PAUL
Stockholm_2024_SF_Wawrinka_Paul,80.65,16.4947,20.45,1990.5718831438994,2.1274853801169593,340,120,326,303,629,11.612010113738744,318,162,291,212,14.15,16.71,23.29,21.54,15.45,8.85,PAUL
Stockholm_2024_QF_Paul_Kecmanovic,101.86666666666666,21.26115,20.87,2380.5486485842525,2.204202719406675,418,148,338,373,711,10.9453932551423,327,182,375,264,8.77,10.35,20.29,21.29,22.53,16.77,PAUL
Vienna_2024_R32_Nakashima_Paul,105.58333333333333,23.80521666666667,22.55,2349.7468718757323,1.9777376654632972,435,142,402,308,710,24.625936261154504,322,199,326,248,9.48,10.55,25.13,24.72,16.0,14.12,PAUL
Madrid_2023_Q_Cazaux_Martinez,200.63333333333333,36.76591666666666,18.32,3446.2896147624974,1.8750197005516156,618,218,578,590,1168,14.410532066028566,564,288,413,444,8.26,7.45,17.24,13.68,16.43,36.93,MARTINEZ
Monte-Carlo_2023_Q_Martinez_Otte,89.68333333333334,11.698983333333333,13.04,270.8162749164284,1.5912698412698412,73,50,49,38,87,17.726288945676373,35,22,40,29,2.6,9.94,42.13,10.43,18.6,16.29,MARTINEZ
Rome_2023_1st_Martinez_Bublik,105.83333333333333,18.587216666666666,17.56,1736.168376462912,1.933665008291874,297,136,293,243,536,73.18797343803932,278,129,215,193,15.6,10.0,21.68,11.13,11.79,29.8,MARTINEZ
Rome_2023_Q_Maestrelli_Martinez,72.63333333333334,14.041766666666666,19.33,812.6295886664877,1.7052147239263804,162,74,173,120,293,10.152931338706404,116,68,110,104,3.19,9.27,17.6,12.95,19.43,37.55,MARTINEZ
Rome_2023_Q_Vavassori_Martinez,155.33333333333334,26.358283333333336,16.97,1696.3224618211232,1.9456483126110127,284,169,264,219,483,57.57120948712856,263,104,215,173,9.37,15.02,20.98,12.85,11.11,30.66,MARTINEZ
Miami_2023_1st_Martinez_Halys,100.68333333333334,15.523536876283544,15.42,1453.5142965019668,2.037476459510358,263,123,285,187,472,18.04800759516267,256,143,180,164,7.66,16.39,24.18,13.96,17.04,20.77,MARTINEZ
Indian-Wells_2023_1st_Martinez_Huesler,139.5,24.50114414216408,17.56,2149.1746011793357,1.9332103321033212,388,189,418,293,711,26.932954682148512,338,218,265,251,4.52,14.87,20.39,14.21,21.16,24.85,MARTINEZ
United_Cup_2025_1st_Gao_Haddad-Maia,200,28.491750000000003,14,2688.8024441966118,1.4257034220532319,657,205,521,531,1052,12.126449968445526,401,302,463,439,7.7,11.09,37.69,32.16,8.59,2.78,HADDAD MAIA
United_Cup_2025_1st_Siegemund_Haddad-Maia,153.55,17.873083333333334,11.64,1766.5349368581572,1.4831199068684517,442,180,404,293,697,10.92475472184165,268,157,305,273,9.4,13.02,42.31,27.41,6.15,1.71,HADDAD MAIA
United_Cup_2025_R64_Swiatek_Helgø,61.9,5.834383333333333,9.43,583.752207104323,1.3990566037735848,155,83,102,152,254,6.303087972398582,120,75,97,102,4.58,16.1,33.58,31.93,10.92,2.88,SWIATEK
United_Cup_2025_R64_Swiatek_Muchova,1306.1,13.277283333333335,1.02,1390.970830347696,1.5118594436310393,342,145,330,266,596,9.82706535496591,241,183,179,236,6.91,15.2,32.34,29.29,12.94,3.32,SWIATEK
United_Cup_2025_R32_Swiatek_Boulter,253.81666666666666,20.5054,8.08,2013.3137527933916,1.4246741154562383,524,205,397,517,914,11.108270943287629,289,307,304,360,2.82,10.62,26.33,30.26,23.64,6.32,SWIATEK
Jeddah_2024_RR_Tien_Fonseca,67.0,12.691650000000001,18.94,1357.640274604006,1.9098039215686275,248,102,156,295,451,13.194215614923044,149,120,172,191,4.67,12.75,22.13,22.61,29.63,8.21,FONSECA
Jeddah_2024_RR_Mensik_Fonseca,131.1,19.78421666666667,15.09,1975.7606069468607,1.8815256257449344,411,214,354,319,673,19.278546168168845,257,185,219,322,8.07,16.14,27.85,14.24,21.03,12.68,FONSECA
Jeddah_2024_F_Fonseca_Tien,86.85,15.880233333333333,18.28,1549.592930380294,1.8232744783306583,303,135,237,298,535,12.956521731799656,159,151,221,218,7.11,14.44,26.91,28.75,17.19,5.61,FONSECA
Jeddah_2024_RR_Fils_Fonseca,110.3,17.669050000000002,16.02,1793.498943896444,1.8604748603351955,345,166,298,307,605,10.634932296412344,234,194,211,273,4.13,16.63,28.54,16.84,26.35,7.5,FONSECA
Jeddah_2024_SF_Fonseca_Van-Assche,60.06666666666667,10.011166666666666,16.67,924.0964387510735,1.795907928388747,185,89,126,198,324,8.665304205270996,121,78,112,146,7.14,12.94,26.91,20.42,26.01,6.56,FONSECA
Madrid_2024_R64_Podoroska_Navarro,70.98333333333333,17.077183333333334,24.06,1467.5992345920483,1.7780180180180178,284,103,284,188,472,10.832097989261754,171,151,200,210,8.28,17.56,24.68,24.57,20.52,4.39,NAVARRO
Madrid_2024_R32_Haddad-Maia_Navarro,111.91666666666667,25.572466666666667,22.85,1939.0252663023227,1.7618300653594772,389,144,263,372,635,11.381584946717002,260,164,237,274,8.51,18.0,19.94,20.72,26.13,6.72,NAVARRO
Rome_2024_R64_Navarro_Badosa,116.53333333333333,28.722016666666665,24.65,2201.4623461154306,1.614105263157895,486,177,390,407,797,10.714846440929133,272,212,316,311,5.42,14.36,25.76,29.24,20.74,4.48,NAVARRO
Indian_Wells_2024_QF_Sakkari_Navarro,174.01666666666668,37.14093333333334,21.34,3538.1677975822963,1.7441340782122905,711,242,574,551,1125,14.540160255604762,343,373,497,489,6.31,11.26,29.11,32.34,14.66,6.32,NAVARRO
Rogers_cup_2024_R16_Navarro_Kostyuk,106.61666666666666,20.185683333333333,18.93,2044.0135354406948,1.7948492462311558,382,157,280,342,622,12.348478536327136,209,197,258,298,4.31,13.2,24.1,19.3,30.18,8.91,NAVARRO
Rogers_cup_2024_R32_Navarro_Linette,92.56666666666666,19.86733333333333,21.46,2122.2983947162033,1.896954314720812,392,125,267,405,672,15.04141621672919,195,219,274,276,3.46,11.24,20.94,22.86,32.07,9.43,NAVARRO
Rogers_cup_2024_QF_Navarro_Townsend,101.76666666666667,17.72175,17.41,1674.7899015285443,1.7557781201848999,312,145,273,279,552,10.63455658531248,150,198,190,227,5.46,10.76,30.32,15.1,28.13,10.23,NAVARRO
Rogers_cup_2024_SF_Navarro_Anisimova,115.38333333333334,19.2032,16.64,1809.2961251375023,1.7106182795698925,381,165,361,251,612,9.115328220357966,164,255,240,258,3.37,12.07,30.27,18.41,24.56,11.33,NAVARRO
Wimbledon_2024_R64_Osaka_Navarro,58.68333333333333,9.7851,16.67,947.2879183625316,1.75,183,92,138,167,305,9.742593272133464,62,126,115,129,2.82,11.76,27.15,14.63,27.79,15.85,NAVARRO
Berlin_2024_R32_Siniakova_Navarro,78.83333333333333,15.654966666666667,19.86,1485.4861897295782,1.7533444816053512,304,119,332,179,511,11.232840580980378,179,153,194,225,5.08,15.9,26.78,27.98,19.46,4.81,NAVARRO
Miami_2024_R64_Hunter_Navarro,88.91666666666667,18.22461666666667,20.5,1650.5766133205373,1.758744394618834,325,135,274,220,494,12.091442656737506,109,200,210,269,3.17,9.08,27.82,29.61,22.52,7.8,NAVARRO
Miami_2024_R16_Navarro_Pegula,88.61666666666666,20.173983333333336,22.77,1858.2844744460622,1.6932138284250962,387,138,247,375,622,11.771713410699183,164,196,268,296,5.62,10.49,27.18,32.16,19.55,5.01,NAVARRO
Miami_2024_R32_Paolini_Navarro,111.53333333333333,23.318133333333332,20.91,2307.4379335155363,1.726440329218107,474,162,309,471,780,11.87102410796022,178,252,328,340,4.79,10.75,22.26,31.76,22.3,8.13,NAVARRO
Miami_2023_Q_Bucsa_Navarro,129.25,23.747343268181332,18.37,2083.475185814007,1.7092737430167597,437,185,302,440,742,10.992893588114502,262,229,271,298,3.45,15.58,25.11,29.9,20.01,5.94,NAVARRO
Miami_2023_Q_Navarro_Schmiedlova,126.23333333333333,27.385401536740112,21.69,2336.8322550416624,1.7122844827586208,460,163,320,504,824,22.36861331801249,321,220,321,318,7.17,11.53,23.84,25.77,25.78,5.91,NAVARRO
Cincinnati_2023_Q_Fernandez_Navarro,121.85,26.342633333333332,21.62,2252.814160511559,1.7539053905390538,446,175,407,354,761,11.236723819478971,252,201,358,278,2.78,12.97,23.8,19.21,32.63,8.6,NAVARRO
Cincinnati_2023_R64_Martic_Navarro,108.38333333333334,20.8021,19.19,1841.6664911963246,1.765706051873199,346,148,320,284,604,12.13906139407951,268,154,255,216,11.18,20.06,22.14,18.49,21.19,6.93,NAVARRO
Cincinnati_2023_Q_Marino_Navarro,90.48333333333333,21.073583333333332,23.29,1617.4560117994924,1.5529160739687056,358,153,348,257,605,10.695896905893436,200,203,216,249,2.88,15.48,24.9,15.67,28.29,12.78,NAVARRO
Auckland_2024_R16_Navarro_Avanesyan,72.1,17.270216666666666,23.95,1480.2611385440268,1.667524115755627,304,112,251,239,490,13.33866842682422,145,169,204,193,5.55,11.53,25.55,27.01,21.49,8.87,NAVARRO
Auckland_2024_QF_Navarro_Martic,176.6,19.975066666666667,11.31,1711.2596443917387,1.809782608695652,306,116,267,282,549,11.818457215645845,163,183,252,221,7.85,9.31,26.59,31.39,17.91,6.95,NAVARRO
Auckland_2024_SF_Gauff_Navarro,8.416666666666666,2.6529833333333332,31.52,247.80224047152635,1.7679611650485436,55,16,74,14,88,7.433587846514058,22,33,28,44,4.21,5.77,29.45,21.42,28.47,10.68,NAVARRO
Indian_Wells_2023_1st_Navarro_Mcnally,135.15,30.694548448186595,22.71,2664.1143230120488,1.6497386759581882,576,184,571,410,981,11.511771390318817,293,307,373,421,3.72,8.35,29.09,31.35,18.72,8.77,NAVARRO
Indian_Wells_2023_R64_Fernandez_Navarro,94.11666666666666,7.6955928631920365,8.18,662.6527775581379,1.690492957746479,143,55,133,84,217,6.857427602559041,67,72,83,84,1.48,10.96,28.68,32.23,21.8,4.85,NAVARRO
Indian_Wells_2024_R16_Navarro_Sabalenka,115.96666666666667,22.592166666666667,19.48,2049.0844665116697,1.8919398907103826,365,163,364,278,642,11.192524227952768,218,196,223,269,8.89,10.86,29.06,17.31,25.2,8.69,NAVARRO
Indian_Wells_2024_R32_Svitolina_Navarro,120.15,29.690116666666665,24.71,2951.496209020958,1.8116341030195382,556,171,495,453,948,11.49747605199772,278,282,394,432,5.62,12.37,30.76,30.66,14.87,5.72,NAVARRO
Indian_Wells_2024_R64_Tsurenko_Navarro,147.98333333333332,37.39621666666667,25.27,3167.1634680757547,1.6920000000000002,665,209,475,571,1046,9.211423111347116,250,327,491,461,3.33,8.08,29.02,34.88,20.35,4.33,NAVARRO
Doha_2024_R16_Navarro_Rybakina,129.6,25.35526666666667,19.56,4857.764735418761,1.8510526315789473,930,189,918,618,1536,8.724017190299543,430,554,658,724,5.89,10.27,28.08,26.74,23.77,5.23,NAVARRO
Dubai_2024_R32_Navarro_Mertens,62.63333333333333,12.0259,19.2,1185.8009016682247,1.832271762208068,227,87,167,214,381,10.279413214178856,114,127,146,171,10.01,14.44,26.61,30.13,14.26,4.55,NAVARRO
San_Diego_2024_R16_Siniakova_Navarro,104.78333333333333,22.978366666666666,21.93,2057.890502803787,1.6858123569794052,430,152,357,316,673,11.283569404635534,197,231,282,318,4.61,14.15,26.76,33.47,16.15,4.85,NAVARRO
San_Diego_2024_QF_Saville_Navarro,87.43333333333334,24.3295,27.83,2185.3817527156084,1.7096064814814813,432,107,394,340,734,11.543667526876844,287,196,293,275,6.86,11.76,27.11,33.15,16.2,4.91,NAVARRO
San_Diego_2024_SF_Navarro_Boulter,107.06666666666666,14.168666666666667,13.23,1259.0511736584454,1.6606463878326996,262,104,241,199,440,11.800124195625674,123,157,158,172,1.72,8.95,28.85,24.56,25.76,10.15,NAVARRO
US_Open_2024_R32_Navarro_Kostyuk,113.03333333333333,25.10148333333333,22.21,2386.096523276163,1.770418006430868,447,171,355,362,717,14.047227204236274,235,260,311,303,7.28,10.89,23.71,22.9,25.12,10.1,NAVARRO
US_Open_2024_R64_Navarro_Rus,63.21666666666667,13.659083333333333,21.61,1332.4022546072033,1.697632058287796,271,86,247,213,460,10.82343906870497,143,163,204,193,0.78,8.68,17.36,19.82,37.09,16.27,NAVARRO
US_Open_2024_SF_Navarro_Sabalenka,90.31666666666666,15.8784,17.58,1499.76591006828,1.8202443280977312,275,132,227,251,478,11.72694732216032,118,179,193,194,3.86,10.26,25.03,18.75,28.95,13.15,NAVARRO
US_Open_2024_R16_Navarro_Gauff,131.8,22.772100000000002,17.28,2229.6163090706164,1.6993637327677624,455,188,404,381,785,10.362608105431631,219,246,282,318,4.06,12.55,27.34,18.54,29.38,8.14,NAVARRO
US_Open_2024_1st_Navarro_Blinkova,59.083333333333336,9.864966666666668,16.7,1001.3049132578518,1.7169902912621358,201,95,160,209,369,15.22715633527708,162,108,115,145,1.56,19.01,21.04,28.84,24.22,5.34,NAVARRO
US_Open_2024_QF_Badosa_Navarro,72.3,16.03645,22.18,1236.1379262227338,1.6805293005671078,259,99,226,193,419,10.711864375312436,131,133,180,180,2.41,9.36,22.48,18.19,32.4,15.15,NAVARRO
Doha_2024_R32_Navarro_Mertens,62.63333333333333,12.0259,19.2,1185.8009016682247,1.832271762208068,227,87,167,214,381,10.279413214178856,114,127,146,171,10.01,14.44,26.61,30.13,14.26,4.55,NAVARRO
Brisbane_2025_R64_Birrell_Navarro,121.7,19.051116666666665,15.65,1862.843779025375,1.4637223974763407,480,159,296,398,694,10.361033804586055,192,259,298,310,2.99,12.75,19.12,26.94,28.41,9.79,NAVARRO
United_Cup_2025_QF_Gauff_Swiatek,112.4,12.518166666666668,11.14,1297.2272968035281,1.5013846153846153,342,130,349,194,543,12.059171998121098,197,156,179,234,6.55,13.29,29.91,25.93,20.1,4.23,SWIATEK
United_Cup_2025_R16_Rybakina_Swiatek,123.76666666666667,15.564816666666667,12.58,1617.9243880879962,1.5015075376884424,392,157,282,377,659,12.329905866163184,229,225,240,259,3.4,8.62,26.09,27.33,25.69,8.86,SWIATEK
United_Cup_2025_QF_Gauff_Swiatek,112.4,12.518166666666668,11.14,1354.1679911437257,1.5746153846153845,308,130,194,349,543,13.152079434386469,216,132,191,229,3.58,10.54,19.34,24.88,31.03,10.64,GAUFF
United_Cup_2025_1st_Gauff_Fernandez,47.333333333333336,14.790883333333333,31.25,1580.3788085461103,1.585675306957708,361,128,214,377,591,10.607600901405764,244,137,234,252,5.46,10.13,15.47,25.73,35.92,7.3,GAUFF
United_Cup_2025_R16_Gauff_Muchova,87.36666666666666,14.063466666666667,16.1,1427.409031652955,1.5439592430858806,342,122,285,301,586,9.578484210755938,259,137,203,240,6.3,12.87,18.13,26.84,29.47,6.38,GAUFF
United_Cup_2025_1st_Gauff_Vekic,319.1166666666667,12.137866666666667,3.8,1192.3362288790127,1.4430213464696222,298,114,249,223,472,10.427798450453745,204,122,176,201,3.16,11.46,16.86,24.51,36.88,7.12,GAUFF
United_Cup_2025_R32_Gauff_Zhang,94.4,13.740450000000001,14.56,1424.8060444017253,1.541388888888889,367,145,302,250,552,9.4879700547029,211,173,229,214,3.07,12.78,22.21,26.09,30.47,5.39,GAUFF
Adelaide_2025_1st_Pavlyuchenkova_Vondrousova,179.98333333333332,22.364883333333335,12.43,1944.0946523898397,1.266003616636528,559,235,458,446,904,8.965314848705095,390,168,344,309,15.63,18.83,35.45,25.08,4.67,0.35,PAVLYUCHENKOVA
Adelaide_2025_1st_Haddad-Maia_Keys,65.06666666666666,7.413399999999999,11.39,723.6807064030364,1.4225641025641025,183,93,127,169,296,7.38552216349535,147,79,136,107,7.79,15.48,41.96,24.89,8.38,1.5,HADDAD MAIA
AO_2025_1st_Djokovic_Basavareddy,178.86666666666667,23.148083333333332,12.94,2534.499731569432,1.6009121061359868,588,231,425,657,1082,11.983948652481526,443,280,383,454,5.74,13.33,21.54,19.68,26.22,13.49,DJOKOVIC
AO_2025_1st_Haddad-Maia_Riera,160.66666666666666,24.335933333333333,15.15,2386.338137017823,1.4588801399825022,561,210,445,503,948,13.734401614109462,385,207,400,388,8.3,11.96,42.01,29.59,5.74,2.41,HADDAD MAIA
AO_2025_1st_Navarro_Stearns,200.0,28.192816666666666,14.1,2801.3939024821075,1.4857350800582243,676,250,460,521,981,8.817378359827222,323,379,435,403,8.03,11.45,22.16,26.86,22.74,8.75,NAVARRO
AO_2025_R64_Djokovic_Faria,180.75,23.524333333333335,13.01,2402.6745326213277,1.508388157894737,598,219,549,540,1089,18.05339038991404,417,329,360,417,3.74,10.97,18.33,19.08,25.3,22.58,DJOKOVIC
AO_2025_1st_Virtanen_Fils,165.7,20.6538,12.46,2314.9745249504094,1.5585451358457494,555,262,432,577,1009,13.58894653910602,468,234,357,359,8.21,9.68,25.58,17.11,19.3,20.12,FILS
AO_2025_R64_Halys_Fils,361.05,16.089833333333335,4.46,1729.8674605691056,1.5464772727272729,435,239,379,373,752,10.960463259742314,321,170,267,287,5.14,11.47,31.58,20.07,21.76,9.98,FILS
AO_2025_R64_Haddad-Maia_Andreeva,80.61666666666666,8.111933333333333,10.06,819.5518159628335,1.4667481662591686,197,91,145,194,339,8.462410423431262,165,93,134,127,9.3,13.26,39.94,26.44,9.67,1.39,HADDAD MAIA
AO_2025_R64_Navarro_Wang,131.18333333333334,17.5005,13.34,1607.701364040778,1.3787913340935005,431,174,258,349,607,9.353174302524202,186,259,255,276,3.74,10.47,24.39,24.67,23.94,12.79,NAVARRO
AO_2025_1st_Siniakova_Swiatek,81.2,10.654783333333334,13.12,1057.1392259113925,1.4460288808664261,267,112,242,183,425,8.693311527148985,176,145,179,180,4.96,13.58,27.29,31.34,20.27,2.56,SWIATEK
AO_2025_R64_Sramkova_Swiatek,60.666666666666664,8.410366666666667,13.86,857.0343764945495,1.4921296296296296,216,75,185,174,359,7.960716770277207,130,113,132,130,5.33,12.08,28.49,33.46,15.98,4.65,SWIATEK
AO_2025_R32_Djokovic_Machac,142.0,21.3178,15.01,2222.0855901738355,1.5904275092936802,529,165,442,469,911,9.46321931124892,359,267,342,412,4.71,11.53,18.36,23.26,27.13,15.01,DJOKOVIC
AO_2025_R32_Navarro_Jabeur,123.65,19.094116666666665,15.44,1947.9005309109361,1.4993750000000001,477,185,364,281,645,10.310344882029357,228,269,309,285,7.27,10.75,29.99,28.77,18.36,4.87,NAVARRO
AO_2025_R32_Haddad-Maia_Kudermetova,106.03333333333333,10.4566,9.86,941.1477085007458,1.3291512915129151,276,120,248,179,427,7.690648415116509,127,125,184,176,2.16,7.76,38.86,32.13,16.23,2.86,HADDAD MAIA
AO_2025_R16_Djokovic_Lehecka,159.16666666666666,19.204600000000003,12.07,1969.8748312874518,1.4892051030421982,490,198,447,353,800,12.150532683622703,355,274,301,361,4.97,11.93,18.99,17.93,24.55,21.63,DJOKOVIC
AO_2025_R16_Navarro_Kasatkina,160.85,32.262966666666664,20.06,3115.315030870751,1.4865168539325841,748,240,493,640,1133,9.832250555854438,326,404,544,523,3.85,8.23,23.04,34.48,22.18,8.21,NAVARRO
AO_2025_R16_Lys_Swiatek,59.583333333333336,8.204266666666665,13.77,819.0204498963814,1.4749408983451535,210,86,128,228,356,6.793826693438573,137,112,115,158,5.88,14.13,29.05,30.82,17.02,3.1,SWIATEK
AO_2025_R32_Raducanu_Swiatek,70.2,9.370733333333334,13.35,972.9194670698026,1.5546236559139786,222,88,142,247,389,10.50804988978025,149,122,150,146,4.71,13.9,27.57,32.2,15.23,6.39,SWIATEK
AO_2025_SF_Keys_Swiatek,155.76666666666668,19.575333333333333,12.57,2073.426452683304,1.548293172690763,493,210,418,377,795,14.610021124086002,319,299,278,346,8.15,14.33,24.72,27.37,18.99,6.44,SWIATEK
AO_2025_QF_Navarro_Swiatek,89.33333333333333,15.603299999999999,17.47,1536.2609795961582,1.5212283044058745,373,111,335,245,580,11.324205628090152,238,210,246,269,6.22,10.39,23.81,31.62,20.93,7.03,SWIATEK
Auckland_2025_Q_Bergs_Comesana,119.78333333333333,17.008186900000002,14.2,2068.5915887001934,1.856651376146789,431,177,305,478,783,12.828610824592191,378,211,264,296,7.79,16.8,22.91,21.6,13.97,16.93,BERGS
Auckland_2025_R32_Bergs_Becroft,35.416666666666664,14.696703166666667,41.5,1540.6815457053492,1.6531628532974427,388,123,302,338,640,7.859552271923045,286,147,258,244,5.92,15.29,21.07,27.84,18.92,10.96,BERGS
Auckland_2025_Q_Bergs_Carreno-busta,154.96666666666667,22.3340121,14.41,2488.9493203321103,1.755438596491228,583,209,480,511,991,10.56527999226177,447,233,379,375,7.86,14.92,19.08,24.84,19.13,14.18,BERGS
Hong_Kong_2025_R16_Bergs_Fils,99.73333333333333,16.769,16.81,1446.5995920374164,1.7617246596066565,331,138,288,305,593,8.698076809742977,273,166,185,221,7.37,19.93,17.61,19.94,18.44,16.72,BERGS
Hong_Kong_2025_R32_Bergs_Moro-Canas,90.96666666666667,13.897716666666668,15.28,1152.0644326185227,1.6994392523364488,259,132,172,316,488,9.89454302784653,265,96,165,151,8.19,17.78,16.93,21.99,19.61,15.5,BERGS
Auckland_2025_F_Bergs_Monfils,96.6,13.415349583333333,13.89,1463.5431795116376,1.714798206278027,337,123,257,305,562,8.714185109370044,314,127,198,226,9.01,15.85,21.18,21.59,17.79,14.57,BERGS
Auckland_2025_R16_Bergs_Nardi,80.76666666666667,10.397639716666667,12.87,1214.2966942759042,1.7614159292035398,270,116,177,259,436,7.420708446350437,232,136,173,174,4.48,15.36,18.08,20.43,21.08,20.56,BERGS
Auckland_2025_SF_Borges_Bergs,135.93333333333334,20.74961443333333,15.26,2378.1280499227037,1.788186046511628,543,181,475,423,898,13.0770472228445,427,276,374,381,5.47,15.85,18.0,21.75,21.67,17.26,BERGS
Auckland_2025_QF_Carballes-baena_Bergs,70.61666666666666,15.09200455,21.37,1793.4183302695074,1.8619663648124192,392,139,312,346,658,10.909740686566586,358,154,251,259,12.62,15.69,21.55,24.36,14.0,11.78,BERGS
AO_2025_1st_Diaz-Acosta_Bergs,245.86666666666667,26.96745,10.97,3059.8045803058753,1.638558432470259,731,314,641,591,1232,11.316749717844765,656,284,430,426,9.2,20.28,21.62,20.82,13.44,14.64,BERGS
Rome_2023_1st_Cerundolo_Fils,150.9,33.51153333333333,22.21,2635.884217393068,1.8337714863498482,490,179,386,520,906,35.00790212886487,380,207,396,304,9.16,15.21,27.23,24.61,17.7,6.09,FILS
Rome_2024_R64_Fils_Muller,92.61666666666666,17.532283333333332,18.93,1519.989287158746,1.88904593639576,302,130,260,245,505,26.10010218350614,226,112,182,171,3.82,14.27,22.19,11.92,15.64,32.15,FILS
Tokyo_2024_R16_Fils_Berrettini,77.13333333333334,17.484199999999998,22.67,1514.9106301281035,2.003047619047619,261,87,225,247,472,13.625215969690482,207,134,213,173,7.79,10.86,18.09,18.74,23.68,20.84,FILS
Tokyo_2024_F_Fils_Humbert,183.95,36.578966666666666,19.89,3125.1979320725172,1.882741116751269,581,226,432,637,1069,12.38113881971759,446,245,457,349,2.89,9.88,16.64,13.05,22.49,35.05,FILS
Tokyo_2024_R32_Fritz_Fils,122.71666666666667,22.470016666666666,18.31,2100.7125408562256,1.882559598494354,398,166,323,358,681,15.470851911138682,317,181,289,251,8.15,12.85,18.42,13.89,27.06,19.64,FILS
Tokyo_2024_SF_Fils_Rune,142.56666666666666,31.684366666666666,22.22,2627.547159694065,1.9364657814096016,496,183,509,372,881,10.969672559890212,351,207,341,315,7.24,12.43,20.45,15.94,23.6,20.34,FILS
Tokyo_2024_QF_Fils_Shelton,179.7,37.46481666666667,20.85,3205.4530323913746,1.9331936295054486,589,254,488,604,1092,14.277080129325082,514,236,414,384,11.95,13.64,21.47,15.35,21.09,16.5,FILS
Hertogenbosch_2024_R16_Humbert_Fils,86.98333333333333,15.089,17.35,1302.962642197947,1.8208955223880596,276,126,269,211,480,11.928076058225086,208,112,190,179,4.94,13.51,25.17,21.94,27.34,7.12,FILS
Hertogenbosch_2024_R32_Fils_Cazaux,91.9,15.261033333333334,16.61,1272.7084536166967,1.7205555555555556,257,132,227,275,502,10.613898445107251,192,111,168,168,7.28,12.38,26.16,26.28,22.07,5.82,FILS
Antwerp_2023_F_Fils_Bublik,75.28333333333333,12.247733333333334,16.27,1042.8916542841916,1.7509259259259258,209,118,201,156,357,10.589366060268205,184,97,134,114,11.05,14.81,22.47,18.07,25.16,8.44,FILS
Antwerp_2023_R16_Fils_Lajal,116.15,18.949333333333335,16.31,1722.3302650042901,1.7478947368421054,392,169,365,324,689,11.268166544151462,281,177,227,230,6.12,14.49,26.68,21.35,20.74,10.62,FILS
Antwerp_2023_QF_Fils_Varillas,56.88333333333333,9.941766666666666,17.48,886.7169417472323,1.775202156334232,186,80,160,149,309,9.11987549317094,133,91,111,103,5.01,12.8,29.49,26.44,16.1,10.16,FILS
Miami_2024_1st_Fils_Arnaldi,86.0,16.5161,19.2,1397.34706259493,1.7720207253886011,302,120,335,182,517,12.348809530262978,228,126,203,180,5.63,16.72,23.1,14.19,20.65,19.71,FILS
Rogers_cup_2024_R64_Humbert_Fils,76.03333333333333,14.662333333333333,19.28,1279.4909443532713,1.8513565891472867,250,108,228,231,459,15.183065547492884,174,131,187,168,3.38,10.0,22.43,16.56,21.7,25.93,FILS
Basel_2024_R16_Martinez_Fils,89.68333333333334,14.677083333333334,16.37,1435.9672650106795,1.8756363636363635,280,124,227,272,499,14.9528047054141,231,109,180,167,6.32,14.91,23.16,18.95,25.22,11.44,FILS
Cincinnati_2023_Q_Fils_Holt,61.56666666666667,10.782816666666667,17.51,1065.6475186844907,1.821917808219178,212,92,153,226,379,12.229176847211177,137,102,150,130,3.84,12.9,31.39,27.57,14.96,9.34,FILS
Cincinnati_2023_R64_Humbert_Fils,140.88333333333333,26.271516666666667,18.65,2218.3490863397237,1.8119866814650387,446,191,396,416,812,13.733730275771856,297,236,322,286,2.08,12.82,24.11,15.28,19.73,25.98,FILS
Cincinnati_2024_R64_Holt_Fils,69.8,12.82855,18.38,1207.8257304127217,1.7693386773547093,246,107,169,288,457,9.677405416360386,202,88,188,149,5.46,9.91,20.15,14.45,23.9,26.13,FILS
Auckland_2024_R32_Fils_Gasquet,69.05,12.730133333333333,18.44,1087.367537757374,1.761111111111111,234,102,210,164,374,11.571431393427714,158,89,148,116,2.6,11.05,28.05,16.7,26.85,14.75,FILS
Auckland_2024_R16_Fils_Borges,51.65,9.791083333333335,18.96,823.0447946250886,1.7259154929577467,172,73,112,174,286,8.629610025110082,95,64,128,111,4.24,8.67,16.2,11.23,30.51,29.16,FILS
Auckland_2024_QF_Fils_Altmaier,73.21666666666667,14.0297,19.16,1306.9358764713006,1.9877944325481798,227,87,174,251,425,13.191178168794645,185,84,177,142,9.06,10.46,19.16,14.61,24.37,22.35,FILS
Auckland_2024_SF_Fils_Tabilo,108.0,20.295633333333335,18.79,1847.2825937709842,1.780080753701211,371,144,236,397,633,26.18458873517318,247,138,247,228,5.5,9.0,20.36,16.75,24.59,23.79,FILS
Hong_Kong_2024_R16_Huesler_Fils,120.68333333333334,25.00926666666667,20.72,2243.654485558508,1.9778698224852072,409,171,331,406,737,12.196173595083366,303,180,324,260,5.05,12.53,18.92,17.11,22.62,23.78,FILS
Hong_Kong_2024_R32_Gojo_Fils,108.65,20.84306666666667,19.18,1883.3840902907446,1.800383141762452,395,154,344,302,646,11.375899470756936,202,184,252,251,3.76,9.24,25.7,13.25,20.52,27.54,FILS
Hong_Kong_2024_QF_Rublev_Fils,111.91666666666667,21.989316666666664,19.65,2023.3506110075389,1.9747448979591837,410,157,382,289,671,19.49928419638575,259,155,279,257,4.0,12.84,22.4,12.36,26.14,22.27,FILS
Shanghai_2023_1st_Kotov_Fils,76.96666666666667,15.144633333333333,19.68,1538.3435718968458,2.0440147329650094,281,108,269,221,490,10.25350160397232,262,125,182,163,8.84,18.24,25.91,27.82,13.09,6.1,FILS
Shanghai_2024_R64_Fils_Carballes-Baena,125.86666666666666,27.902383333333333,22.17,2660.2946027144962,1.858077709611452,507,164,467,432,899,36.533447683910616,380,179,339,330,9.05,12.72,20.42,19.04,22.16,16.61,FILS
Indian_Wells_2024_1st_Fils_Borges,95.93333333333334,20.050133333333335,20.9,1820.5470398219595,1.8380434782608694,364,135,315,288,603,12.30248777224563,238,158,243,243,6.31,13.87,24.18,18.93,26.01,10.71,FILS
Indian_Wells_2024_R32_Ruud_Fils,75.7,14.730316666666665,19.46,1255.9975625429895,1.8586558044806518,262,105,245,169,414,10.592916661181423,150,130,174,128,5.81,13.99,24.05,14.63,23.79,17.72,FILS
Jeddah_2024_RR_Fils_Mensik,76.76666666666667,13.024816666666668,16.97,1198.3925687429196,1.7773809523809523,250,112,235,199,434,12.7849267719162,180,111,184,140,7.24,12.91,26.86,19.19,22.13,11.66,FILS
Jeddah_2024_RR_Fils_Tien,100.65,12.325383333333333,12.25,1124.7899552473987,1.8513274336283185,231,110,195,192,387,9.054575505473537,171,89,156,112,8.12,15.79,22.35,17.37,20.01,16.35,FILS
Hamburg_2024_R16_Fils_Djere,106.33333333333333,21.558933333333336,20.27,2251.0935562585296,2.0252551020408163,390,135,280,419,699,11.2993970295698,304,153,309,282,7.63,11.21,17.18,13.35,15.89,34.75,FILS
Hamburg_2024_F_Zverev_Fils,212.85,51.45726666666667,24.18,4091.6562084026714,1.9012064343163537,767,258,788,547,1335,11.3087701894256,539,307,541,539,5.39,11.44,18.19,12.62,17.07,35.3,FILS
Hamburg_2024_QF_Fils_Rune,63.2,10.835083333333333,17.14,944.3110605989095,1.870391061452514,175,84,120,198,318,13.245392793053597,148,46,135,111,8.13,12.95,20.24,10.28,12.18,36.22,FILS
Hamburg_2024_R32_Fils_Munar,131.06666666666666,31.492383333333336,24.03,2674.5010373064642,1.9048958333333335,477,159,396,451,847,13.867004869351105,407,184,372,312,10.7,13.01,18.13,15.3,18.45,24.42,FILS
Hamburg_2024_SF_Baez_Fils,66.18333333333334,15.34945,23.19,1226.8209001512535,1.8176220806794057,234,93,171,236,407,11.119751427769865,166,90,169,158,4.65,9.06,17.34,13.43,17.25,38.28,FILS
Jeddah_2023_RR_Fils_Stricker,104.28333333333333,16.873866666666668,16.18,1577.1342706830483,1.797268588770865,330,158,328,276,604,13.00125636365903,223,148,219,172,5.98,13.0,31.32,27.04,16.42,6.24,FILS
Jeddah_2023_F_Fils_Medjedovic,131.11666666666667,22.227433333333334,16.95,1763.737313017235,1.7873452544704265,366,176,354,297,651,11.964227417184633,243,174,226,216,5.67,13.07,22.03,15.84,25.99,17.41,FILS
Jeddah_2023_RR_Fils_Cobolli,59.266666666666666,12.826483333333334,21.64,999.5241065379893,1.878908188585608,199,87,205,155,360,13.41062621821454,156,87,146,98,6.72,15.79,31.19,25.84,15.07,5.38,FILS
Jeddah_2023_RR_Fils_Nardi,121.9,22.790266666666664,18.7,2160.823654246127,1.8951219512195123,435,166,337,433,770,13.044649780837362,296,207,289,250,4.45,9.07,26.84,27.68,22.97,9.0,FILS
Jeddah_2023_SF_Fils_Van-Assche,96.98333333333333,19.30755,19.91,1584.4757618454062,1.7748137108792847,341,134,277,319,596,9.982628049342342,219,136,198,205,4.05,12.09,26.85,26.18,26.86,3.96,FILS
Paris_2024_R16_Zverev_Fils,128.86666666666667,22.47641666666667,17.44,1943.6630957973837,1.8364705882352943,390,174,359,330,689,10.764457737600496,312,169,255,258,4.19,11.84,20.94,13.66,19.69,29.68,FILS
Paris_2024_R32_Fils_Struff,93.11666666666666,15.12035,16.24,1374.2277584478682,1.8604166666666666,292,146,290,226,516,12.385079009468445,240,122,169,204,5.65,15.4,27.81,18.36,22.13,10.65,FILS
Paris_2024_R64_Fils_Cilic,94.25,15.407566666666666,16.35,1246.4692921438068,1.7818181818181817,244,127,222,198,420,11.016883231600591,167,136,184,158,1.84,11.68,22.59,11.61,23.89,28.4,FILS
Monte_Carlo_2024_R32_Fils_Musetti,100.71666666666667,22.839283333333334,22.68,2042.984291809537,1.9292582417582418,365,124,325,298,623,14.394989971649512,290,134,285,236,6.06,10.22,17.02,14.45,14.24,38.01,FILS
Monte_Carlo_2024_R64_Fils_Hanfmann,61.9,11.821483333333333,19.1,1182.5298929344513,1.991686460807601,207,85,186,153,339,12.108934412936582,166,80,156,141,5.29,10.14,19.95,13.64,14.67,36.32,FILS
Paris_2022_Q_Munar_Fils,82.81666666666666,19.3177869734346,23.33,1607.5124577761592,1.808206686930091,331,112,251,309,560,12.493600074813736,194,132,228,230,5.5,8.98,26.4,26.06,27.26,5.8,FILS
Paris_2022_R64_Fils_Fognini,156.36666666666667,32.586110344411495,20.84,2806.8135114963716,1.879805137289637,560,216,448,459,907,11.976912766237112,333,292,366,401,4.9,10.58,28.03,26.0,18.85,11.65,FILS
Paris_2022_Q_Fils_Fognini,110.91666666666667,23.88569109917608,21.53,2060.1861286170592,1.8925972396486828,401,164,348,262,610,17.527219736620754,247,202,258,269,3.78,10.6,24.71,24.16,23.11,13.64,FILS
Hong_Kong_2025_QF_Muller_Fils,110.8,22.766783333333333,20.55,1676.2279204815366,1.615894868585732,408,156,257,463,720,10.304200792735449,289,138,269,292,4.22,8.8,22.64,17.78,30.65,15.91,FILS
Hong_Kong_2025_R16_Bergs_Fils,99.73333333333333,16.769,16.81,1334.0918919795013,1.6630862329803329,330,138,305,288,593,10.0317973370159,254,152,206,256,3.35,10.31,25.47,19.51,27.78,13.58,FILS
Jeddah_2024_RR_Fils_Fonseca,110.3,17.669050000000002,16.02,1707.505804375464,1.7794692737430167,371,166,307,298,605,19.04773200466692,273,164,228,201,5.67,14.76,28.34,18.39,24.53,8.31,FILS
Rome_2024_QF_Hurkacz_Paul,,0.0,,3456.9268964877633,1.8726848249027237,641,214,431,661,1092,14.59574389428096,478,267,456,454,7.2,12.69,18.88,18.31,11.51,31.41,HURKACZ
RG_2024_R64_Hurkacz_Nakashima,,0.0,,3797.5159721822965,1.850441876274643,728,263,524,758,1282,11.991080994532153,566,275,531,483,9.79,16.66,16.76,18.28,14.3,24.21,HURKACZ
Madrid_2024_R32_Hurkacz_Altmaier,,0.0,,2038.4932410998692,1.8877216916780355,372,131,278,366,644,12.102953442754725,315,121,275,240,15.93,14.78,18.22,12.65,9.56,28.85,HURKACZ
Rome_2024_R16_Hurkacz_Baez,159.01666666666668,39.1363,24.61,3416.2621384765002,1.8568627450980393,649,209,472,643,1115,14.851928392960854,486,232,481,458,10.97,13.51,16.76,19.83,14.3,24.64,HURKACZ
Rome_2024_R32_Hurkacz_Etcheverry,120.36666666666666,28.165866666666666,23.4,2404.5315015281344,1.8664772727272727,440,140,368,406,774,12.367952507164942,351,163,338,307,11.56,14.81,16.32,18.83,12.22,26.25,HURKACZ
Rome_2024_R64_Hurkacz_Nadal,92.46666666666667,18.872999999999998,20.41,1742.6503531338396,1.9361155698234351,316,109,256,311,567,11.38806647928464,244,119,239,237,9.83,17.21,17.99,14.01,13.99,26.98,HURKACZ
Washington_2023_R32_Hurkacz_Mmoh,174.98333333333332,32.2159,18.41,3175.3509597305033,1.7608794541319182,665,241,563,639,1202,12.085411159614925,551,248,464,414,15.72,16.93,22.13,23.53,15.81,5.88,HURKACZ
Tokyo_2024_R16_Draper_Hurkacz,83.93333333333334,14.248316666666666,16.98,1237.4051235981906,1.7102912621359223,258,126,190,244,434,8.972789055333724,233,78,167,158,10.1,19.56,24.16,13.47,17.33,15.39,HURKACZ
Tokyo_2024_R32_Giron_Hurkacz,125.48333333333333,24.134283333333332,19.23,2115.6925562401925,1.8399764150943396,422,182,282,438,720,11.074901512024043,369,160,306,279,11.78,15.27,23.01,15.86,23.79,10.3,HURKACZ
Montreal_2024_R16_Rinderknech_Hurkacz,241.06666666666666,21.603783333333336,8.96,1853.7169790460853,1.5987577639751553,412,169,409,308,717,10.601134325366656,321,174,245,248,10.3,21.69,26.06,18.53,16.94,6.47,HURKACZ
Montreal_2024_QF_Popyrin_Hurkacz,167.66666666666666,27.312833333333334,16.29,2577.9163387053954,1.669848349687779,574,246,599,392,991,12.645664654567764,474,251,330,347,15.5,23.82,23.09,14.39,15.5,7.7,HURKACZ
Montreal_2024_R32_Kokkinakis_Hurkacz,145.58333333333334,25.900916666666667,17.79,2253.957929523187,1.8287396937573615,439,190,394,359,753,12.030663643588332,374,173,309,262,14.28,18.28,21.97,15.02,18.25,12.2,HURKACZ
Miami_2024_R64_Shevchenko_Hurkacz,119.21666666666667,21.194066666666668,17.78,2068.6835670160863,1.835047846889952,421,178,283,435,718,12.52653998495338,342,141,294,263,11.2,15.38,21.01,18.35,21.33,12.74,HURKACZ
Miami_2024_R16_Dimitrov_Hurkacz,161.85,33.35295,20.61,3124.551061051617,1.9153010033444815,600,214,521,514,1035,10.559260322975687,463,300,434,420,11.88,17.43,19.15,18.64,15.11,17.79,HURKACZ
Miami_2024_R32_Korda_Hurkacz,135.16666666666666,27.395699999999998,20.27,2597.235651687662,1.8753861997940269,475,201,370,501,871,13.664669838009042,343,256,362,350,8.75,18.83,17.24,17.5,21.37,16.31,HURKACZ
Rogers_cup_2023_R16_Alcaraz_Hurkacz,158.11666666666667,26.121783333333333,16.52,2621.9170362972345,1.8824376199616122,530,207,473,416,889,14.23020037987129,425,228,337,326,13.3,21.7,24.01,19.67,14.78,6.54,HURKACZ
Rogers_cup_2023_R64_Bublik_Hurkacz,76.61666666666666,12.439966666666667,16.24,1148.519794836831,1.8067940552016986,221,127,175,198,373,14.043061649877172,217,76,157,131,18.88,16.66,21.43,20.14,16.07,6.81,HURKACZ
Basel_2023_R16_Struff_Hurkacz,65.98333333333333,11.720816666666668,17.76,1057.3813553191544,1.7874725274725274,213,113,159,258,417,9.8528634632829,219,80,143,142,7.73,16.36,26.57,20.41,20.95,7.98,HURKACZ
Basel_2023_QF_Griekspoor_Hurkacz,139.56666666666666,28.027616666666667,20.08,2310.929921056654,1.8070437566702242,461,207,379,471,850,9.929054654565864,406,211,328,278,12.33,13.82,23.96,19.06,20.49,10.34,HURKACZ
Basel_2023_F_Auger-Aliassime_Hurkacz,112.71666666666667,19.397299999999998,17.21,1675.7666666614602,1.8036873156342184,347,148,336,278,614,16.428459974160262,290,153,218,187,13.13,14.72,22.87,17.09,17.63,14.57,HURKACZ
Basel_2023_R32_Lajovic_Hurkacz,85.86666666666666,17.0605,19.87,1702.0138527775498,1.9273846153846153,338,139,279,316,595,10.53116682339216,331,118,203,215,17.85,15.74,21.03,18.99,18.5,7.9,HURKACZ
Basel_2023_SF_Hurkacz_Humbert,157.48333333333332,28.008266666666668,17.78,2752.2919962494107,1.8737943585077346,531,199,330,678,1008,8.98486221176775,402,220,397,354,8.06,8.87,18.6,23.85,24.38,16.23,HURKACZ
Turin_2023_RR_Djokovic_Hurkacz,124.63333333333334,23.58525,18.92,1985.8532068987936,1.9234748010610079,394,169,306,356,662,11.715546885566985,364,156,253,207,9.77,11.6,21.72,20.19,17.72,18.99,HURKACZ
Cincinnati_2023_R16_Tsitsipas_Hurkacz,64.6,10.524933333333333,16.29,1049.4775281938435,1.8835025380710662,195,95,179,143,322,10.008561038145944,169,75,131,124,13.67,16.13,24.54,17.89,16.94,10.82,HURKACZ
Cincinnati_2023_R32_Hurkacz_Coric,135.18333333333334,22.02058333333333,16.29,2033.69546417034,1.760609613130129,427,171,374,388,762,8.763360449348434,353,191,280,267,11.05,19.39,20.76,17.68,20.22,10.91,HURKACZ
Cincinnati_2023_R64_Hurkacz_Kokkinakis,188.56666666666666,36.98148333333334,19.61,2937.642181409833,1.8388297872340424,553,239,375,617,992,12.83403427896753,489,233,376,344,12.11,13.98,23.06,16.19,18.83,15.82,HURKACZ
Cincinnati_2023_SF_Alcaraz_Hurkacz,137.95,27.540716666666665,19.96,2612.7237948696466,1.9689800210304942,486,198,417,435,852,14.60309703541959,440,210,335,312,16.84,18.78,23.38,16.67,14.83,9.5,HURKACZ
Cincinnati_2023_QF_Hurkacz_Popyrin,76.85,12.83855,16.71,1228.0883190587608,1.7582644628099173,233,118,186,239,425,11.676824780031902,206,100,159,148,10.38,15.35,22.35,15.81,16.15,19.95,HURKACZ
Madrid_2024_R16_Hurkacz_Fritz,85.68333333333334,15.797683333333334,18.44,1329.3020875141835,1.7446969696969699,269,124,218,229,447,11.14548802531329,227,98,195,155,15.47,20.15,16.96,10.58,12.64,24.2,HURKACZ
Madrid_2024_R64_Hurkacz_Draper,77.51666666666667,16.377966666666666,21.13,1342.42398151849,1.7402985074626864,261,107,186,259,445,11.356255423607111,212,92,208,169,11.63,14.96,17.32,12.96,13.39,29.74,HURKACZ
Cincinnati_2024_R32_Hurkacz_Nishioka,131.8,22.79955,17.3,2047.8208989459933,1.662654668166479,470,193,393,364,757,13.683810886524862,396,168,314,235,12.62,21.98,26.42,17.34,13.79,7.85,HURKACZ
Cincinnati_2024_R16_Hurkacz_Cobolli,118.1,19.99181666666667,16.93,1497.169281983783,1.671968503937008,311,147,235,317,552,11.12670551233759,259,108,238,178,16.22,16.09,25.21,17.05,18.21,7.22,HURKACZ
Shanghai_2023_R64_Hurkacz_Kokkinakis,100.93333333333334,18.197383333333335,18.03,1542.4725787865443,1.8851724137931036,290,130,253,270,523,13.229738095364365,248,136,213,162,10.15,16.9,23.79,18.63,20.04,10.48,HURKACZ
Shanghai_2023_QF_Marozsan_Hurkacz,102.95,20.6177,20.03,1816.6629763118929,1.862240663900415,353,156,302,371,673,13.836126551204496,327,148,255,226,14.06,16.06,19.63,22.39,19.92,7.95,HURKACZ
Shanghai_2023_F_Rublev_Hurkacz,126.15,26.155083333333334,20.73,2239.948526440297,1.8548131370328425,440,189,331,485,816,12.02051949303468,344,213,306,272,9.16,15.84,21.64,20.66,19.44,13.26,HURKACZ
Shanghai_2023_SF_Hurkacz_Korda,75.75,16.412266666666667,21.67,1329.2000139384566,1.8224761904761904,264,120,254,236,490,8.964421838074845,238,111,174,163,12.13,17.56,23.87,19.11,19.72,7.61,HURKACZ
Rotterdam_2023_R16_Hurkacz_Dimitrov,109.56666666666666,23.394058357613755,21.35,1754.6550273857024,1.9376681614349776,327,115,183,444,627,11.357128708548151,280,151,238,239,7.8,11.21,20.78,21.96,18.62,19.63,HURKACZ
Rotterdam_2023_R32_Hurkacz_Bautista-Agut,130.15,27.62123306975202,21.22,2732.639485756083,2.0131364562118126,499,167,297,586,883,10.732448366004572,416,183,357,369,11.0,11.1,21.46,21.46,21.2,13.78,HURKACZ
Indian_Wells_2024_R64_Monfils_Hurkacz,120.45,27.764316666666666,23.05,2595.1767779878965,1.8115999999999999,505,165,414,458,872,14.147898819139892,376,210,339,326,11.44,17.13,20.36,19.34,12.35,19.38,HURKACZ
Rotterdam_2024_R16_Hurkacz_Griekspoor,153.78333333333333,26.672633333333334,17.34,2355.001396082877,1.8563636363636364,464,228,384,457,841,13.770657629251438,408,165,310,302,10.37,15.98,19.46,15.12,15.87,23.2,HURKACZ
Rotterdam_2024_R32_Hurkacz_Lehecka,137.81666666666666,23.650266666666667,17.16,2129.44778967235,1.6878953107960741,458,221,379,423,802,11.025484240580052,368,166,329,260,10.11,18.11,16.51,16.3,17.7,21.28,HURKACZ
Dubai_2023_R16_Kotov_Hurkacz,67.76666666666667,14.446608485957592,21.32,1218.1696365139992,1.8340292275574113,236,101,142,285,427,6.9824216751025485,225,99,154,160,7.33,15.73,24.4,17.32,22.05,13.17,HURKACZ
Dubai_2023_R32_Shevchenko_Hurkacz,121.23333333333333,25.602111013240737,21.12,2356.0181608906764,1.856149732620321,455,181,243,594,837,12.752997574171417,367,191,303,307,10.72,11.93,19.87,20.18,19.87,17.43,HURKACZ
Dubai_2023_QF_Djokovic_Hurkacz,81.45,13.923829339692789,17.09,1450.141018513679,1.8443298969072166,298,111,251,241,492,11.706871999963184,203,128,198,184,9.06,13.94,22.29,20.99,15.51,18.21,HURKACZ
Dubai_2024_R16_Hurkacz_O'Connell,91.98333333333333,15.963733333333332,17.36,1467.4186948901831,1.9101476014760146,264,132,214,269,483,9.046043007192797,283,88,188,188,13.01,16.78,17.55,15.66,13.78,23.21,HURKACZ
Dubai_2024_R32_Hurkacz_Struff,159.5,29.66398333333333,18.6,2699.9409177906837,1.8357274401473296,550,255,493,476,969,10.719855291722808,501,259,346,375,8.41,17.41,19.63,16.93,15.52,22.09,HURKACZ
Dubai_2024_QF_Hurkacz_Humbert,144.11666666666667,29.70876666666667,20.61,2816.9292310845267,1.845404411764706,544,202,439,559,998,12.468161310561737,443,257,404,402,7.84,12.22,16.53,19.19,22.71,21.52,HURKACZ
Paris_2023_R32_Bautista-Agut_Hurkacz,55.7,9.755116666666668,17.51,906.4733738502176,1.8814606741573032,182,87,194,132,326,7.642184363341633,187,69,128,95,17.25,19.88,18.61,17.66,16.29,10.31,HURKACZ
Paris_2023_R16_Cerundolo_Hurkacz,67.98333333333333,12.49925,18.39,1168.3823246446389,1.899352051835853,229,114,170,261,431,11.266106583568346,251,81,159,130,15.33,19.3,20.01,19.48,15.78,10.1,HURKACZ
Paris_2023_QF_Hurkacz_Dimitrov,98.18333333333334,16.729833333333332,17.04,1596.2052891637488,1.9266558966074312,319,145,251,287,538,9.64427584000718,313,115,212,174,13.71,17.74,23.65,16.41,13.89,14.6,HURKACZ
Paris_2023_R64_Korda_Hurkacz,129.15,24.633233333333333,19.07,2230.3931969537093,1.8547252747252747,459,191,449,382,831,14.83262810531652,442,178,333,255,13.76,17.48,19.81,18.99,18.65,11.32,HURKACZ
Paris_2024_R64_Michelsen_Hurkacz,50.93333333333333,10.093283333333334,19.82,847.2139252246334,1.686290322580645,195,94,191,145,336,9.473074109787838,166,74,122,113,9.78,19.51,22.72,17.97,22.81,7.22,HURKACZ
Monte_Carlo_2024_R32_Hurkacz_Bautista-Agut,124.6,28.786233333333332,23.1,2997.9204091484207,2.0194174757281553,518,167,311,605,916,14.663678116596072,433,206,402,381,11.27,14.4,16.38,19.72,16.74,21.49,HURKACZ
Monte_Carlo_2024_R64_Hurkacz_Draper,144.18333333333334,30.809583333333332,21.37,2860.7441531523914,1.8393884892086332,557,191,418,493,911,24.822356506922848,462,213,435,366,8.54,18.88,13.56,16.68,18.0,24.34,HURKACZ
Monte_Carlo_2024_R16_Hurkacz_Ruud,72.76666666666667,14.933449999999999,20.52,1367.7523031178675,1.8307251908396946,278,112,238,230,468,10.580888994794792,231,98,195,154,14.47,21.45,20.93,12.13,8.28,22.74,HURKACZ
Beijing_2024_R16_Osaka_Gauff,87.35,22.966716666666667,26.29,1764.9124528625775,1.6009408602150537,375,130,388,260,648,14.430567019773076,238,206,236,287,3.85,15.45,23.04,36.68,18.16,2.81,OSAKA
Beijing_2024_R64_Osaka_Putintseva,106.11666666666666,20.456,19.28,1606.3461308483468,1.5532577903682718,372,161,330,270,600,9.259995532676925,233,166,198,269,5.12,29.98,39.4,19.81,5.22,0.47,OSAKA
Beijing_2024_1st_Bronzetti_Osaka,83.68333333333334,15.114,18.06,1203.5886687815664,1.51310592459605,291,130,248,245,493,8.706028663519335,180,93,162,194,7.9,27.24,42.41,19.69,2.46,0.3,OSAKA
Beijing_2024_R32_Volynets_Osaka,77.76666666666667,15.59965,20.06,1337.7645824318786,1.6189964157706094,284,119,199,276,475,8.906979491739941,161,120,169,223,4.98,20.97,42.81,26.07,4.75,0.43,OSAKA
Auckland_2025_R16_Osaka_Grabher,124.98333333333333,11.87315,9.5,1129.166222827672,1.3652613827993254,292,126,214,251,465,7.340004842198449,218,112,182,196,4.49,20.04,31.39,30.36,12.48,1.24,OSAKA
Auckland_2025_F_Tauson_Osaka,41.81666666666667,4.701616666666666,11.24,476.1206312481789,1.4649193548387098,118,61,74,133,207,8.416365524902671,79,37,63,92,3.25,15.24,25.88,28.29,26.63,0.72,OSAKA
Auckland_2025_QF_Osaka_Baptiste,148.56666666666666,13.260416666666666,8.93,1242.765870245082,1.329925925925926,339,162,264,250,514,8.956323801368589,225,104,205,215,4.15,16.51,23.21,35.67,19.53,0.94,OSAKA
Auckland_2025_R32_Osaka_Glushko,87.01666666666667,8.788933333333334,10.1,787.8387319176057,1.261587982832618,234,123,141,192,333,7.083987963349458,164,86,138,153,3.22,23.43,39.34,29.27,4.32,0.41,OSAKA
Auckland_2025_SF_Parks_Osaka,322.51666666666665,7.036633333333333,2.18,651.2921252582139,1.2974093264248705,188,110,148,162,310,5.5354467119531705,127,67,101,111,1.93,19.98,23.79,22.66,28.23,3.41,OSAKA
AO_2025_1st_Osaka_Garcia,105.9,13.215616666666667,12.48,1223.4882152157043,1.3211764705882352,342,163,259,222,481,10.626842288228588,199,104,207,248,3.07,15.63,19.94,31.83,28.09,1.43,OSAKA
AO_2025_R64_Muchova_Osaka,117.53333333333333,13.956933333333332,11.87,1370.5251316220335,1.4144611186903138,354,164,237,385,622,11.752069377931027,260,113,213,260,4.81,14.54,24.69,41.32,13.49,1.15,OSAKA
AO_2025_R32_Osaka_Bencic,57.25,7.228833333333333,12.63,721.9486499242616,1.427461139896373,205,86,155,143,298,7.726948988103277,107,68,113,151,2.19,14.67,27.27,34.0,20.47,1.39,OSAKA
AO_2025_1st_Hurkacz_Griekspoor,143.83333333333334,17.675016666666668,12.29,1877.1121565272545,1.5664804469273743,422,202,276,532,808,12.254395754504198,369,182,274,310,7.84,14.64,20.46,22.76,18.73,15.57,HURKACZ
AO_2025_R64_Hurkacz_Kecmanovic,111.26666666666667,14.944033333333334,13.43,1539.1439017406335,1.5055844155844156,388,164,298,383,681,10.253675460493255,315,145,260,236,8.0,14.44,19.36,20.07,24.04,14.09,HURKACZ
United_Cup_2025_R64_Hurkacz_Ruud,82.88333333333334,10.88835,13.14,1287.2781946710222,1.7329203539823008,292,119,223,299,522,10.416122359960324,264,101,182,206,13.79,16.27,20.37,18.6,18.01,12.95,HURKACZ
United_Cup_2025_R64_Hurkacz_Machac,1439.9833333333333,12.9626,0.9,1445.1882929381968,1.5630465444287729,353,168,307,289,596,12.114980697048647,300,157,223,247,6.82,17.04,23.55,19.82,18.78,13.98,HURKACZ
United_Cup_2025_R32_Hurkacz_Harris,105.06666666666666,14.276516666666668,13.59,1599.1230299235697,1.6408333333333334,359,146,243,391,634,10.112884143258162,291,147,246,260,7.41,10.99,18.46,22.62,22.49,18.03,HURKACZ
AO_2025_1st_Tsitsipas_Michelsen,161.8,20.613983333333334,12.74,2286.4327869822428,1.6242286751361161,550,236,439,510,949,10.181468515384845,418,262,354,315,5.02,11.31,23.42,19.38,24.69,16.19,TSITSIPAS
United_Cup_2025_R32_Tsitsipas_Carreno-Busta,370.46666666666664,14.0788,3.8,1660.7544805692903,1.6816464237516868,383,176,219,370,589,19.54608384565769,265,154,258,215,7.01,8.57,25.36,23.07,23.42,12.56,TSITSIPAS
United_Cup_2025_R32_Tsitsipas_Shevchenko,112.55,13.456700000000001,11.96,1459.5448270753052,1.6010159651669085,359,147,237,333,570,8.26416216409592,273,115,215,193,7.37,10.19,25.59,19.84,22.51,14.5,TSITSIPAS
Paris_2024_R32_Tsitsipas_Tabilo,66.83333333333333,11.478066666666667,17.17,1061.764937038317,1.777336448598131,222,108,183,159,342,21.01200975655331,179,83,147,116,6.38,14.41,26.92,17.19,22.05,13.05,TSITSIPAS
Paris_2024_R64_Tsitsipas_Carballes-Baena,118.86666666666666,21.450216666666666,18.05,2087.551619489986,1.9767175572519085,406,157,280,355,635,10.427863720188872,295,150,279,238,9.29,10.96,25.04,23.83,24.65,6.24,TSITSIPAS
Paris_2024_R16_Tsitsipas_Cerundolo,141.11666666666667,25.971383333333332,18.4,2371.6458599583166,1.89140625,436,192,303,471,774,11.984814602179735,331,221,336,230,6.04,9.59,19.76,18.44,25.15,21.02,TSITSIPAS
Paris_2024_QF_Zverev_Tsitsipas,100.9,16.6651,16.52,1536.3234819648974,1.8609120521172637,319,131,255,255,510,12.677876339583245,217,133,221,163,7.2,11.73,26.55,24.06,22.17,8.3,TSITSIPAS
Cincinnati_2024_R32_Draper_Tsitsipas,138.68333333333334,21.899933333333333,15.79,2184.789849213093,1.9355072463768115,417,191,383,365,748,10.339848880368756,401,170,301,219,10.55,16.39,24.74,19.7,18.52,10.11,TSITSIPAS
Cincinnati_2024_R64_Struff_Tsitsipas,117.05,21.685866666666666,18.53,1635.660273506485,1.7475699558173783,331,189,231,316,547,10.446650461955578,312,143,250,141,5.5,13.74,22.86,19.47,29.05,9.37,TSITSIPAS
Tokyo_2024_R32_Michelsen_Tsitsipas,107.86666666666666,17.363233333333334,16.1,1559.4939879225687,1.9248376623376624,310,136,252,277,529,12.774294711171088,264,139,209,160,8.24,14.7,26.1,21.96,21.32,7.67,TSITSIPAS
Shanghai_2024_R16_Tsitsipas_Medvedev,110.55,24.7621,22.4,1943.8943938578764,1.9425977653631286,365,145,336,281,617,10.31918627296372,308,112,270,207,11.46,15.63,21.98,22.83,23.41,4.68,TSITSIPAS
Shanghai_2024_R64_Tsitsipas_Nishikori,105.28333333333333,17.494449999999997,16.62,1523.3183081814125,1.8550600343053174,302,131,197,203,400,17.43490131364927,221,139,193,190,3.91,12.2,25.36,19.24,27.07,12.22,TSITSIPAS
Shanghai_2024_R32_Tsitsipas_Muller,87.93333333333334,18.095533333333332,20.58,1710.2760458251253,1.978827361563518,306,123,166,366,532,11.711303434533738,224,120,230,207,7.83,9.05,22.42,20.21,30.82,9.67,TSITSIPAS
Antwerp_2024_R16_Seyboth-Wild_Tsitsipas,140.03333333333333,27.6976,19.78,2290.971843523668,1.8406703910614526,447,201,392,290,682,12.1906701172662,374,174,271,289,9.93,12.65,24.39,19.7,24.57,8.76,TSITSIPAS
Antwerp_2024_QF_Lehecka_Tsitsipas,84.23333333333333,15.695783333333333,18.63,1347.7891112050056,1.8216606498194947,289,124,305,179,484,10.309272297733814,231,130,178,173,6.25,12.84,28.2,20.34,21.28,11.09,TSITSIPAS
Basel_2024_R16_Tsitsipas_van-de-Zandschulp,106.78333333333333,20.777733333333334,19.46,1821.8860682416416,1.932748538011696,346,156,312,309,621,15.73242906818076,293,163,237,224,8.97,12.87,28.8,24.6,19.24,5.53,TSITSIPAS
Basel_2024_R32_Tsitsipas_Cerundolo,151.9,28.280466666666666,18.62,2600.1967655337103,1.8692890995260663,530,231,435,486,921,7.57723741598055,400,236,377,290,6.15,12.5,30.29,26.13,20.71,4.22,TSITSIPAS
Basel_2024_QF_Tsitsipas_Fils,83.21666666666667,11.875466666666666,14.27,1214.7542911281278,1.8565476190476191,258,127,243,190,433,7.268879226189251,217,111,177,121,7.24,13.4,31.84,25.65,17.72,4.15,TSITSIPAS
US_Open_2024_1st_Tsitsipas_Kokkinakis,233.58333333333334,31.868550000000003,13.64,3036.6547352635625,1.8761987794245858,569,270,445,561,1006,14.524025419170208,493,271,443,325,6.62,11.41,25.12,20.57,25.12,11.16,TSITSIPAS
AO_2025_1st_Zhang_Rune,189.98333333333332,24.450216666666666,12.87,2474.968322353337,1.4784770784770784,644,273,487,524,1011,11.038661307412172,407,249,395,367,5.89,11.01,19.64,15.65,23.96,23.84,ZHANG
Adelaide_2025_R32_Shapovalov_Zhang,67.28333333333333,7.541953216666667,11.21,768.3417603623983,1.4943765281173595,201,107,164,157,321,8.818677814714457,124,76,129,109,5.61,10.5,27.02,12.14,18.15,26.6,ZHANG
United_Cup_2025_R32_Fritz_Zhang,83.36666666666666,10.7108,12.85,1024.354554279883,1.4100934579439253,281,116,250,172,422,12.434058665945816,178,110,166,139,5.84,11.81,24.77,12.49,20.59,24.5,ZHANG
Paris_2024_R64_Etcheverry_Zhang,95.65,18.808,19.66,1518.894014235024,1.752442996742671,315,144,273,282,555,17.544072592274407,284,116,183,202,6.08,16.0,22.35,21.5,20.8,13.27,ZHANG
Beijing_2024_R32_Davidovich-Fokina_Zhang,121.71666666666667,21.19043333333333,17.41,2116.534702464138,1.8123543123543124,430,168,331,434,765,14.67146006168847,336,159,293,246,8.19,11.69,17.25,13.7,26.85,22.33,ZHANG
Shanghai_2024_1st_Zhang_Bergs,78.85,17.2681,21.9,1601.3579084857981,1.9739424703891708,286,115,245,297,542,10.366219131157484,213,144,214,209,5.45,12.18,17.9,16.98,30.29,17.2,ZHANG
Almaty_2024_R32_Zhang_Karatsev,90.18333333333334,17.216933333333333,19.09,1359.6064967805603,1.7741347905282332,270,133,265,223,488,11.34661480709726,201,128,179,171,5.18,15.96,23.42,18.53,19.87,17.05,ZHANG
Vienna_2024_R32_Dimitrov_Zhang,97.45,20.63566666666667,21.18,1768.6335550472459,1.8899408284023667,338,136,351,281,632,11.818681864368234,277,166,233,222,7.17,15.4,25.77,22.21,19.02,10.44,ZHANG
AO_2025_1st_Pavlyuchenkova_Yuan,136.23333333333332,16.20705,11.9,1490.3952994386075,1.3423913043478262,420,183,269,269,538,9.383864433458449,251,129,260,227,8.94,13.84,28.58,29.42,17.45,1.76,PAVLYUCHENKOVA
AO_2025_R16_Vekic_Pavlyuchenkova,105.61666666666666,9.893866666666666,9.37,945.2467010268493,1.357276119402985,268,141,208,173,381,8.046915007333974,198,91,140,149,9.21,24.94,32.25,19.0,13.0,1.6,PAVLYUCHENKOVA
AO_2025_R64_Pavlyuchenkova_Potapova,332.51666666666665,14.699483333333335,4.42,1337.890606484062,1.2923462986198244,404,184,301,279,580,7.131350781678751,264,149,213,239,8.78,21.02,36.68,25.89,7.11,0.51,PAVLYUCHENKOVA
AO_2025_R32_Pavlyuchenkova_Siegemund,92.3,9.255666666666666,10.03,875.136694055127,1.3447422680412373,243,110,176,172,348,12.009404658125666,154,95,115,152,7.87,20.18,39.13,26.63,3.9,2.29,PAVLYUCHENKOVA
AO_2025_QF_Sabalenka_Pavlyuchenkova,113.56666666666666,11.793266666666666,10.38,1176.6668284266964,1.4248840803709428,328,154,256,244,500,8.485126120483008,220,120,173,208,8.91,20.51,36.5,23.75,9.56,0.77,PAVLYUCHENKOVA
AO_2025_QF_Paul_Zverev,207.81666666666666,26.6737,12.84,3083.9835905709683,1.7759426847662143,673,250,503,640,1143,10.325839697680944,543,245,422,445,8.8,10.79,25.74,27.69,15.65,11.34,PAUL
Adelaide_2025_R16_Paul_Guinard,314.31666666666666,13.820935466666667,4.4,1584.7099378545872,1.7459170013386882,378,177,314,248,562,10.18029951699116,294,168,205,234,6.37,13.54,28.37,22.19,16.53,13.0,PAUL
Adelaide_2025_SF_Paul_Auger-Aliassime,164.63333333333333,20.186970499999997,12.26,2433.2999249143754,1.866194523135033,523,204,384,510,894,11.318901025593448,372,243,359,324,6.34,11.69,25.12,23.28,17.57,16.0,PAUL
Adelaide_2025_QF_Paul_Hijikata,78.43333333333334,10.97014045,13.99,1225.9422800594423,1.7104810996563573,300,117,226,262,488,8.84056543611183,236,120,165,172,8.62,14.06,30.1,24.28,15.23,7.72,PAUL
AO_2025_QF_Djokovic_Alcaraz,217.75,27.72351666666667,12.73,3006.633317078219,1.6131010452961674,717,260,715,521,1236,11.846531085249792,534,380,440,546,7.0,15.4,21.9,23.0,23.29,9.4,DJOKOVIC
AO_2025_SF_Djokovic_Zverev,80.56666666666666,11.899866666666666,14.77,1234.773498798761,1.5728668941979522,301,92,330,201,531,10.705720328815437,205,132,186,233,5.49,12.95,18.4,20.98,23.91,18.28,DJOKOVIC
Rotterdam_2025_R32_Cobolli_Hurkacz,76.86666666666666,16.483616666666666,21.44,1041.7312163047204,1.6640256959314776,239,102,240,166,406,14.58872869134074,176,115,163,132,4.93,16.62,24.25,18.24,16.27,19.7,COBOLLI
Montpellier_2025_R16_de-Jong_Cobolli,116.63333333333334,10.554733333333333,9.05,834.7736019971795,1.5168674698795181,207,90,176,171,347,12.618960791233787,134,70,130,112,7.83,16.76,24.17,17.4,16.09,17.75,COBOLLI
Rome_2024_1st_Marterer_Cobolli,76.15,16.805266666666668,22.07,1648.1551889849457,2.0613766730401526,264,109,208,217,425,15.286675632257452,217,151,199,166,6.72,15.83,15.77,11.55,11.81,38.32,COBOLLI
Washington_2024_R32_Goffin_Cobolli,98.5,14.921016666666667,15.15,1397.9806708446133,1.8335135135135137,272,146,181,310,491,15.985313542416137,216,124,184,172,7.37,16.24,21.11,17.98,22.13,15.17,COBOLLI
Washington_2024_QF_Cobolli_Michelsen,159.08333333333334,26.837533333333333,16.87,2184.579620121429,1.8145328719723184,450,214,381,384,765,10.709377474474556,355,192,291,255,7.43,16.06,23.53,18.59,24.85,9.54,COBOLLI
Los_Cabos_2024_Q_Cobolli_Polmans,75.23333333333333,15.218033333333333,20.23,1414.6261368674518,1.9784552845528456,251,102,190,239,429,21.134079779568232,204,108,173,158,8.22,14.37,18.28,15.99,19.41,23.73,COBOLLI
Los_Cabos_2024_Q_Cobolli_Shimabukuro,135.48333333333332,32.412083333333335,23.92,3059.5425724366287,1.9793950850661624,518,178,355,562,917,14.007561289980032,414,256,378,351,13.22,14.38,17.51,14.79,18.41,21.69,COBOLLI
Los_Cabos_2024_R32_Cobolli_Nishioka,49.333333333333336,11.670983333333334,23.66,1019.7497929732838,1.8046228710462289,216,78,168,159,327,12.932400634282468,156,95,142,116,8.96,22.67,21.89,14.53,20.17,11.78,COBOLLI
Pune_2023_R16_Cobolli_van-de-Zandschulp,93.25,17.93745318332133,19.24,1623.9530512690617,1.9028616852146265,311,123,255,279,534,11.24016109948384,216,142,208,217,6.62,12.16,21.92,22.04,23.48,13.78,COBOLLI
Pune_2023_R32_Cobolli_Sasikumar,98.16666666666667,20.91436238668551,21.3,1750.9589839681705,1.785329744279946,378,129,262,394,656,9.510896178838813,257,155,269,249,3.65,10.7,18.98,23.59,25.21,17.88,COBOLLI
Delray_Beach_2024_Q_Cobolli_Moreno-De-Alboran,135.13333333333333,25.971383333333332,19.22,2400.9352026633787,1.854845580404686,481,190,379,450,829,11.73591538820526,399,207,319,308,9.87,18.41,21.42,19.67,17.29,13.35,COBOLLI
Delray_Beach_2024_R16_Svajda_Cobolli,134.8,33.29221666666667,24.7,3152.6671981707514,1.8740835464620633,596,202,456,568,1024,13.491299308059643,477,232,400,398,11.07,14.11,21.66,20.24,21.1,11.82,COBOLLI
Delray_Beach_2024_Q_Cobolli_Marchenko,88.1,17.908316666666668,20.33,1434.7223422384754,1.7396610169491526,294,119,245,290,535,9.330833310836807,233,144,195,182,6.87,17.66,24.6,19.16,16.16,15.55,COBOLLI
Delray_Beach_2024_R32_Cobolli_Daniel,142.9,27.1941,19.03,2598.3823369945335,1.8206961429915334,543,182,473,451,924,13.892613548878204,372,255,374,323,4.54,13.85,19.43,18.14,23.31,20.74,COBOLLI
Miami_2024_R64_Norrie_Cobolli,154.21666666666667,27.0953,17.57,2825.0234118839203,1.996743295019157,555,218,531,350,881,14.999772427259607,400,269,356,314,7.57,17.31,24.36,15.43,14.29,21.05,COBOLLI
Miami_2024_1st_Nishioka_Cobolli,112.38333333333334,25.261666666666667,22.48,2379.186456136211,1.9808561236623068,431,144,366,350,716,15.205619729721562,330,221,329,263,9.05,15.37,19.94,23.38,18.62,13.64,COBOLLI
Geneva_2024_QF_Shevchenko_Cobolli,81.85,19.000983333333334,23.21,1684.3094630031717,1.9503246753246755,319,123,292,231,523,12.08020378641091,257,130,238,193,8.02,18.38,18.0,14.11,15.21,26.28,COBOLLI
Geneva_2024_R32_Karatsev_Cobolli,86.55,15.142533333333335,17.5,1433.7459576559327,1.9744916820702403,270,120,167,262,429,15.213492546794155,160,122,183,153,3.06,12.89,13.42,11.62,16.1,42.92,COBOLLI
Geneva_2024_SF_Cobolli_Ruud,109.95,21.166983333333334,19.25,2014.7671178630492,1.9336032388663966,388,156,332,314,646,12.515457879079095,296,161,244,215,9.61,14.41,18.11,12.92,13.54,31.42,COBOLLI
Rogers_cup_2024_R64_Auger-Aliassime_Cobolli,66.93333333333334,11.460716666666666,17.12,1030.5680753663196,1.982620320855615,188,87,189,166,355,12.335704196786562,153,115,146,119,8.13,16.41,21.23,9.13,11.49,33.61,COBOLLI
Rogers_cup_2024_R32_Cobolli_Rinderknech,1017.1166666666667,12.912366666666665,1.27,1291.7890570343498,1.8047337278106508,262,96,242,215,457,10.542478925269297,176,143,179,159,5.18,12.57,19.37,10.71,18.46,33.71,COBOLLI
Vienna_2024_R16_Cobolli_de-Minaur,73.98333333333333,16.05385,21.7,1442.5277205245438,1.9583486238532108,286,109,279,173,452,14.964050691219668,236,123,184,172,16.36,13.29,26.35,20.71,17.82,5.47,COBOLLI
Acapulco_2024_Q_Cobolli_Lestienne,126.03333333333333,24.814833333333336,19.69,2305.469936622404,1.969064748201439,406,165,238,487,725,13.906020390613389,305,192,314,277,7.48,12.98,20.96,22.65,24.15,11.77,COBOLLI
Acapulco_2024_R32_Auger-Aliassime_Cobolli,116.7,20.729866666666666,17.76,1680.6368604395998,1.8919642857142858,334,137,323,278,601,12.77736867689501,264,163,224,197,6.15,15.77,22.46,16.68,14.7,24.23,COBOLLI
Acapulco_2024_Q_Cobolli_Holt,118.98333333333333,27.0122,22.7,2284.719359384925,1.8727482678983833,457,156,390,374,764,28.08564206020916,342,218,294,267,10.49,15.99,22.42,15.85,16.56,18.68,COBOLLI
Madrid_2024_R32_Cobolli_Khachanov,93.28333333333333,20.61655,22.1,1817.277607213571,1.9303738317757009,338,129,301,229,530,23.692162059835127,223,169,246,215,5.42,15.66,17.49,10.46,15.42,35.56,COBOLLI
Madrid_2024_R64_Jarry_Cobolli,140.91666666666666,31.415033333333334,22.29,2152.513353179197,1.8671728971962616,421,182,362,402,764,8.609754049571537,347,196,317,274,7.3,18.07,17.54,14.02,16.4,26.67,COBOLLI
Madrid_2024_1st_Tabilo_Cobolli,123.85,20.573033333333335,16.61,1778.9425852071076,1.6915708812260537,402,164,293,364,657,12.069048515232678,288,139,232,241,6.96,16.26,17.39,14.67,17.85,26.87,COBOLLI
Cincinnati_2024_R32_Darderi_Cobolli,65.21666666666667,14.0988,21.62,1333.3927094527144,1.9520920502092052,241,102,203,211,414,12.493645735409906,166,150,164,158,8.1,13.49,19.69,13.0,22.31,23.41,COBOLLI
Umag_2024_R16_Cobolli_Lajovic,131.41666666666666,31.031766666666666,23.61,2897.902336017011,2.0042381432896064,503,172,353,548,901,14.925854024656855,382,238,398,334,8.82,12.79,15.79,12.6,14.88,35.12,COBOLLI
Umag_2024_R32_Navone_Cobolli,84.81666666666666,19.1681,22.6,1819.4625574439062,2.02864,325,112,304,253,557,12.576398537091022,256,186,249,213,8.14,15.41,20.27,15.03,14.78,26.37,COBOLLI
Shanghai_2024_R64_Cobolli_Wawrinka,150.16666666666666,31.627616666666665,21.06,2691.9340319578,2.0438297872340425,478,210,531,332,863,12.740498753891714,407,221,317,315,11.07,18.25,23.22,21.64,13.85,11.96,COBOLLI
Shanghai_2024_R32_Cobolli_Djokovic,63.15,13.845183333333333,21.92,1250.0892509516168,1.8631687242798354,249,93,266,131,397,15.543574930732746,150,137,152,155,6.68,17.1,22.58,24.24,21.49,7.91,COBOLLI
Indian_Wells_2024_1st_Cobolli_Carballes-Baena,100.51666666666667,20.008950000000002,19.91,2019.3249863214762,1.8467080745341613,416,132,300,435,735,11.05632125655514,344,168,313,212,9.4,13.42,18.5,21.96,19.13,17.58,COBOLLI
Eastbourne_2024_R16_Hussey_Cobolli,110.6,20.771900000000002,18.78,2047.1776080222417,1.9715620827770362,379,165,293,379,672,13.999953097419718,320,180,282,224,15.39,14.96,23.76,22.08,17.2,6.61,COBOLLI
Eastbourne_2024_QF_Cobolli_Harris,147.66666666666666,25.65315,17.37,2481.536265644844,1.873168103448276,478,202,380,434,814,11.43542830114778,337,230,324,280,10.06,13.63,19.53,17.54,25.84,13.39,COBOLLI
Eastbourne_2024_R32_Rinderknech_Cobolli,81.55,13.58885,16.66,1278.697112956238,1.8929896907216495,250,120,238,195,433,13.091666877852154,231,110,160,157,11.12,18.16,22.69,13.88,13.37,20.78,COBOLLI
Jeddah_2023_RR_Cobolli_Nardi,133.36666666666667,27.653216666666665,20.73,2543.0628221927323,1.9931677018633542,495,189,457,386,843,13.7162370899673,378,244,304,342,8.22,11.95,20.28,13.41,20.99,25.15,COBOLLI
Jeddah_2023_RR_Stricker_Cobolli,98.75,18.4739,18.71,1769.2865039769779,1.961285500747384,340,148,338,271,609,12.198557885724693,286,181,223,233,11.93,16.5,21.02,13.98,16.07,20.51,COBOLLI
Monte_Carlo_2024_Q_Nagal_Cobolli,80.43333333333334,17.754616666666667,22.07,1929.5209087219039,2.018942731277533,338,109,155,411,566,12.947718228826105,247,163,289,220,5.4,9.26,13.79,14.19,17.44,39.92,COBOLLI
Beijing_2024_R32_Bublik_Cobolli,123.85,24.366116666666667,19.67,2654.205950135833,1.9862539349422876,496,191,558,316,874,11.600316501135914,422,278,333,306,16.96,18.16,25.01,13.62,13.19,13.05,COBOLLI
Beijing_2024_R16_Cobolli_Kotov,76.2,13.526,17.75,1494.6820328322194,2.035619047619048,257,103,205,266,471,11.07698401015549,183,135,200,182,4.74,15.91,18.85,18.47,18.24,23.79,COBOLLI
Auckland_2025_R32_Nardi_Cobolli,44.95,5.24489065,11.67,506.13449776080097,1.4536585365853658,142,65,93,124,217,5.6081290154352414,91,53,94,77,5.29,12.77,31.09,21.72,21.35,7.78,COBOLLI
Cincinnati_2024_R16_Hurkacz_Cobolli,118.1,19.99181666666667,16.93,1703.324195559762,1.8738582677165356,324,147,317,235,552,23.370410590620533,255,172,218,178,9.57,15.74,21.71,14.65,16.13,22.22,COBOLLI
Beijing_2024_QF_Cobolli_Medvedev,88.38333333333334,20.678116666666664,23.4,2309.6143897167926,2.069102564102564,388,125,299,422,721,14.37675293412032,296,195,308,279,7.34,13.34,17.47,19.96,18.43,23.47,COBOLLI
Dallas_2025_R32_Paul_Brooksby,159.45,23.53710368333333,14.76,2703.594059820774,1.8092654424040067,603,206,474,579,1053,12.55624878093798,420,267,359,429,6.8,9.97,26.37,30.2,19.48,7.19,PAUL
Rotterdam_2025_R32_Rublev_Zhang,82.73333333333333,16.3514,19.76,1154.2091617587496,1.4706666666666666,307,131,212,288,500,9.862669188234804,182,102,182,155,4.47,12.12,20.21,10.0,18.84,34.37,ZHANG
Rotterdam_2025_R32_Tsitsipas_Mayot,83.01666666666667,17.89945,21.56,1372.866571021418,1.7114864864864865,299,120,204,313,517,16.00116455929473,254,129,210,181,8.15,14.18,21.87,20.16,21.04,14.6,TSITSIPAS
Rotterdam_2025_R32_Cobolli_Hurkacz,76.86666666666666,16.483616666666666,21.44,1015.1863918031232,1.5798715203426124,228,102,166,240,406,10.346453888291808,201,97,149,148,9.36,18.17,23.0,21.45,21.72,6.29,HURKACZ
Rotterdam_2025_R16_Lehecka_Hurkacz,54.75,9.75875,17.82,762.3542835300574,1.6521613832853024,177,81,163,121,284,10.251606976559176,167,50,112,110,12.24,21.1,17.5,23.2,17.44,8.52,HURKACZ
Rotterdam_2025_R32_Fils_Lestienne,124.73333333333333,25.583016666666666,20.51,2055.518615190235,1.5739451476793247,488,170,355,479,834,11.409999561087774,346,202,326,332,8.32,12.45,26.46,28.39,21.03,3.34,FILS
Dallas_2025_R32_Nishioka_Nakashima,100.73333333333333,16.13374845,16.02,1693.6552562209042,1.6961587708066581,388,134,291,335,626,12.993505099483071,267,183,248,264,5.84,10.53,24.72,24.55,26.52,7.84,NAKASHIMA
AO_2025_1st_Shelton_Nakashima,160.16666666666666,21.695899999999998,13.55,2196.0228182128394,1.4889699179580675,537,223,472,457,929,11.313076449997183,415,244,335,314,5.64,12.52,26.19,24.86,23.62,7.17,NAKASHIMA
Hong_Kong_2025_R32_Sonego_Nakashima,90.66666666666667,16.6004,18.31,1039.364838799359,1.6344827586206896,240,117,193,197,390,9.715231307302748,212,123,161,141,8.47,19.34,21.61,17.0,23.5,10.08,NAKASHIMA
Adelaide_2025_R16_Hijikata_Nakashima,120.61666666666666,14.541308133333333,12.06,1477.887997049456,1.5661038961038962,377,169,334,344,678,8.679116572147212,320,157,223,214,6.7,17.05,26.77,23.91,20.54,5.03,NAKASHIMA
Adelaide_2025_R32_Hanfmann_Nakashima,207.01666666666668,12.363340416666666,5.97,1364.6853023482272,1.660960960960961,335,143,248,280,528,12.930156161720044,238,159,206,186,5.6,11.13,24.47,16.54,28.01,14.25,NAKASHIMA
Paris_2024_R64_Humbert_Nakashima,124.18333333333334,20.939166666666665,16.86,2025.1659668388495,1.8469910371318823,388,166,323,359,682,11.616321256581704,269,206,261,243,6.09,16.03,26.8,17.89,21.72,11.48,NAKASHIMA
Stockholm_2024_R32_Wawrinka_Nakashima,80.53333333333333,14.661083333333332,18.2,1603.497604198802,1.95152027027027,294,115,290,249,539,9.956672104168131,225,143,229,219,6.06,13.93,24.5,20.42,24.93,10.16,NAKASHIMA
Vienna_2024_R16_Khachanov_Nakashima,110.88333333333334,20.051433333333332,18.08,2139.2419762903924,1.9186785260482846,397,147,421,257,678,8.736066260962799,299,195,268,284,8.25,12.74,27.89,20.78,21.38,8.96,NAKASHIMA
Vienna_2024_R32_Nakashima_Paul,105.58333333333333,23.80521666666667,22.55,2248.9801649711867,1.9110709987966306,396,142,308,402,710,10.795987069371916,283,202,306,295,5.8,10.24,21.76,23.85,24.68,13.66,NAKASHIMA
Tokyo_2024_R16_Nakashima_Humbert,67.41666666666667,12.594083333333334,18.68,1149.570090670196,1.7933045356371489,221,92,213,191,404,14.36465749320944,126,149,163,163,5.56,12.55,22.68,19.33,30.64,9.23,NAKASHIMA
Tokyo_2024_R32_Tiafoe_Nakashima,81.16666666666667,16.71935,20.6,1399.4544348631057,1.8994444444444445,265,118,210,250,460,10.600216027656538,182,129,183,196,5.7,14.28,19.93,21.9,29.54,8.66,NAKASHIMA
Shanghai_2024_R64_Watanuki_Nakashima,92.26666666666667,16.614716666666666,18.01,1236.5736958515436,1.6879017013232513,257,109,168,240,408,9.980553212085034,154,127,152,189,6.6,18.99,28.03,24.39,18.84,3.15,NAKASHIMA
Rome_2024_1st_Kecmanovic_Nakashima,191.56666666666666,23.735266666666668,12.39,1997.747526063884,1.8711258278145695,381,120,349,323,672,11.755118218831488,256,194,316,257,3.02,9.44,16.75,14.53,19.54,36.72,KECMANOVIC
Rome_2024_R64_Kecmanovic_Ruud,138.81666666666666,30.510683333333336,21.98,2698.45871418233,1.8899118511263466,502,166,414,522,936,19.3873087895986,317,237,431,354,2.86,9.85,16.22,20.43,21.07,29.58,KECMANOVIC
Rome_2024_R32_Monteiro_Kecmanovic,156.91666666666666,29.450816666666665,18.77,3043.9852545576127,2.0362735381565904,501,185,456,380,836,51.68177219237009,361,256,391,310,6.82,12.26,19.67,17.31,16.29,27.65,KECMANOVIC
Los_Cabos_2024_R32_Kecmanovic_Hijikata,112.28333333333333,24.27938333333333,21.62,2403.4862052704966,1.872384034519957,470,155,476,339,815,17.66506969507178,269,230,365,300,4.77,15.95,22.35,27.06,24.87,4.99,KECMANOVIC
AO_2024_1st_Kecmanovic_Watanuki,157.26666666666668,27.213033333333332,17.3,1927.4777354138246,1.5510775862068966,452,234,397,417,814,12.594053575288928,337,185,275,286,3.55,15.97,18.18,15.12,17.92,29.26,KECMANOVIC
Delray_Beach_2024_R32_Kypson_Kecmanovic,90.15,18.19111666666667,20.18,1583.6144310083548,1.7140888208269525,322,128,307,299,606,11.30986011062301,234,134,248,219,6.23,13.15,21.0,22.24,15.89,21.49,KECMANOVIC
Hertogenbosch_2024_R32_Griekspoor_Kecmanovic,300.03333333333336,33.33336666666666,11.11,2631.9256090336025,1.7787652011225443,516,239,551,415,966,14.264249807712796,417,262,420,344,7.43,17.01,35.24,29.21,8.78,2.32,KECMANOVIC
Miami_2024_1st_Kecmanovic_Shang,166.38333333333333,32.242333333333335,19.38,3062.063548169985,1.770401854714065,643,232,651,479,1130,12.336728033344713,417,324,523,394,6.95,14.8,28.35,34.68,13.16,2.05,KECMANOVIC
Wimbledon_2024_R32_Sinner_Kecmanovic,96.06666666666666,19.324583333333333,20.12,1806.6986590662038,1.9077994428969358,356,140,377,281,658,9.995445334320372,264,171,291,239,7.06,12.89,22.41,25.87,21.4,10.37,KECMANOVIC
Acapulco_2024_R16_Altmaier_Kecmanovic,93.46666666666667,18.88565,20.21,1609.5179216110264,1.7269349845201236,323,112,248,307,555,12.025595560801728,230,136,249,208,10.01,8.59,22.05,30.13,20.85,8.38,KECMANOVIC
Acapulco_2024_R32_Kecmanovic_Schwartzman,200.78333333333333,27.9893,13.94,2575.4944024721726,1.7884504331087585,482,167,331,588,919,11.551515253240916,226,248,380,390,3.68,9.73,25.11,36.09,19.61,5.78,KECMANOVIC
Acapulco_2024_QF_Kecmanovic_Draper,81.33333333333333,19.51985,24.0,1651.3721780921655,1.7295154185022026,341,108,302,286,588,10.156327981565669,185,128,265,201,5.49,13.23,23.58,32.44,20.32,4.94,KECMANOVIC
Madrid_2024_1st_Zhang_Kecmanovic,68.58333333333333,16.03385,23.38,1522.881537001614,1.8228813559322035,299,103,288,234,522,10.085792172089995,212,128,255,192,6.63,11.33,18.05,15.69,17.54,30.76,KECMANOVIC
Madrid_2024_R64_Kecmanovic_Ruud,73.2,17.076966666666667,23.33,1765.5295155886013,2.0077814569536425,290,94,283,261,544,10.51189006120593,216,148,283,198,7.64,9.27,14.62,15.72,18.47,34.28,KECMANOVIC
Hong_Kong_2024_R16_Tiafoe_Kecmanovic,92.11666666666666,22.200100000000003,24.1,1901.7159887364373,1.8367239101717305,382,139,371,308,679,9.895439529509384,282,164,294,245,9.28,18.8,26.41,32.64,11.0,1.88,KECMANOVIC
Hong_Kong_2024_R32_Kecmanovic_Daniel,70.75,14.800733333333334,20.92,1267.7926922506895,1.7417602996254682,266,92,188,250,438,12.00579715619214,160,120,208,182,7.52,13.92,23.46,34.58,15.96,4.56,KECMANOVIC
Indian_Wells_2024_1st_Sonego_Kecmanovic,90.4,18.547700000000003,20.52,1565.1261973375838,1.8744791666666667,288,123,303,166,469,10.705171599893443,213,118,217,181,9.74,14.83,24.66,16.7,17.54,16.53,KECMANOVIC
Eastbourne_2024_R16_Kecmanovic_Baez,69.46666666666667,14.468566666666668,20.83,1452.4850571620661,1.8303350970017636,282,103,230,293,523,11.566141643813276,184,127,212,210,10.63,13.4,27.62,32.29,11.48,4.58,KECMANOVIC
Eastbourne_2024_R32_Kecmanovic_Zhang,85.1,17.903633333333335,21.04,1567.4991041428818,1.7624036979969182,330,134,363,188,551,9.150002668290172,185,171,241,214,6.23,19.28,31.18,29.41,11.34,2.56,KECMANOVIC
Adelaide_2024_1st_McDonald_Kecmanovic,73.01666666666667,12.572750000000001,17.22,1267.5193210448042,1.5522240527182867,293,102,230,273,503,9.384584747024004,202,131,202,195,6.59,11.8,21.25,30.65,24.67,5.04,KECMANOVIC
Adelaide_2024_R64_Kecmanovic_Draper,218.91666666666666,35.45283333333334,16.19,3374.5684689197824,1.5479469361970941,784,244,600,739,1339,10.056875072555355,481,266,586,487,5.05,9.02,18.8,24.58,24.21,18.34,KECMANOVIC
Dallas_2025_R32_Kecmanovic_Shapovalov,120.13333333333334,16.0627563,13.37,1696.6731510462298,1.6108294930875577,420,191,459,287,746,8.19592543587317,341,200,287,282,5.36,20.35,26.91,28.85,16.16,2.38,KECMANOVIC
AO_2025_R64_Hurkacz_Kecmanovic,111.26666666666667,14.944033333333334,13.43,1569.577158141515,1.5376623376623377,382,164,383,298,681,9.502542617949183,325,187,220,248,9.49,20.68,26.21,25.35,15.3,2.97,KECMANOVIC
AO_2025_R32_Kecmanovic_Rune,207.01666666666668,26.24185,12.68,2816.9883958802366,1.5595204513399155,688,306,625,545,1170,13.36358578651,557,366,407,497,4.88,19.71,26.18,25.72,17.2,6.3,KECMANOVIC
Hong_Kong_2025_R32_Darderi_Kecmanovic,67.15,13.063783333333333,19.45,859.8571454012146,1.4625272331154684,231,95,243,150,393,7.065490848486266,166,105,142,135,4.89,19.39,20.99,22.01,26.31,6.4,KECMANOVIC
Hong_Kong_2025_R16_Kecmanovic_Muller,306.51666666666665,39.805416666666666,12.99,3371.4793139196877,1.6593285990961912,779,260,726,641,1367,8.891186668613228,545,361,480,523,5.3,18.46,24.34,31.15,16.99,3.76,KECMANOVIC
Adelaide_2025_R32_Bublik_Kecmanovic,62.71666666666667,7.431455150000001,11.85,848.5610992854374,1.641304347826087,184,112,188,191,379,11.727691467768873,197,89,113,124,8.17,16.9,21.43,19.32,18.87,15.32,KECMANOVIC
Adelaide_2025_QF_Kecmanovic_Bonzi,63.983333333333334,8.52291185,13.32,926.25078536042,1.6954347826086955,227,102,160,243,403,8.494412659499368,190,111,121,153,4.57,17.1,22.58,26.74,23.3,5.7,KECMANOVIC
Adelaide_2025_SF_Kecmanovic_Korda,78.81666666666666,9.435687533333333,11.97,1045.082487532273,1.681992337164751,244,129,251,218,469,8.493498538822738,223,133,151,178,5.47,21.02,24.95,22.76,20.26,5.54,KECMANOVIC
Paris_2024_R64_Baez_Kecmanovic,148.43333333333334,35.90003333333333,24.19,3084.833589951154,1.6902788244159759,669,203,590,580,1170,11.553710494383816,376,352,508,461,2.55,12.14,24.72,30.67,23.18,6.74,KECMANOVIC
Paris_2024_Q_Kotov_Kecmanovic,73.6,14.4283,19.6,1319.0022500819719,1.8212355212355211,246,110,207,254,461,11.293350040939137,223,129,173,182,7.0,16.18,28.84,29.55,15.2,3.22,KECMANOVIC
Paris_2024_Q_Giron_Kecmanovic,163.06666666666666,35.569100000000006,21.81,3107.9706363214123,1.7302745098039214,645,233,683,452,1135,12.063066074695058,492,302,437,445,6.09,15.9,30.26,29.8,14.25,3.7,KECMANOVIC
Paris_2024_R32_de-Minaur_Kecmanovic,104.1,28.6012,27.47,2096.5752199450435,1.6633484162895928,443,152,412,328,740,47.417342051951216,310,203,330,310,4.62,11.44,29.05,34.8,16.44,3.65,KECMANOVIC
Stockholm_2024_R32_Norrie_Kecmanovic,77.83333333333333,15.192583333333335,19.52,1695.7898595588185,1.9279503105590061,309,124,259,312,571,9.40104697972322,241,166,290,191,7.46,17.24,27.25,29.37,13.53,5.15,KECMANOVIC
Stockholm_2024_R16_Kecmanovic_Jarry,141.31666666666666,23.21155,16.43,2461.507011610796,1.966222222222222,433,195,424,403,827,13.020314279934524,331,267,356,307,4.18,14.95,20.41,25.33,22.82,12.32,KECMANOVIC
Stockholm_2024_QF_Paul_Kecmanovic,101.86666666666666,21.26115,20.87,2007.4418384493886,1.8398022249690977,391,148,373,338,711,9.636593536182934,278,195,317,269,7.2,19.03,29.45,31.19,10.61,2.53,KECMANOVIC
Vienna_2024_R16_Mensik_Kecmanovic,113.18333333333334,21.737849999999998,19.21,2192.016343505379,1.7907449209932278,453,174,502,264,766,13.689240821707404,337,207,290,271,8.58,18.77,30.31,23.81,14.3,4.23,KECMANOVIC
Vienna_2024_R32_Kecmanovic_Navone,73.45,15.120949999999999,20.59,1604.5547825058106,2.0367021276595745,268,107,202,293,495,17.905283064125438,220,137,190,192,7.62,15.34,23.4,33.6,16.57,3.46,KECMANOVIC
Beijing_2024_R32_Griekspoor_Kecmanovic,133.38333333333333,22.53905,16.9,2151.128255157785,1.8081967213114754,418,197,391,376,767,10.01599688586434,310,240,303,276,5.93,14.39,23.67,16.74,12.68,26.59,KECMANOVIC
Shanghai_2024_1st_Kecmanovic_Hijikata,79.25,17.921283333333335,22.61,1567.0334275493344,1.8313311688311686,294,101,270,281,551,8.87810397401021,208,161,222,229,6.81,20.0,29.53,29.22,11.27,3.18,KECMANOVIC
Shanghai_2024_R64_Popyrin_Kecmanovic,61.333333333333336,10.965783333333333,17.88,979.2867744631386,1.7946428571428572,189,93,173,159,332,8.26748802233852,148,105,124,129,5.05,22.61,32.72,25.6,10.81,3.22,KECMANOVIC
Cincinnati_2024_R64_Nishioka_Kecmanovic,80.83333333333333,18.101333333333333,22.39,1495.7826276218575,1.7538587848932674,308,121,241,266,507,11.787243950686264,235,149,251,181,7.32,17.2,32.2,26.64,11.94,4.7,KECMANOVIC
Washington_2024_R16_Shapovalov_Kecmanovic,102.83333333333333,20.573500000000003,20.01,1721.1075708371113,1.7943065693430655,332,155,340,222,562,10.263274498015088,249,168,312,197,4.06,14.42,24.85,22.64,23.12,10.91,KECMANOVIC
Washington_2024_R32_Wolf_Kecmanovic,85.41666666666667,16.47863333333333,19.29,1735.193447874594,1.9100463678516229,312,133,283,260,543,8.13351854297759,177,192,266,233,1.31,10.28,19.05,16.33,25.71,27.32,KECMANOVIC
Rogers_cup_2024_R64_Borges_Kecmanovic,121.05,25.965033333333334,21.45,2434.171973153511,1.7569778633301252,521,189,508,411,919,9.072228344179342,373,272,406,348,4.75,12.99,24.44,30.67,18.72,8.43,KECMANOVIC
Rome_2024_1st_Altmaier_Nardi,88.08333333333333,20.34305,23.1,2030.1608801460695,1.9421940928270043,342,114,282,344,626,10.89591587538969,204,201,252,295,4.04,8.57,11.93,10.61,15.38,49.48,ALTMAIER
Brisbane_2024_R64_Altmaier_Dimitrov,67.7,9.746933333333335,14.4,1107.739138482598,1.7223880597014924,244,90,279,125,404,13.224826614467252,203,118,156,159,10.3,14.16,17.04,14.25,20.4,23.85,ALTMAIER
Brisbane_2024_1st_Tu_Altmaier,120.26666666666667,17.744016666666667,14.75,1773.3365558139697,1.7628222523744912,367,151,323,309,632,11.144096014833814,302,172,247,264,10.23,13.27,16.9,12.34,16.38,30.87,ALTMAIER
AO_2024_1st_Altmaier_Khachanov,242.13333333333333,47.50116666666667,19.62,3550.961952297655,1.7133008356545962,715,282,586,628,1214,10.579888540423148,598,357,502,516,5.98,12.54,14.05,11.33,20.95,35.16,ALTMAIER
RG_2024_R64_Altmaier_Tsitsipas,163.7,33.25488333333333,20.31,3372.298314601178,2.1330547818013,531,222,501,437,938,13.681821812298336,462,292,408,417,8.94,12.97,14.77,15.31,19.52,28.48,ALTMAIER
Miami_2024_1st_Altmaier_Mayot,122.85,20.478333333333335,16.67,1917.8023627699772,1.9050632911392404,352,130,358,268,626,11.360963093623596,259,161,269,245,7.97,12.12,15.97,15.81,18.01,30.12,ALTMAIER
Miami_2024_R64_Altmaier_Struff,80.11666666666666,13.946983333333332,17.41,1379.3181484355791,1.9679702048417131,273,118,280,195,475,11.098312816530376,202,130,189,195,6.41,15.0,16.95,9.54,20.88,31.22,ALTMAIER
Acapulco_2024_R16_Altmaier_Kecmanovic,93.46666666666667,18.88565,20.21,1820.1656686594229,1.9842105263157894,323,112,307,248,555,10.952209113737457,217,186,231,220,6.29,10.94,15.51,11.47,22.03,33.75,ALTMAIER
Acapulco_2024_R32_Zverev_Altmaier,145.93333333333334,28.86935,19.78,2521.7731555454275,1.997843359818388,456,158,500,305,805,12.638253840458782,350,223,328,302,9.87,13.51,18.23,15.55,18.86,23.98,ALTMAIER
Madrid_2024_R64_Altmaier_Fils,77.96666666666667,16.212116666666667,20.79,1015.9409017505955,1.4335984095427436,245,96,201,233,434,7.152888413862434,145,92,153,152,5.14,12.45,11.33,12.25,16.95,41.89,ALTMAIER
Madrid_2024_R32_Hurkacz_Altmaier,104.35,25.2184,24.17,1936.2031897194856,1.7919508867667122,361,131,366,278,644,12.670535681716627,268,161,261,249,10.88,12.68,14.4,11.29,14.28,36.46,ALTMAIER
Madrid_2024_1st_Altmaier_Landaluce,94.11666666666666,20.216066666666666,21.48,1906.273503564005,1.839327485380117,338,114,267,348,615,11.184919656478586,242,187,244,285,4.04,8.78,12.1,7.29,12.76,55.03,ALTMAIER
Indian_Wells_2024_1st_Pouille_Altmaier,1311.3666666666666,18.437583333333336,1.41,1833.3915231932426,1.879857142857143,350,131,395,248,643,11.70688966489075,278,223,224,253,9.82,14.48,15.71,17.04,20.58,22.38,ALTMAIER
Monte_Carlo_2024_R64_Cerundolo_Altmaier,108.56666666666666,26.008933333333335,23.96,2123.7298030847146,1.8631241997439179,388,140,352,333,685,13.130241243504043,279,195,291,276,5.38,11.45,16.65,12.33,23.28,30.92,ALTMAIER
Monte_Carlo_2024_Q_Altmaier_Van-Assche,124.7,24.8752,19.95,2277.8569818959836,1.8521939953810624,436,166,380,369,749,13.027414574729953,361,166,308,305,7.71,12.38,13.85,14.98,24.73,26.34,ALTMAIER
Monte_Carlo_2024_Q_Altmaier_Moutet,88.68333333333334,20.28898333333333,22.88,1921.098111550581,1.9516768292682927,330,105,236,373,609,11.55198128882794,320,136,265,222,16.01,13.96,15.15,15.08,18.64,21.17,ALTMAIER
Rotterdam_2025_Q_Altmaier_Lestienne,127.63333333333334,30.651516666666666,24.02,2607.298917857805,1.7144212523719164,550,173,471,460,931,11.528107747579272,421,259,347,389,9.18,13.02,17.01,18.76,24.74,17.3,ALTMAIER
Rotterdam_2025_R32_Kovacevic_Altmaier,108.2,19.41375,17.94,1681.5118466070837,1.7652050919377653,356,147,311,289,600,10.233097968506826,300,160,232,248,7.78,11.58,14.56,15.83,19.32,30.93,ALTMAIER
Rotterdam_2025_Q_Altmaier_Sanchez-Jover,71.2,14.982916666666666,21.04,1243.6500588243866,1.598217468805704,287,97,267,198,465,10.508789777622887,229,117,205,183,10.63,11.71,15.53,18.37,19.07,24.68,ALTMAIER
Montpellier_2025_R32_Bu_Altmaier,102.93333333333334,20.123299999999997,19.55,1673.0606682721232,1.5997448979591837,407,140,345,347,692,12.079676096497604,315,164,226,286,5.53,14.01,15.3,14.77,23.06,27.33,ALTMAIER
AO_2025_R64_Altmaier_Monfils,139.5,23.90873333333333,17.14,2533.382735860644,1.572970639032815,580,198,541,435,976,11.178365203559084,509,242,347,452,8.82,11.25,17.95,19.98,25.25,16.76,ALTMAIER
Auckland_2025_Q_Basavareddy_Altmaier,62.3,8.3409346,13.39,1008.4951687186918,1.8985915492957746,217,87,207,178,385,11.644095419226748,192,81,126,165,9.35,14.16,15.18,11.58,21.77,27.97,ALTMAIER
Auckland_2025_Q_Broom_Altmaier,91.3,17.1021278,18.73,1833.0807976140738,1.7464108910891087,415,134,452,278,730,12.715969282474356,272,180,292,335,3.84,11.77,14.54,13.78,28.64,27.42,ALTMAIER
Hong_Kong_2025_Q_Altmaier_Moro-Canas,75.18333333333334,16.33925,21.73,1410.818641018314,1.705008347245409,303,103,302,252,554,10.088772007489109,211,148,201,235,5.6,12.39,10.7,10.79,22.11,38.41,ALTMAIER
Auckland_2025_R32_Carballes-baena_Altmaier,1341.3666666666666,26.54351593333333,1.98,2994.1132491882086,1.8339743589743591,643,197,610,475,1085,13.557809508312584,539,264,392,513,11.38,13.21,17.21,18.79,22.26,17.15,ALTMAIER
Antwerp_2024_R16_Lehecka_Altmaier,73.01666666666667,14.180766666666667,19.42,1296.2735078866526,2.06561797752809,224,110,192,215,407,11.854641380538196,227,106,134,174,16.16,14.52,15.88,15.27,17.58,20.58,ALTMAIER
Antwerp_2024_R32_Bailly_Altmaier,76.33333333333333,12.9289,16.94,1484.1922439535413,2.0264761904761905,273,110,202,271,473,12.539568802942322,249,127,184,178,10.59,11.75,16.54,22.81,22.76,15.56,ALTMAIER
Basel_2024_Q_Altmaier_Fearnley,143.46666666666667,26.897116666666665,18.75,2807.5104656711237,1.969385699899295,489,213,414,440,854,13.116387638252377,401,268,322,344,8.19,10.75,13.74,14.49,27.1,25.73,ALTMAIER
Basel_2024_R32_Altmaier_Fils,99.1,16.79935,16.95,1832.5924292205334,2.0786624203821655,307,135,286,295,581,13.414852544469072,268,171,201,231,8.59,11.47,15.33,14.85,23.46,26.3,ALTMAIER
Basel_2024_Q_de-Jong_Altmaier,94.96666666666667,19.249000000000002,20.27,1981.2635884173988,1.913085399449036,357,139,296,376,672,10.8497163875899,316,171,217,279,10.99,11.03,14.43,17.18,26.1,20.27,ALTMAIER
Cincinnati_2024_Q_Altmaier_Moutet,98.48333333333333,18.775283333333334,19.06,1918.5399379105336,1.9405365126676601,336,136,243,377,620,11.031802668400196,313,172,254,227,12.83,11.65,18.87,17.14,24.91,14.61,ALTMAIER
Rogers_cup_2024_Q_Altmaier_Hijikata,82.38333333333334,15.594216666666666,18.93,1416.4316366530156,1.8415913200723326,278,112,213,276,489,8.473909801474921,253,124,181,193,5.17,12.33,16.74,18.73,24.12,22.91,ALTMAIER
Rotterdam_2025_R16_Fils_Altmaier,145.7,29.14055,20.0,2255.903668294475,1.6305940594059407,527,202,548,355,903,13.084972765993736,423,189,351,346,9.47,15.58,24.58,17.38,19.86,13.12,FILS
Queens_2024_R16_Alcaraz_Draper,98.55,15.43965,15.67,1579.3475019982013,2.1124542124542125,275,141,264,213,477,16.009856013840263,239,132,208,153,10.96,18.14,22.66,15.79,21.73,10.72,ALCARAZ
Queens_2024_R32_Alcaraz_Cerundolo,81.9,16.706383333333335,20.4,1569.0118071057586,2.1051470588235297,268,108,210,273,483,9.806487375557328,183,150,203,171,11.07,15.62,18.11,19.01,27.7,8.48,ALCARAZ
RG_2024_QF_Tsitsipas_Alcaraz,135.21666666666667,24.211183333333334,17.91,2482.6081262541343,2.1014336917562724,402,181,357,388,745,14.8791144568014,353,184,341,287,10.35,14.78,14.68,14.5,14.17,31.52,ALCARAZ
Indian_Wells_2024_SF_Sinner_Alcaraz,302.95,23.749000000000002,7.84,2546.8902589899208,2.143764172335601,435,144,408,384,792,13.070347395277407,328,216,336,319,7.57,13.69,15.55,18.12,18.85,26.22,ALCARAZ
AO_2025_QF_Djokovic_Alcaraz,217.75,27.72351666666667,12.73,3080.0903931434,1.6749128919860627,718,260,521,715,1236,12.289760954059629,523,301,461,495,6.9,15.41,15.64,22.4,26.15,13.5,ALCARAZ
Beijing_2024_F_Sinner_Alcaraz,200.98333333333332,32.688116666666666,16.26,3385.9078702540287,2.083732057416268,630,252,510,614,1124,14.54699486965741,527,308,418,419,13.73,20.39,24.68,19.57,16.97,4.66,ALCARAZ
Madrid_2023_R16_Alcaraz_Zverev,81.93333333333334,8.178566666666667,9.98,590.1172493877555,1.8995535714285714,106,55,92,94,186,14.706945265177994,75,40,86,66,5.99,12.05,14.5,12.17,13.44,41.85,ALCARAZ
Madrid_2023_F_Alcaraz_Struff,145.43333333333334,22.450433333333333,15.44,2057.991446036561,1.9329588014981274,381,193,283,362,645,13.374620698640019,260,159,286,219,6.69,15.69,15.32,9.01,9.56,43.72,ALCARAZ
Madrid_2023_R32_Alcaraz_Dimitrov,90.01666666666667,14.3013,15.89,1457.6264014451174,2.029446640316206,244,105,183,225,408,17.366428103104024,151,145,187,159,5.76,14.41,13.07,10.94,10.63,45.2,ALCARAZ
Madrid_2023_SF_Alcaraz_Coric,100.31666666666666,18.281133333333333,18.22,1503.4249205912479,1.828521739130435,288,117,241,255,496,11.594867687091948,218,113,206,172,7.45,13.36,15.11,9.56,11.93,42.59,ALCARAZ
Madrid_2023_QF_Alcaraz_Khachanov,110.51666666666667,19.282866666666667,17.45,1773.851386156496,1.849768875192604,331,139,256,290,546,21.12588364666298,253,142,244,194,9.29,15.86,15.58,9.63,12.02,37.61,ALCARAZ
Madrid_2023_R64_Alcaraz_Ruusuvuori,136.48333333333332,21.3715,15.66,1923.7946874423367,1.878475935828877,390,171,327,252,579,14.294062897464551,232,187,260,199,6.41,18.48,15.83,8.49,12.97,37.82,ALCARAZ
Rome_2023_R64_Ramos-Vinolas_Alcaraz,85.78333333333333,19.11978333333333,22.29,1972.7039809713042,1.9296747967479673,364,111,237,433,670,13.753615817687614,300,127,274,248,8.27,13.2,11.53,18.45,18.16,30.39,ALCARAZ
Rome_2023_R32_Marozsan_Alcaraz,100.16666666666667,19.048799999999996,19.02,1546.1538623781762,1.731055900621118,326,133,276,258,534,17.63978687662466,214,130,207,204,8.95,21.55,10.27,9.63,14.17,35.43,ALCARAZ
Miami_2023_R16_Alcaraz_Paul,96.31666666666666,17.922126178438415,18.61,1674.7341690063363,1.9927392739273926,304,123,233,288,521,12.452353571949304,226,146,203,198,10.39,21.41,17.17,18.71,19.52,12.8,ALCARAZ
Miami_2023_R32_Alcaraz_Lajovic,91.33333333333333,17.93739711855751,19.64,1784.9055392782614,2.114240506329114,319,126,271,289,560,14.153332873739,246,157,220,206,11.6,22.07,15.52,15.65,21.7,13.46,ALCARAZ
Miami_2023_SF_Alcaraz_Sinner,181.25,28.063312536065343,15.48,2648.4715640281975,1.9364915572232646,543,215,475,429,904,12.500242825635592,381,279,339,336,5.83,18.22,20.33,16.19,21.79,17.65,ALCARAZ
Miami_2023_QF_Alcaraz_Fritz,78.4,14.23894795085551,18.16,1304.4729873360272,1.8801904761904762,253,111,235,205,440,15.364666056933242,186,148,171,158,7.29,17.66,20.16,17.01,22.81,15.07,ALCARAZ
Miami_2023_R64_Alcaraz_Bagnis,64.23333333333333,13.189928136626714,20.53,1106.679238695756,1.8717948717948718,211,88,154,212,366,12.469264486295533,156,107,148,131,8.0,19.58,17.25,18.09,19.99,17.09,ALCARAZ
Indian-Wells_2023_R16_Alcaraz_Draper,45.43333333333333,10.087250344812496,22.2,955.805672804961,2.0080555555555555,177,61,132,180,312,11.71444761853693,143,78,153,107,6.3,17.46,17.99,23.51,21.77,12.97,ALCARAZ
Indian-Wells_2023_F_Alcaraz_Medvedev,70.26666666666667,13.955277280246252,19.86,1482.8570397569665,1.9791666666666667,276,97,237,242,479,10.000775119701528,201,126,209,215,7.74,17.84,16.97,26.17,23.39,7.89,ALCARAZ
Indian-Wells_2023_R32_Alcaraz_Griekspoor,101.11666666666666,28.00192224907796,27.69,494.13351001354533,1.8714285714285714,110,54,96,77,173,9.600928573349202,81,49,64,65,12.11,22.51,23.89,12.23,14.29,14.97,ALCARAZ
Indian-Wells_2023_SF_Alcaraz_Sinner,112.36666666666666,21.657182469865695,19.27,2056.2140695777484,2.0068441064638782,392,144,317,357,674,11.203517307512508,285,200,280,256,9.47,19.17,19.09,20.34,21.04,10.89,ALCARAZ
Indian-Wells_2023_QF_Alcaraz_Auger-Aliassime,119.88333333333334,18.99703696500669,15.85,1891.6432343101255,2.067676767676768,331,140,252,373,625,12.03355757447766,269,169,234,234,7.47,19.47,19.08,21.86,20.45,11.66,ALCARAZ
Indian-Wells_2023_R64_Alcaraz_Kokkinakis,76.43333333333334,13.008086299739762,17.02,1232.7964951567324,2.0196902654867257,219,103,162,244,406,8.948234124418601,199,103,167,138,8.35,23.08,20.6,13.51,11.94,22.51,ALCARAZ
Dallas_2025_R16_Paul_Quinn,132.91666666666666,15.155225416666667,11.4,1834.581697263536,1.8639950678175092,409,183,304,418,722,11.036056624374492,370,161,223,266,7.65,14.12,26.37,21.35,15.96,14.56,PAUL
Dallas_2025_SF_Shapovalov_Paul,93.78333333333333,14.010016533333333,14.94,1727.658507139124,1.9379066478076379,343,135,310,289,599,10.362700976722936,282,184,231,249,8.09,11.73,23.4,22.5,18.61,15.66,PAUL
Dallas_2025_QF_Paul_Opelka,90.36666666666666,9.917403933333333,10.97,1228.1830708252012,1.8698148148148148,260,143,198,284,482,10.86660363485288,283,107,171,168,8.65,11.99,23.12,14.29,15.74,26.22,PAUL
Rotterdam_2025_SF_Alcaraz_Hurkacz,140.58333333333334,25.697733333333336,18.28,2104.5519130016364,1.6784823284823285,480,193,453,392,845,11.61036613990932,414,185,341,297,14.77,21.33,21.63,20.91,16.76,4.59,HURKACZ
Rotterdam_2025_QF_Rublev_Hurkacz,144.26666666666668,27.584799999999998,19.12,2117.0340605486026,1.5514064015518914,505,208,318,608,926,8.383227429781993,417,192,342,356,6.12,15.95,18.73,22.81,21.78,14.61,HURKACZ
Doha_2025_R64_Frech_Haddad-Maia,158.41666666666666,28.424783333333334,17.94,2843.901642022601,1.7928506787330316,578,194,600,388,988,12.843467874700597,381,252,397,392,9.11,24.29,38.13,20.72,6.27,1.47,HADDAD MAIA
Doha_2025_R32_Fernandez_Navarro,66.73333333333333,12.2859,18.41,1103.6454797587514,1.7440677966101696,237,87,209,180,389,7.690224397970509,119,131,170,144,5.39,13.75,23.68,39.16,15.11,2.92,NAVARRO
Doha_2025_R32_Sakkari_Swiatek,82.01666666666667,16.532433333333334,20.16,1493.0018100712907,1.8092657342657343,284,102,261,216,477,10.674888045756289,176,155,200,196,4.43,19.99,26.72,31.23,14.4,3.23,SWIATEK
Doha_2025_R32_Gauff_Kostyuk,72.25,12.482516666666667,17.28,1141.218937939212,1.8253465346534652,259,112,203,205,408,10.865392302479489,214,111,147,142,9.19,19.75,21.71,24.76,17.58,7.0,GAUFF
Doha_2025_R16_Noskova_Swiatek,151.51666666666668,21.73411666666667,14.34,1837.0000873806873,1.7425860023724793,424,198,429,294,723,9.289222714208735,282,194,247,227,5.86,17.13,29.21,31.56,12.68,3.56,SWIATEK
Doha_2025_QF_Rybakina_Swiatek,95.18333333333334,18.384700000000002,19.32,1577.7540314167304,1.8221884498480243,322,128,301,276,577,12.033820735583795,191,177,206,193,5.57,12.42,21.91,27.51,22.13,10.46,SWIATEK
Doha_2025_SF_Ostapenko_Swiatek,70.35,10.132816666666667,14.4,826.7424459461455,1.830188679245283,180,96,164,147,311,11.9477391816751,106,104,95,122,2.83,16.43,28.36,26.32,18.66,7.38,SWIATEK
Buenos_Aires_2025_R16_Fonseca_Coria,131.81666666666666,22.974916666666665,17.43,1804.464148806356,1.5096698113207547,427,165,327,401,728,14.035145507161928,275,122,285,257,8.43,17.06,17.55,9.34,10.85,36.77,FONSECA
Buenos_Aires_2025_R32_Etcheverry_Fonseca,84.81666666666666,14.7895,17.44,1147.1681170326412,1.5068139963167588,273,113,179,276,455,11.412944336732878,181,88,183,180,4.71,16.1,14.51,8.77,9.89,46.01,FONSECA
Buenos_Aires_2025_QF_Fonseca_Navone,173.73333333333332,37.57195,21.63,2770.2782961072203,1.508819018404908,654,212,500,613,1113,10.154407189070149,382,271,440,438,5.16,13.48,15.17,12.6,15.08,38.5,FONSECA
Buenos_Aires_2025_F_Cerundolo_Fonseca,105.1,19.677883333333334,18.72,1503.942563957414,1.48168044077135,368,143,266,307,573,9.910564564013796,215,147,238,240,5.21,16.03,15.58,9.53,9.9,43.75,FONSECA
Buenos_Aires_2025_SF_Djere_Fonseca,156.13333333333333,26.771366666666665,17.15,2132.0168602741323,1.5001978239366964,500,199,321,533,854,10.941399189326148,290,176,318,350,4.24,14.58,14.03,8.48,10.46,48.2,FONSECA
AO_2025_R64_Fonseca_Sonego,216.61666666666667,24.074216666666665,11.11,2664.796841231272,1.6001551590380139,654,286,616,403,1019,13.466500997718152,560,304,395,443,8.74,19.1,24.02,17.79,21.54,8.82,FONSECA
AO_2025_1st_Rublev_Fonseca,143.21666666666667,16.7501,11.7,1785.039140172536,1.5274298056155509,473,225,460,366,826,9.503276305555278,372,220,259,341,6.46,21.43,24.81,15.37,20.56,11.37,FONSECA
Brisbane_2024_R32_Shelton_Safiullin,157.06666666666666,24.381183333333336,15.52,2215.3864994547107,1.9962605548854042,411,198,378,364,742,14.723794253771484,395,185,245,307,10.33,17.72,20.36,17.47,19.63,14.48,SHELTON
Queens_2024_R32_Shelton_Mpetshi-Perricard,71.2,9.948649999999999,13.97,1022.1007111466865,2.0715068493150683,184,120,193,150,343,11.09074856020561,248,62,105,127,20.2,16.78,21.68,16.89,17.27,7.19,SHELTON
Dallas_2024_SF_Shelton_Paul,78.83333333333333,14.010983333333334,17.77,1413.0477868247483,1.9773512476007677,263,115,201,239,440,11.380376749882243,233,109,160,203,11.17,14.6,22.11,19.68,18.37,14.08,SHELTON
Miami_2024_R64_Landaluce_Shelton,74.93333333333334,9.994333333333334,13.34,1173.5450799243608,2.1096296296296297,198,103,143,215,358,9.479865338361387,215,84,138,135,13.68,13.25,22.14,16.14,18.02,16.77,SHELTON
Wimbledon_2024_R16_Sinner_Shelton,127.73333333333333,23.42213333333333,18.34,2230.5786264769986,2.0347137637028014,420,184,367,371,738,9.5254189208775,355,210,299,278,6.97,12.05,15.3,12.89,23.78,29.02,SHELTON
Stuttgart_2024_R16_Duckworth_Shelton,124.26666666666667,21.139433333333333,17.01,1971.2303034206525,1.9459537572254333,351,200,264,374,638,10.21969128516112,442,107,270,210,16.61,15.67,23.88,20.32,17.22,6.31,SHELTON
Acapulco_2024_R16_Shelton_Arnaldi,151.11666666666667,27.78853333333333,18.39,2407.6151790360536,2.0603550295857986,398,190,289,408,697,14.518706177333373,448,157,291,286,21.52,13.09,21.71,15.63,15.4,12.65,SHELTON
Acapulco_2024_QF_Ruud_Shelton,154.75,25.80075,16.67,2613.4911053158744,2.0565121412803533,464,194,397,429,826,15.156293991532774,433,197,330,297,20.28,12.27,18.46,17.28,15.76,15.96,SHELTON
Acapulco_2024_R32_Evans_Shelton,164.41666666666666,30.664083333333334,18.65,2587.453726226341,2.015195530726257,454,188,355,415,770,14.728032540945216,475,158,309,311,16.7,17.79,26.08,21.44,13.19,4.81,SHELTON
Auckland_2024_R16_Shelton_Marozsan,70.83333333333333,11.585550000000001,16.36,1152.0435725925654,2.0305555555555554,226,106,201,163,364,12.24329273639139,221,75,132,136,14.93,18.66,26.46,20.47,17.42,2.07,SHELTON
Auckland_2024_SF_Shelton_Daniel,119.48333333333333,22.1813,18.56,2125.775844161143,1.9690797546012269,411,170,328,352,680,9.189928296711289,416,146,271,299,11.82,15.75,23.55,24.0,19.45,5.43,SHELTON
Auckland_2024_QF_Shelton_Carballes-Baena,99.98333333333333,16.348966666666666,16.35,1705.0385626046136,2.113356164383562,306,126,268,248,516,29.97858757517715,330,103,193,171,18.0,18.51,26.72,18.69,14.67,3.42,SHELTON
Indian_Wells_2024_R16_Shelton_Sinner,98.08333333333333,15.920283333333334,16.23,1806.0319113251203,2.0860681114551083,331,135,308,273,581,14.348863310540578,308,137,227,229,12.48,15.8,22.36,17.92,17.22,14.22,SHELTON
Indian_Wells_2024_R64_Shelton_Mensik,120.53333333333333,22.4602,18.63,2139.809743682709,2.0364498644986453,359,171,293,371,664,13.029928671793336,369,157,292,251,11.21,14.1,20.71,16.57,16.97,20.43,SHELTON
Indian_Wells_2024_R32_Shelton_Cerundolo,162.9,32.646233333333335,20.04,3328.982194758297,1.9957990115321254,608,222,471,608,1079,11.69766903905552,526,282,457,437,10.45,10.68,22.63,21.03,21.56,13.66,SHELTON
Mallorca_2024_R16_Shelton_Hijikata,67.25,10.033449999999998,14.92,1121.9639106020945,2.030170316301703,212,103,171,202,373,11.579727794794014,239,75,134,145,16.35,15.95,26.02,20.76,15.51,5.41,SHELTON
AO_2025_1st_Shelton_Nakashima,160.16666666666666,21.695899999999998,13.55,2551.102033896248,1.7227894257064722,560,223,457,472,929,12.289055192103753,497,258,413,341,6.17,13.96,18.93,14.99,19.01,26.93,SHELTON
Shanghai_2024_R16_Sinner_Shelton,88.1,17.511883333333333,19.88,1441.7585975842487,1.9382239382239381,260,124,215,273,488,14.487169332755537,252,103,180,200,11.84,14.05,14.83,15.06,20.38,23.84,SHELTON
Basel_2024_F_Shelton_Mpetshi-Perricard,86.16666666666667,12.6389,14.67,1313.1962017605597,1.9262626262626263,246,138,294,146,440,14.59407791364912,255,97,185,147,14.81,18.95,20.05,16.11,21.48,8.61,SHELTON
Basel_2024_R16_Wawrinka_Shelton,95.11666666666666,14.426016666666667,15.17,1440.2943560795384,1.9502935420743641,254,138,239,231,470,14.568926559596386,242,103,173,156,10.97,15.49,19.43,8.58,17.06,28.46,SHELTON
Basel_2024_R32_Etcheverry_Shelton,73.15,13.561666666666667,18.54,1106.857463049438,1.9251269035532994,192,103,166,183,349,10.61094403793548,170,86,135,136,14.23,13.76,15.98,11.32,13.95,30.75,SHELTON
Basel_2024_SF_Shelton_Fils,77.13333333333334,11.475083333333334,14.88,1237.8309081023403,1.931304347826087,223,119,203,204,407,9.077952661726012,194,119,162,156,8.09,17.12,15.98,10.78,19.87,28.16,SHELTON
Basel_2024_QF_Rublev_Shelton,134.91666666666666,25.378083333333333,18.81,2511.4203630191914,2.0084444444444443,454,197,451,379,830,10.498350637678463,372,258,333,304,6.71,16.57,17.71,13.25,20.85,24.92,SHELTON
Rogers_cup_2024_R32_Popyrin_Shelton,99.15,17.70671666666667,17.86,1769.6785632051535,1.980370942812983,329,149,295,267,562,15.620370198681458,325,143,197,229,11.54,16.88,23.67,16.27,16.67,14.96,SHELTON
Rogers_cup_2024_R64_Bublik_Shelton,89.01666666666667,17.35965,19.5,1943.7106490342778,2.067125382262997,322,138,256,310,566,12.72316419111672,316,123,223,218,15.57,9.96,16.71,20.43,19.49,17.83,SHELTON
Cincinnati_2024_R32_Shelton_Etcheverry,172.55,31.364466666666665,18.18,2769.0052876412433,2.0181243414120127,478,241,368,469,837,11.500770262257968,504,198,324,327,14.65,13.78,19.1,16.94,20.11,15.43,SHELTON
Cincinnati_2024_R64_Shelton_Opelka,98.25,15.666950000000002,15.95,1509.545603801665,2.1460285132382895,242,156,244,193,437,13.519104038293724,276,109,175,153,13.56,20.29,27.51,18.9,11.08,8.66,SHELTON
Cincinnati_2024_R16_Shelton_Marozsan,69.25,10.475583333333333,15.13,1086.716945167005,2.0,196,108,155,201,356,12.488820702794817,195,89,156,131,7.29,13.15,18.46,20.62,18.73,21.76,SHELTON
Dallas_2025_R16_Munar_Shelton,93.55,11.632693916666666,12.43,1439.622357023385,1.9423407917383821,297,124,274,267,541,11.486173535064054,290,121,211,189,9.79,14.05,18.97,15.74,17.6,23.84,SHELTON
Dallas_2025_R32_Vukic_Shelton,62.916666666666664,7.970531216666667,12.67,1017.3227248505477,1.9772277227722772,203,99,183,188,371,10.170775618875814,219,78,156,123,13.44,15.21,15.7,9.2,19.76,26.68,SHELTON
Auckland_2025_R16_Shelton_Mensik,505.8666666666667,20.056718016666665,3.96,2440.3451983930554,1.8217431192660551,545,246,549,446,995,13.485262292444254,531,241,353,320,9.37,15.7,22.06,18.12,20.06,14.69,SHELTON
Rome_2024_R64_Shelton_Kotov,158.36666666666667,27.895983333333334,17.61,2747.4322365938488,2.02463768115942,448,171,298,507,805,34.04148226228516,385,211,331,326,11.57,10.73,13.55,12.13,18.49,33.53,SHELTON
Rome_2024_R32_Shelton_Zhang,71.6,13.944600000000001,19.48,1216.5910752547343,1.9037280701754387,228,103,188,215,403,11.24940627712312,192,111,146,145,9.58,12.6,15.22,7.64,16.46,38.49,SHELTON
Miami_2024_R32_Musetti_Shelton,111.8,18.27605,16.35,1994.4411757524324,2.0839883551673943,357,146,294,315,609,11.562845266408488,364,126,236,237,21.2,16.22,26.98,18.0,13.4,4.2,SHELTON
Geneva_2024_R16_Cobolli_Shelton,121.05,24.225916666666667,20.01,2043.9451028177348,2.0926974664679583,341,178,334,270,604,37.72509718157578,322,145,278,213,16.92,12.37,16.94,12.61,20.53,20.63,SHELTON
Madrid_2024_R64_Machac_Shelton,58.7,9.406383333333334,16.02,999.6686517741115,1.9331592689295038,191,93,140,163,303,7.839507986967985,200,69,114,128,12.51,19.13,29.2,23.34,12.91,2.91,SHELTON
Madrid_2024_R32_Bublik_Shelton,128.9,23.1938,17.99,1985.5836598896267,2.0028985507246375,343,173,307,275,582,18.910911508193557,384,120,216,228,21.17,15.51,23.06,20.41,15.19,4.66,SHELTON
Mallorca_2024_QF_Shelton_Jubb,164.86666666666667,31.766333333333332,19.27,2898.337775035407,1.9311961722488038,533,245,454,500,954,16.752564576384014,567,206,319,409,14.79,16.08,21.33,20.34,18.4,9.05,SHELTON
Atlanta_2024_R16_Shelton_Shang,97.8,16.98555,17.37,1635.5657229149872,1.908813559322034,301,130,220,309,529,10.831403901661226,285,106,222,193,12.73,11.58,16.85,15.33,26.06,17.46,SHELTON
AO_2025_R64_Shelton_Carreno-Busta,155.76666666666668,19.727316666666663,12.66,2414.3056954107715,1.7795979899497487,507,219,366,513,879,11.593355272177016,471,240,329,344,7.12,13.39,16.86,16.17,22.56,23.9,SHELTON
Washington_2024_R16_Nakashima_Shelton,105.66666666666667,16.867933333333333,15.96,1747.956445726279,1.8654761904761903,345,160,316,274,590,7.174538814375167,308,162,227,213,8.44,18.3,22.6,17.85,17.48,15.34,SHELTON
Washington_2024_QF_Shapovalov_Shelton,144.33333333333334,19.828133333333334,13.74,2047.9473953241036,2.030888575458392,354,171,351,284,635,14.40579792649892,350,192,314,197,9.56,15.38,20.02,17.97,20.08,16.98,SHELTON
Washington_2024_R32_Albot_Shelton,137.28333333333333,25.961883333333333,18.91,2722.5898666109015,2.105094130675526,453,194,331,483,814,15.315484505863743,411,192,329,303,13.04,11.55,20.59,17.0,18.67,19.15,SHELTON
Washington_2024_SF_Cobolli_Shelton,121.45,24.798866666666665,20.42,2112.18204145547,1.9603316326530613,388,173,368,340,708,15.43943773557148,389,158,302,236,15.57,16.77,24.13,23.51,17.07,2.95,SHELTON
Tokyo_2024_QF_Fils_Shelton,179.7,37.46481666666667,20.85,3576.176771846931,2.1664710813076278,604,254,604,488,1092,12.258501544270867,540,309,422,448,11.66,16.27,22.56,18.06,18.63,12.82,SHELTON
Dubai_2025_R64_Haddad-Maia_Potapova,74.26666666666667,14.159249999999998,19.07,1122.999770495803,1.7276169265033408,221,94,201,181,382,9.628443701345793,138,114,168,151,3.85,21.52,35.27,27.33,10.09,1.94,HADDAD MAIA
Rome_2024_1st_Borges_Martinez,217.83333333333334,44.9488,20.63,4190.283837370897,2.088968481375358,691,259,688,494,1182,19.81697430440253,623,332,509,517,9.16,11.21,20.42,15.48,19.21,24.52,MARTINEZ
Lyon_2024_R32_Seyboth-Wild_Martinez,77.48333333333333,14.118816666666667,18.22,1268.0791287996365,1.746456692913386,251,100,268,155,423,11.292522222873558,191,120,184,186,8.16,14.41,20.03,21.59,15.42,20.4,MARTINEZ
Metz_2024_R32_Martinez_Herbert,151.73333333333332,30.9894,20.42,2870.572992485303,1.9943432406519654,508,203,581,395,976,12.1679779141728,452,266,369,413,7.71,13.79,20.79,22.17,24.39,11.15,MARTINEZ
Miami_2024_Q_Martinez_Blockx,83.55,15.7599,18.86,1588.1960988277451,1.9406091370558378,279,106,173,339,512,10.158291989842064,272,126,203,215,10.24,11.37,21.47,22.96,21.33,12.64,MARTINEZ
Miami_2024_Q_Martinez_Walton,157.7,31.254316666666668,19.82,3064.4661268142945,1.9447669305189093,573,197,543,488,1031,13.16735979385285,517,257,378,439,9.86,14.57,20.92,22.29,21.02,11.35,MARTINEZ
Rogers_cup_2024_R64_Coric_Martinez,93.35,16.237616666666664,17.39,1755.453143320679,1.936697247706422,318,122,302,293,595,11.305521365416434,291,168,198,247,9.69,13.92,19.51,22.96,23.19,10.73,MARTINEZ
Chengdu_2024_R16_Vukic_Martinez,84.38333333333334,14.660883333333334,17.37,1373.8068265967395,1.94949083503055,236,111,233,230,463,9.92342802652519,222,134,183,196,7.07,13.42,22.36,22.4,19.63,15.12,MARTINEZ
Chengdu_2024_QF_Hanfmann_Martinez,112.0,19.191483333333334,17.14,1713.994994856384,1.8498475609756098,339,147,378,199,577,13.03332532713618,283,194,198,251,7.63,18.16,23.64,16.96,21.35,12.27,MARTINEZ
Basel_2024_R32_Martinez_Lehecka,66.98333333333333,11.582216666666666,17.29,1133.4204762490638,1.8583333333333334,218,92,203,202,405,8.679782970248976,193,101,135,187,6.22,13.85,15.82,17.65,22.98,23.49,MARTINEZ
Madrid_2024_Q_Martinez_Albot,75.8,16.984033333333333,22.41,1722.9863159195763,2.1206654991243434,280,97,214,292,506,12.409053821544434,231,124,201,209,6.19,7.17,16.85,12.7,13.66,43.43,MARTINEZ
Cincinnati_2024_Q_Martinez_Kovacevic,134.96666666666667,20.005783333333333,14.82,1918.774474001265,1.8403947368421054,378,190,430,206,636,11.29495606700876,378,176,230,251,10.78,14.53,23.03,13.85,17.52,20.3,MARTINEZ
Shanghai_2024_1st_Mensik_Martinez,117.88333333333334,20.7324,17.59,2036.1406184308369,1.884382871536524,381,162,425,313,738,10.85456677047213,337,201,255,291,9.4,13.24,18.27,16.94,21.62,20.52,MARTINEZ
Stockholm_2024_R32_Martinez_Djere,51.2,9.443616666666665,18.44,961.6739288014845,1.809020618556701,194,70,230,122,352,10.157212299035786,155,96,126,159,7.52,16.65,23.88,27.33,19.58,5.04,MARTINEZ
Mallorca_2024_R32_Martinez_Darderi,118.06666666666666,20.991866666666667,17.78,1887.9783211907888,1.9447293447293448,340,171,349,313,662,12.179667262939905,337,170,201,266,10.71,12.31,21.59,18.78,23.11,13.51,MARTINEZ
Hamburg_2024_R32_Martinez_Arnaldi,99.86666666666666,20.6984,20.73,1954.9422052504356,1.950074074074074,327,126,333,273,606,52.934082555034806,296,155,250,252,11.27,13.21,15.27,12.75,17.72,29.77,MARTINEZ
Hamburg_2024_R16_Blanchet_Martinez,202.01666666666668,24.80425,12.28,2114.728658406772,1.9173076923076924,371,161,336,387,723,14.334228988335404,346,136,275,295,10.24,12.61,17.2,15.25,15.98,28.71,MARTINEZ
Hamburg_2024_SF_Zverev_Martinez,84.03333333333333,19.077683333333333,22.7,1476.476412100399,2.0237721021611,257,107,327,142,469,16.319401067254784,222,127,171,200,7.79,14.09,17.26,13.25,12.78,34.83,MARTINEZ
Hamburg_2024_QF_Cerundolo_Martinez,116.06666666666666,27.54095,23.73,2660.563815968408,2.05363436123348,434,135,408,436,844,13.11063369749434,331,220,345,362,8.41,10.17,14.63,15.92,21.63,29.23,MARTINEZ
Beijing_2024_R32_Lehecka_Martinez,101.58333333333333,18.85393333333333,18.56,1894.2997302374924,1.9389999999999998,342,132,357,287,644,11.85735372128692,302,165,269,254,10.23,13.23,18.55,19.23,24.13,14.64,MARTINEZ
Kitzbuhel_2024_R16_Martinez_Nagal,156.0,32.767199999999995,21.0,3200.8357157763035,1.9768217734855136,574,190,574,455,1029,14.052229318230395,480,240,406,453,5.8,12.53,15.87,15.09,17.27,33.44,MARTINEZ
Kitzbuhel_2024_QF_Martinez_Diaz-Acosta,211.73333333333332,42.4937,20.07,3957.348849846472,2.097590361445783,618,247,618,531,1149,27.722060200681668,554,312,451,464,9.31,12.31,15.64,12.78,13.69,36.27,MARTINEZ
Hong_Kong_2025_R16_Shang_Martinez,76.41666666666667,15.854966666666666,20.75,1163.1913613208371,1.729191321499014,253,103,191,239,430,8.87479586904193,217,115,186,153,8.39,10.2,15.5,16.9,22.51,26.49,MARTINEZ
Hong_Kong_2025_R32_Passaro_Martinez,89.41666666666667,14.309916666666668,16.0,1214.7756587355486,1.6894736842105262,274,118,295,153,448,9.993383052711645,214,133,174,181,5.97,13.57,20.92,16.18,18.97,24.4,MARTINEZ
Auckland_2025_R32_Martinez_Monfils,247.38333333333333,25.43174326666667,10.28,2717.2917674604837,1.7633105802047782,579,171,496,471,967,9.710175938072904,483,251,391,414,10.2,9.59,20.99,20.16,19.88,19.19,MARTINEZ
AO_2025_R64_Martinez_Zverev,114.21666666666667,16.397083333333335,14.36,1936.9443285695056,1.8129032258064517,402,144,372,321,693,10.409123670993468,285,200,261,282,6.94,7.8,17.26,13.26,18.63,36.1,MARTINEZ
Rotterdam_2025_R32_Martinez_Bautista-Agut,100.61666666666666,21.911716666666667,21.78,2125.941084714106,1.8470308788598575,411,118,319,354,673,13.391325384315216,297,195,307,311,7.99,7.42,13.2,20.17,31.18,20.05,MARTINEZ
Buenos_Aires_2025_R32_Dzumhur_Martinez,75.3,31.639149999999997,42.02,2973.3726786594502,1.7331963845521776,615,203,559,469,1028,12.063089006007509,438,224,432,441,9.38,12.23,15.99,17.71,21.02,23.67,MARTINEZ
Buenos_Aires_2025_R16_Martinez_Schwartzman,77.18333333333334,17.882816666666667,23.17,1536.1247406260734,1.6964006259780908,311,90,313,213,526,12.25287380630175,203,145,234,231,4.84,8.9,13.85,18.61,27.99,25.82,MARTINEZ
Buenos_Aires_2025_SF_Cerundolo_Martinez,93.26666666666667,19.55521666666667,20.97,1619.545894318374,1.6837956204379563,331,125,282,289,571,12.218460532294252,214,155,234,247,4.55,11.42,13.19,15.88,20.29,34.69,MARTINEZ
Rotterdam_2025_R16_Martinez_Rune,83.18333333333334,14.84035,17.84,1223.692023209383,1.6229537366548044,269,104,193,241,434,10.081932153362397,205,144,186,175,6.87,11.14,14.08,15.14,24.66,28.12,MARTINEZ
Rotterdam_2025_QF_Alcaraz_Martinez,70.28333333333333,17.55023333333333,24.97,1173.6562445528484,1.6953934740882917,266,93,322,123,445,11.528950851587744,197,144,164,163,9.64,13.27,19.56,16.75,22.52,18.27,MARTINEZ
Rio_2025_R32_Martinez_Ugo-Carabelli,142.95,29.589683333333333,20.7,2562.3304003333246,1.7927450980392157,503,171,350,538,888,11.345375759371086,385,193,349,379,9.12,10.6,16.62,15.26,14.84,33.56,MARTINEZ
Paris_2024_R64_Thompson_Martinez,105.83333333333333,19.817733333333333,18.73,1890.6336997253754,1.871132596685083,359,127,308,350,658,11.988786910894657,311,145,233,257,8.62,13.57,19.69,20.33,21.55,16.24,MARTINEZ
Basel_2024_R16_Martinez_Fils,89.68333333333334,14.677083333333334,16.37,1456.561676695068,1.9067272727272728,270,124,272,227,499,9.049468178783505,262,121,187,191,7.8,13.74,14.4,15.63,18.48,29.96,MARTINEZ
Rogers_cup_2024_R32_Rune_Carreno-Busta,66.31666666666666,12.246649999999999,18.47,1105.2854588127243,1.6286868686868687,254,101,265,164,429,10.992703564882486,179,115,170,146,6.37,17.37,26.25,25.35,21.49,3.16,CARRENO BUSTA
Rogers_cup_2024_R64_Marozsan_Carreno-Busta,156.91666666666666,33.4962,21.35,2832.6300443719138,1.770926243567753,568,243,517,530,1047,15.542261291659788,411,294,384,394,5.88,13.39,15.8,16.17,33.02,15.73,CARRENO BUSTA
Cincinnati_2024_R16_Zverev_Carreno-Busta,123.03333333333333,22.693233333333335,18.44,1855.520541678472,1.7813672922252013,372,157,327,342,669,10.269018259240385,278,180,243,242,5.49,12.23,19.39,17.51,31.84,13.55,CARRENO BUSTA
Cincinnati_2024_R32_Purcell_Carreno-Busta,66.13333333333334,9.394783333333333,14.21,798.0295624390939,1.6192737430167599,173,88,136,161,297,9.257328704855343,140,75,103,110,5.55,11.38,19.92,23.12,33.66,6.36,CARRENO BUSTA
Shanghai_2024_1st_Carreno-Busta_van-de-Zandschulp,100.61666666666666,20.771,20.64,2017.5604747511507,1.8755469755469756,380,127,340,353,693,10.165266788980285,308,178,278,282,7.92,11.39,20.68,25.56,26.02,8.43,CARRENO BUSTA
Winston_Salem_2024_R16_Carreno-Busta_Vukic,116.26666666666667,27.3064,23.49,2396.1136480913915,1.8363938053097344,431,167,378,440,818,10.837449684310869,340,212,320,300,7.34,15.82,20.09,22.27,24.15,10.33,CARRENO BUSTA
Winston_Salem_2024_QF_Tien_Carreno-Busta,84.98333333333333,24.1494,28.42,2462.2658951471276,1.9319383259911895,458,121,512,291,803,15.585877944650536,243,215,307,345,3.28,12.44,16.1,22.89,31.67,13.62,CARRENO BUSTA
Winston_Salem_2024_R64_Kumar_Carreno-Busta,57.516666666666666,9.300616666666667,16.17,860.2660151178655,1.6397333333333333,192,87,179,130,309,10.085856219599997,175,57,125,120,7.78,18.0,27.43,22.38,22.02,2.39,CARRENO BUSTA
Winston_Salem_2024_R32_Shevchenko_Carreno-Busta,68.95,14.867233333333333,21.56,1300.603498704202,1.7281021897810218,275,103,230,257,487,12.020471816016515,207,110,178,189,4.41,13.86,20.58,29.06,27.91,4.18,CARRENO BUSTA
Winston_Salem_2024_SF_Carreno-Busta_Michelsen,74.21666666666667,15.521516666666665,20.91,1624.9477200596416,1.862557781201849,334,106,336,234,570,9.200360836227304,188,151,212,230,3.92,16.69,15.93,24.85,29.2,9.41,CARRENO BUSTA
Beijing_2024_R32_Rublev_Carreno-Busta,109.28333333333333,17.4593,15.98,1783.5929218958538,1.897714285714286,346,153,324,320,644,9.65037972813084,290,212,220,237,5.69,15.28,21.14,18.34,28.47,11.07,CARRENO BUSTA
Auckland_2025_Q_Bergs_Carreno-busta,154.96666666666667,22.3340121,14.41,2292.3016544831685,1.6257894736842107,557,209,511,480,991,10.843600031024236,387,249,358,381,3.35,12.85,16.63,17.43,24.27,25.47,CARRENO BUSTA
Auckland_2025_R32_Carreno-busta_Mensik,130.93333333333334,16.170318266666666,12.35,1736.9689589230636,1.6278857142857144,432,188,423,341,764,9.595952775957567,355,204,237,285,5.94,15.23,24.73,20.44,20.66,12.99,CARRENO BUSTA
AO_2025_R64_Shelton_Carreno-Busta,155.76666666666668,19.727316666666663,12.66,2049.948569883696,1.5205025125628142,488,219,513,366,879,12.01768164257359,418,194,285,348,8.03,16.16,19.86,18.25,16.28,21.43,CARRENO BUSTA
Montpellier_2025_Q_Kovacevic_Carreno-Busta,100.18333333333334,17.362633333333335,17.33,1394.5505583997453,1.5700920245398773,337,141,326,216,542,9.270708436090146,216,149,187,219,4.55,20.15,18.1,20.39,20.27,16.55,CARRENO BUSTA
Montpellier_2025_Q_Svrcina_Carreno-Busta,117.5,24.281433333333332,20.67,2084.3335462616046,1.7146929824561403,463,156,356,460,816,10.42740702206877,388,164,299,335,10.93,16.49,18.6,23.85,21.71,8.42,CARRENO BUSTA
Dubai_2025_R16_Yastremska_Swiatek,92.26666666666667,14.290916666666668,15.49,1194.7765536598033,1.7290766208251473,230,108,190,278,468,9.257615469694615,158,158,146,159,3.15,15.32,27.14,29.83,19.19,5.37,SWIATEK
Dubai_2025_R32_Azarenka_Swiatek,73.4,12.862683333333333,17.52,1218.8309896058367,1.8022727272727272,244,93,218,226,444,10.814841455079833,159,134,140,170,5.09,16.9,30.38,27.95,15.88,3.79,SWIATEK
Dubai_2025_QF_Andreeva_Swiatek,96.25,20.47245,21.27,1377.2837877003878,1.713873873873874,270,127,260,246,506,9.964229809855915,238,135,180,164,7.25,21.15,27.22,28.95,11.82,3.6,SWIATEK
Doha_2025_R32_Djokovic_Berrettini,93.41666666666667,16.396083333333333,17.55,1630.247905734418,1.9010785824345147,323,128,344,223,567,13.221312913785628,238,165,222,226,8.15,13.12,22.87,22.84,20.38,12.65,DJOKOVIC
Acapulco_2025_R32_Cobolli_Shelton,121.16666666666667,23.156633333333332,19.11,1938.9125908988422,1.752428393524284,398,157,297,407,704,13.024145169786983,375,168,323,237,10.07,11.48,13.23,11.16,18.44,35.63,SHELTON
Acapulco_2025_R32_Cobolli_Shelton,121.16666666666667,23.156633333333332,19.11,1848.0122236202762,1.6195516811955168,405,157,407,297,704,16.82392426875041,272,200,292,242,8.72,14.51,23.58,15.95,12.59,24.65,COBOLLI
Dubai_2025_R32_Fils_Borges,61.46666666666667,13.372066666666665,21.75,979.2402631172204,1.5304609218436875,264,101,229,177,406,8.791848440587238,151,99,166,165,3.85,10.86,27.75,19.35,25.11,13.08,FILS
Rio_2025_R32_Fonseca_Muller,92.45,17.20765,18.61,1201.555784735647,1.44891846921797,306,137,238,270,508,13.0006283591699,200,85,172,198,5.93,20.24,16.28,11.36,12.74,33.45,FONSECA
Merida_2025_R16_Sramkova_Haddad-Maia,137.31666666666666,17.358116666666668,12.64,1827.4846128659271,1.7640677966101694,450,169,378,281,659,9.437995330122616,157,212,283,317,6.62,24.94,30.25,27.67,7.7,2.82,HADDAD MAIA
Dubai_2025_SF_Griekspoor_Tsitsipas,82.43333333333334,14.344083333333334,17.4,1066.0544966841683,1.7495815899581588,238,112,191,232,423,7.646085820356758,214,111,169,137,6.5,12.86,28.07,23.11,21.14,8.32,TSITSIPAS
Dubai_2025_QF_Tsitsipas_Berrettini,116.86666666666666,20.668633333333332,17.69,1613.4923155236968,1.7471532846715327,350,159,313,259,572,12.273628674933262,299,157,262,194,8.59,14.03,22.79,14.97,15.27,24.36,TSITSIPAS
Dubai_2025_R32_Tsitsipas_Sonego,97.71666666666667,17.881633333333333,18.3,1252.8392111519192,1.7607594936708861,272,127,208,238,446,11.372523486621294,254,103,186,173,9.28,17.21,25.86,19.48,17.25,10.91,TSITSIPAS
Dubai_2025_R16_Tsitsipas_Khachanov,148.26666666666668,25.9799,17.52,2204.1350448254248,1.7424273858921162,484,207,386,333,719,11.0394693972449,369,240,346,287,8.22,13.11,22.78,17.57,19.0,19.31,TSITSIPAS
Rotterdam_2025_R16_Tsitsipas_Griekspoor,178.48333333333332,36.87315,20.66,2371.1632599931777,1.806532663316583,495,246,394,485,879,12.31679063065509,436,212,366,259,7.33,15.7,25.4,18.38,18.87,14.32,TSITSIPAS
Rotterdam_2025_QF_Tsitsipas_Bellucci,85.15,17.125166666666665,20.11,1171.6593110090807,1.573134328358209,264,115,192,279,471,11.109394815247708,218,126,177,143,9.53,13.99,21.19,17.83,20.94,16.52,TSITSIPAS
Doha_2025_R32_Tsitsipas_Medjedovic,164.65,27.07565,16.44,2116.036973306981,1.716065573770492,452,217,376,386,762,12.90494212278319,369,223,317,268,5.94,14.48,23.17,19.11,21.61,15.69,TSITSIPAS
Acapulco_2025_SF_Machac_Nakashima,123.35,23.122616666666666,18.75,1908.9957842450651,1.5838852097130243,452,158,407,341,748,10.593280280815982,269,218,303,301,3.53,12.21,20.5,21.57,27.83,14.37,NAKASHIMA
Acapulco_2025_QF_Nakashima_Goffin,121.9,22.669249999999998,18.6,1968.9447981347173,1.6840628507295174,443,148,368,351,719,9.299437443631634,275,187,294,314,5.81,11.25,17.29,19.89,29.37,16.39,NAKASHIMA
Acapulco_2025_R32_Bonzi_Nakashima,135.96666666666667,27.219949999999997,20.02,2246.980018204959,1.6164888457807953,512,178,355,491,846,13.483692024659232,336,207,334,347,6.14,13.12,17.23,20.11,23.37,20.03,NAKASHIMA
Delray_Beach_2025_R32_Trotter_Nakashima,98.18333333333334,13.330990983333333,13.58,1446.843658622752,1.6940256045519204,334,136,241,357,598,8.860620863614399,251,165,247,196,5.48,14.36,24.53,22.7,25.67,7.26,NAKASHIMA
Delray_Beach_2025_R16_Opelka_Nakashima,111.8,11.18830375,10.01,1205.8883802357182,1.5887301587301588,280,171,130,385,515,13.444424729061245,242,142,185,176,4.47,9.87,24.92,22.8,27.93,10.01,NAKASHIMA
Delray_Beach_2025_QF_Arnaldi_Nakashima,102.88333333333334,13.394646116666667,13.02,1476.2413059589094,1.730962962962963,335,128,248,282,530,10.464099729171178,265,154,212,206,10.33,15.95,26.56,20.94,19.93,6.29,NAKASHIMA
Dubai_2025_R32_Gauff_Kessler,95.4,20.904766666666667,21.91,1708.342674050317,1.6616551724137931,361,134,264,366,630,9.03410250749658,252,185,229,253,2.45,12.95,20.74,29.06,30.17,4.63,GAUFF
Dubai_2025_F_Tsitsipas_Auger-Aliassime,88.73333333333333,14.5313,16.38,1208.1976382859057,1.7508704061895553,263,117,230,212,442,13.141448876804608,188,114,189,136,9.44,13.83,25.4,19.88,22.5,8.95,TSITSIPAS
Indian_Wells_2025_1st_Smith_Cobolli,111.45,20.941750000000003,18.79,1424.6347225749623,1.550420168067227,361,154,269,303,572,9.722053990920951,236,139,214,224,5.62,15.73,19.22,12.88,16.87,29.68,COBOLLI
AO_2025_1st_Bouzkova_Andreeva,94.75,17.17343333333333,18.12,1737.0620181022798,1.5654568210262827,406,122,362,335,697,9.579063863238671,245,165,257,338,7.8,12.66,21.67,27.92,26.18,3.77,ANDREEVA
AO_2025_R64_Haddad-Maia_Andreeva,80.61666666666666,8.111933333333333,10.06,780.8264322754443,1.4190709046454768,212,91,194,145,339,10.855768258846448,134,90,128,133,5.65,19.49,31.6,26.44,13.29,3.54,ANDREEVA
Dubai_2025_QF_Andreeva_Swiatek,96.25,20.47245,21.27,1374.2676199673238,1.7365765765765766,285,127,246,260,506,9.192923280422564,155,161,170,221,4.42,17.81,20.1,29.21,22.31,6.15,ANDREEVA
Madrid_2023_R16_Andreeva_Sabalenka,72.53333333333333,14.48585,19.97,1204.226941577493,1.690562248995984,257,109,256,189,445,8.710671401093213,149,160,172,185,1.94,14.88,23.1,20.18,23.35,16.54,ANDREEVA
Madrid_2023_R32_Andreeva_Linette,86.85,26.36925,30.36,1927.8665341608776,1.7455661664392905,363,116,311,350,661,9.053011537176118,219,208,278,262,2.57,10.33,18.67,31.94,30.51,5.99,ANDREEVA
Madrid_2023_1st_Andreeva_Fernandez,76.3,17.16658333333333,22.5,544.3865593881173,1.230065359477124,156,68,91,73,164,11.743027272360871,72,46,86,62,11.77,22.71,18.67,18.93,23.96,3.96,ANDREEVA
Indian_Wells_2023_Q_Arango_Andreeva,213.88333333333333,64.49041666666668,30.15,4057.5234858895105,1.6001312335958005,802,225,695,617,1312,77.8288632355403,496,407,567,486,7.05,10.94,17.49,17.72,19.8,27.0,ANDREEVA
Indian_Wells_2024_1st_Andreeva_Volynets,126.98333333333333,42.80563333333334,33.71,4123.88065487931,1.696109693877551,792,160,633,773,1406,10.855272740973342,443,390,574,629,2.12,6.32,12.43,28.59,37.64,12.91,ANDREEVA
Wimbledon_2024_1st_Fruhvirtova_Andreeva,126.11666666666666,29.264850000000003,23.2,2563.1551327115776,1.741468253968254,495,166,385,453,838,11.846822393858778,262,243,384,354,3.27,9.5,22.49,38.27,20.59,5.88,ANDREEVA
Madrid_2024_R16_Andreeva_Paolini,100.16666666666667,28.578766666666663,28.53,2198.1866558720512,1.7052508751458577,438,149,446,271,717,19.972828131203077,218,234,299,291,2.15,11.49,15.55,22.73,35.0,13.07,ANDREEVA
Madrid_2024_QF_Andreeva_Sabalenka,78.88333333333334,16.993283333333334,21.54,1494.9079651236716,1.8688212927756653,264,110,261,215,476,10.10952243830145,153,185,184,202,4.13,12.67,14.48,13.19,25.39,30.14,ANDREEVA
Madrid_2024_R32_Vondrousova_Andreeva,74.65,22.495216666666668,30.13,1903.7790340570077,1.7041891891891892,359,107,302,354,656,13.031734105017714,232,227,287,255,7.46,10.06,15.46,29.7,30.15,7.18,ANDREEVA
Madrid_2024_R64_Andreeva_Noskova,112.63333333333334,24.759400000000003,21.98,2031.1842335914134,1.6592592592592592,414,174,394,345,739,9.807807846549434,236,197,300,275,5.9,14.48,18.18,21.94,31.44,8.06,ANDREEVA
Madrid_2024_1st_Andreeva_Townsend,129.83333333333334,31.8193,24.51,2563.861681828929,1.835530726256983,441,180,414,394,808,13.23091231546302,326,297,314,350,5.26,13.55,14.9,14.48,30.15,21.65,ANDREEVA
Rome_2024_1st_Andreeva_Badosa,145.75,24.611983333333335,16.89,2081.6678351488576,1.6522836538461538,417,124,340,384,724,10.798414171831162,225,203,289,303,5.23,12.57,13.45,26.94,31.18,10.64,ANDREEVA
Cincinnati_2024_QF_Swiatek_Andreeva,159.4,23.681449999999998,14.86,2009.9652802862997,1.6186480186480185,444,199,360,363,723,10.200844588027064,183,243,256,304,1.1,12.75,23.55,24.59,28.53,9.47,ANDREEVA
Indian_Wells_2025_R64_Draper_Fonseca,74.95,15.482433333333335,20.66,1136.566370765546,1.5347349177330896,264,106,195,261,456,10.281229264041809,208,110,164,158,8.4,18.74,25.64,15.85,11.31,20.05,FONSECA
Indian_Wells_2025_1st_Fearnley_Fonseca,119.91666666666667,20.8057,17.35,1577.5623133045233,1.553598971722365,373,146,224,382,606,13.26472006596762,283,129,256,258,4.76,12.03,13.31,16.34,16.99,36.58,FONSECA
Indian_Wells_2025_R64_Navone_Shelton,77.13333333333334,14.334866666666667,18.58,1335.8409485277396,1.9256603773584906,271,102,202,261,463,8.548363180355347,235,127,186,183,10.85,15.1,16.4,17.61,17.69,22.36,SHELTON
Indian_Wells_2025_R32_Fils_Musetti,151.13333333333333,32.85295,21.74,2412.2164856731088,1.6539054966248794,527,192,452,425,877,11.841641554072227,420,210,360,347,8.56,15.26,25.53,19.5,16.43,14.73,FILS
Indian_Wells_2025_R64_Fils_Diallo,67.28333333333333,11.62215,17.27,959.3959589079947,1.6280851063829789,221,92,163,267,430,8.157982929513212,213,62,164,151,6.43,9.46,17.03,13.93,20.57,32.57,FILS
Indian_Wells_2025_R64_Garcia_Swiatek,61.25,11.172183333333333,18.24,950.419597031843,1.7856060606060606,193,88,164,146,310,9.187616620773488,141,95,122,104,8.82,16.82,28.52,28.81,14.36,2.67,SWIATEK
Indian_Wells_2025_R32_Yastremska_Swiatek,65.41666666666667,12.8455,19.64,1116.1554311903076,1.9163636363636365,213,92,183,210,393,11.14634097142069,125,123,115,133,3.73,10.25,29.55,30.13,19.62,6.72,SWIATEK
Indian_Wells_2025_R64_Navarro_Cirstea,146.01666666666668,33.8221,23.16,3098.6332790159922,1.8415943172849252,630,191,443,614,1057,11.689131875274338,300,321,419,404,7.27,6.51,21.57,36.55,20.94,7.16,NAVARRO
Dallas_2025_R32_Paul_Brooksby,159.45,23.53710368333333,14.76,2644.274774475113,1.783889816360601,595,206,579,474,1053,10.958369674710983,408,319,390,384,6.05,15.35,23.96,25.59,22.5,6.55,BROOKSBY
Cincinnati_2022_R64_Paul_Brooksby,69.76666666666667,14.578006853329214,20.9,1110.9167135449513,1.7040241448692153,245,95,239,185,424,9.37068300807002,152,129,149,136,3.08,16.99,30.43,33.74,12.18,3.58,BROOKSBY
Rogers_cup_2022_R32_Brooksby_Bautista_Agut,96.13333333333334,19.955899793233975,20.76,1806.4580440295606,1.8262068965517242,356,116,287,368,655,8.820336865264752,218,196,233,262,7.25,13.37,28.35,34.17,13.05,3.8,BROOKSBY
Rogers_cup_2022_R64_Bublik_Brooksby,85.75,19.566219404552893,22.82,1867.6923364643835,1.8412087912087913,366,121,440,189,629,11.21917144719199,254,187,228,220,12.79,16.61,27.79,29.94,9.89,2.97,BROOKSBY
Miami_2022_R16_Medvedev_Brooksby,78.5,18.702118754586614,23.82,1962.557267398611,1.964207650273224,360,104,435,217,652,10.801032158943691,235,167,269,262,9.27,14.55,25.58,34.69,13.87,2.03,BROOKSBY
Miami_2022_R32_Brooksby_Bautista_Agut,178.68333333333334,38.01437255739787,21.27,3489.065069796458,1.969558599695586,666,190,563,600,1163,23.08413374060777,422,360,457,497,5.96,14.93,23.58,30.03,18.71,6.78,BROOKSBY
Miami_2022_R64_Basilashvili_Brooksby,69.76666666666667,14.896011406343918,21.35,1413.8553674766272,2.000725952813067,275,106,242,248,490,9.067186220844276,178,174,178,172,3.61,19.0,25.19,27.0,18.89,6.3,BROOKSBY
Miami_2022_1st_Brooksby_Coria,125.66666666666667,26.527558629366073,21.11,2284.360790836366,1.7899895724713242,479,153,388,448,836,10.85633255578823,311,264,343,316,5.66,16.34,26.26,29.14,18.05,4.53,BROOKSBY
Indian_Wells_2022_1st_Brooksby_Carballes_Baena,86.78333333333333,24.542242589536386,28.28,2082.416459620519,1.7078730904817863,418,102,283,419,702,13.143837439046518,267,204,290,306,6.77,12.52,28.65,33.17,15.75,3.14,BROOKSBY
Indian_Wells_2022_R64_Khachanov_Brooksby,78.4,19.95436092024943,25.45,1813.875446041194,1.8575380359612725,365,101,297,326,623,15.09307277233517,241,189,242,238,6.17,15.39,25.19,32.94,15.76,4.55,BROOKSBY
Indian_Wells_2022_R32_Brooksby_Tsitsipas,123.16666666666667,25.673715299316278,20.84,2469.142954855109,1.8989583333333333,476,164,436,370,806,11.46912526861016,340,278,316,328,7.73,17.39,28.98,21.38,14.32,10.2,BROOKSBY
Indian_Wells_2025_R16_Giron_Fils,339.01666666666665,19.19515,5.66,1427.5413473763376,1.5889716840536514,339,139,239,296,535,9.488649017023462,253,137,224,242,4.55,13.18,19.8,17.43,25.02,20.01,FILS
Indian_Wells_2025_R16_Muchova_Swiatek,56.63333333333333,10.0163,17.69,902.6561839587632,1.777966101694915,170,75,177,141,318,10.585363888725768,132,98,113,115,8.22,21.47,31.68,25.47,8.59,4.56,SWIATEK
Indian_Wells_2025_R32_Navarro_Vekic,99.13333333333334,21.355966666666667,21.54,1927.8108182526041,1.7879194630872484,366,130,266,334,600,10.53741493820571,162,201,251,263,7.27,9.32,25.88,34.74,17.16,5.64,NAVARRO
Indian_Wells_2025_R16_Nakashima_Shelton,94.41666666666667,19.416633333333333,20.56,1279.127408524952,1.623931623931624,292,123,272,224,496,9.966034651444058,229,125,157,181,11.39,15.62,25.25,21.87,20.86,5.01,NAKASHIMA
Indian_Wells_2025_R64_Hijikata_Nakashima,92.08333333333333,19.814416666666666,21.52,1497.7042085853602,1.6407952871870397,343,134,317,278,595,12.540198707569662,238,152,205,227,6.6,15.85,24.51,22.67,19.34,11.03,NAKASHIMA
Indian_Wells_2025_R32_Arnaldi_Nakashima,74.23333333333333,12.136,16.35,981.7939607633876,1.5641137855579867,219,101,166,194,360,10.243270802025572,182,107,147,129,10.81,15.54,23.46,19.26,22.03,8.9,NAKASHIMA
Indian_Wells_2025_QF_Zheng_Swiatek,96.68333333333334,17.117966666666668,17.71,1655.4982736215973,1.8358184764991896,301,113,269,290,559,13.13531367721495,218,178,200,219,3.89,16.31,25.76,29.34,18.26,6.45,SWIATEK
Indian_Wells_2025_SF_Andreeva_Swiatek,136.96666666666667,24.657433333333334,18.0,2296.285727384445,1.828437132784959,415,173,372,380,752,10.589394231787038,355,219,270,284,8.46,21.39,29.27,26.6,10.61,3.67,SWIATEK
Indian_Wells_2025_QF_Fils_Medvedev,144.33333333333334,33.81828333333333,23.43,2659.67402765185,1.6047500000000001,615,193,535,526,1061,9.82094817275378,468,247,398,473,8.8,12.09,24.51,25.65,22.4,6.55,FILS
Delray_Beach_2025_R16_Quinn_Giron,79.63333333333334,9.691378416666668,12.17,1112.1237139337743,1.780550098231827,268,110,272,166,438,10.77001056386345,234,123,144,168,8.11,16.99,23.78,15.95,19.76,15.41,QUINN
Delray_Beach_2025_R32_Quinn_Boyer,191.71666666666667,21.2146224,11.07,2376.192813883545,1.7424295774647889,567,248,550,452,1002,11.564864536519783,543,237,366,362,10.27,15.67,24.64,18.1,17.37,13.94,QUINN
Delray_Beach_2025_Q_Quinn_Svajda,88.61666666666666,11.162724200000001,12.6,1151.8492271578104,1.6110918544194108,286,127,235,226,461,8.431868061633079,239,125,164,187,5.79,13.89,21.66,17.89,21.86,18.91,QUINN
Delray_Beach_2025_Q_Barrios-vera_Quinn,137.58333333333334,15.80705395,11.49,1767.8102257287687,1.6932223543400713,423,185,335,414,749,9.956474367947497,360,195,258,290,5.41,12.72,23.69,20.5,23.23,14.44,QUINN
Miami_2025_Q_Quinn_Mannarino,133.25,27.061533333333333,20.31,1979.4629598756724,1.5781875658587987,483,190,391,410,801,9.596909052241266,420,212,296,280,8.23,19.59,21.49,24.52,19.05,7.13,QUINN
Miami_2025_Q_Ugo-Carabelli_Quinn,119.26666666666667,20.764433333333333,17.41,1775.3305276497845,1.67746835443038,402,172,332,404,736,13.775146663476768,405,151,229,260,13.58,15.68,19.34,21.5,16.41,13.5,QUINN
Dallas_2025_Q_Duckworth_Quinn,106.61666666666666,12.176945366666667,11.42,1390.4863462773087,1.746801872074883,322,145,282,304,586,10.483205325778698,310,124,207,206,7.98,15.63,24.19,20.2,19.56,12.44,QUINN
Dallas_2025_Q_Trotter_Quinn,83.66666666666667,9.692778166666667,11.58,1142.2157098213643,1.801359223300971,250,119,217,239,456,9.659727489654797,258,118,159,172,9.25,13.81,24.56,16.66,19.12,16.61,QUINN
Dallas_2025_R16_Paul_Quinn,132.91666666666666,15.155225416666667,11.4,1848.5299866415714,1.8705302096177558,402,183,418,304,722,10.95297085143489,363,188,262,289,8.62,16.46,21.01,18.11,20.89,14.92,QUINN
Dallas_2025_R32_Quinn_Svajda,85.11666666666666,12.265487183333333,14.41,1369.1397630716715,1.7631901840490796,324,129,228,363,591,7.277355688344194,305,130,196,232,9.15,14.41,27.1,29.4,16.15,3.79,QUINN
Indian_Wells_2025_1st_Bergs_Quinn,106.05,17.82091666666667,16.8,1605.9057975161513,1.7348675034867505,358,147,332,303,635,12.967657956719902,317,188,217,229,10.92,19.68,23.86,22.77,15.62,7.14,QUINN
Indian_Wells_2025_Q_Diallo_Quinn,102.13333333333334,14.673333333333334,14.37,1156.1406910456333,1.6284172661870504,275,137,265,255,520,7.774230116320883,280,134,169,150,9.64,21.9,22.93,19.66,17.04,8.83,QUINN
Indian_Wells_2025_Q_Quinn_Schoolkate,136.96666666666667,21.787983333333333,15.91,1849.1553582110994,1.714268440145103,406,200,331,405,736,12.553081210531804,410,172,226,263,10.82,19.86,24.32,19.51,14.37,11.13,QUINN
Miami_2025_1st_Schoolkate_Quinn,60.7,10.0542,16.56,714.7890870014768,1.588538681948424,176,84,168,153,321,7.892708150794973,169,77,103,102,7.28,18.12,22.13,19.55,18.45,14.46,QUINN
Indian_Wells_2025_R64_Kartal_Haddad-Maia,68.46666666666667,12.400516666666666,18.11,1064.8325973519338,1.6426991150442478,230,88,200,183,383,8.795915388814546,206,74,145,192,8.62,22.61,39.91,19.62,7.51,1.73,HADDAD MAIA
Acapulco_2025_R16_Goffin_Shelton,104.31666666666666,19.24325,18.45,1624.981229889501,1.7690265486725665,345,126,313,259,572,10.869517547617438,284,161,254,214,8.95,12.64,19.44,21.67,21.28,16.03,SHELTON
Indian_Wells_2025_R32_Khachanov_Shelton,94.45,17.399516666666667,18.42,1646.937409471279,1.9466346153846155,322,137,261,258,519,8.59575666033633,326,118,245,203,11.26,15.54,16.55,11.4,15.6,29.66,SHELTON
Indian_Wells_2025_QF_Shelton_Draper,99.68333333333334,20.36955,20.43,1862.6987271423052,1.90974930362117,375,141,325,319,644,10.983781532562691,339,172,296,215,12.51,16.02,23.65,20.09,15.69,12.04,SHELTON
Indian_Wells_2025_R16_Nakashima_Shelton,94.41666666666667,19.416633333333333,20.56,1586.4162769270956,2.0056410256410255,293,123,224,272,496,13.20157245354368,321,128,213,183,10.21,16.47,19.19,15.83,16.17,22.13,SHELTON
Miami_2025_R64_Gauff_Kenin,47.45,9.916983333333333,20.9,947.2372871513783,1.8742774566473988,168,67,168,116,284,10.461301671412723,127,89,141,112,6.6,13.39,17.4,24.48,31.05,7.08,GAUFF
Miami_2025_1st_Fonseca_Tien,142.41666666666666,24.417733333333334,17.15,2094.0017429176232,1.6280487804878048,494,207,364,451,815,9.405382989108697,427,204,314,324,10.12,18.47,22.74,21.13,21.07,6.46,FONSECA
Miami_2025_1st_Tirante_Cobolli,112.15,25.762416666666663,22.97,1507.2776956365237,1.6121001390820582,363,155,314,306,620,9.6675923633664,302,145,228,199,9.93,17.14,23.27,17.36,16.42,15.87,COBOLLI
Miami_2025_R64_Fruhvirtova_Haddad-Maia,73.33333333333333,14.288583333333333,19.48,1251.8163266448082,1.6681214421252373,264,89,173,273,446,7.057823474379448,152,111,200,186,6.15,20.98,41.46,24.48,6.39,0.54,HADDAD MAIA
Miami_2025_1st_Osaka_Starodubtseva,148.36666666666667,27.92683333333333,18.82,2455.2593521599065,1.5388781431334624,533,185,442,430,872,8.64208496044199,308,211,326,396,1.56,17.21,18.22,34.16,26.44,2.41,OSAKA
Miami_2025_R64_Osaka_Samsonova,81.75,14.465783333333333,17.7,1295.2240109378301,1.6996370235934664,265,104,208,260,468,10.467574078143551,200,114,182,198,2.39,12.94,13.29,30.01,38.15,3.22,OSAKA
Indian_Wells_2025_1st_Osorio_Osaka,90.95,18.970516666666665,20.86,1629.454722736022,1.681111111111111,336,138,362,206,568,12.934270798608448,282,133,187,240,7.63,24.27,36.15,24.88,5.87,1.21,OSAKA
Miami_2025_R64_Garcia_Swiatek,94.78333333333333,14.521883333333333,15.32,1303.630737571843,1.7915730337078652,264,124,200,256,456,12.054891737274284,199,130,186,171,4.25,17.22,30.54,33.41,12.48,2.1,SWIATEK
Miami_2025_R64_Navarro_Raducanu,173.3,31.695033333333335,18.29,2853.253355258764,1.7057356608478802,588,214,474,506,980,12.376635221232318,270,323,382,404,4.72,12.44,24.1,31.63,18.71,8.39,NAVARRO
Miami_2025_R64_Hijikata_Djokovic,79.45,17.27155,21.74,1243.193220811301,1.630034129692833,281,112,167,358,525,7.791862099466932,213,145,172,232,6.02,12.9,22.39,24.79,24.11,9.78,DJOKOVIC
Indian_Wells_2025_R64_Djokovic_van-de-Zandschulp,121.3,24.609366666666666,20.29,1869.9897985277364,1.5937866354044548,427,155,368,393,761,12.89027878819541,330,209,271,315,10.19,13.05,19.23,18.4,19.87,19.26,DJOKOVIC
Miami_2025_R32_Gauff_Sakkari,75.96666666666667,15.355766666666666,20.21,1593.3486662310168,1.8332298136645961,313,103,218,329,547,8.748856167890754,200,167,239,229,1.95,11.14,14.2,21.46,38.61,12.64,GAUFF
Miami_2025_R64_Fonseca_Humbert,71.15,13.020433333333333,18.3,853.5021711794705,1.5454545454545454,206,93,140,238,378,9.638418398347245,151,88,142,129,5.76,17.41,21.21,20.2,22.57,12.86,FONSECA
Miami_2025_R32_Baptiste_Osaka,179.43333333333334,33.27375,18.54,2665.331282753067,1.6672477064220184,532,222,460,513,973,10.94941555144639,381,211,347,414,5.51,17.58,15.98,23.84,32.27,4.83,OSAKA
Miami_2025_R64_Fils_Diallo,60.61666666666667,9.128466666666666,15.06,720.218814465801,1.5601604278074865,182,88,140,189,329,10.442768730890894,146,63,116,126,4.65,14.18,20.18,11.3,27.64,22.04,FILS
Miami_2025_R64_Wong_Shelton,135.78333333333333,23.907083333333333,17.61,1925.815863818262,1.9089285714285713,391,206,280,373,653,13.887209932714976,367,194,255,232,9.21,17.54,18.59,16.88,15.1,22.68,SHELTON
Miami_2025_R32_Mertens_Swiatek,108.0,18.501766666666665,17.13,1705.4037277681314,1.794508670520231,341,141,298,316,614,9.975298233628791,246,177,228,217,5.74,18.2,26.28,29.35,17.19,3.24,SWIATEK
Miami_2025_R32_Ugo-Carabelli_Djokovic,95.95,24.826883333333335,25.87,1510.2756581410288,1.4914600550964188,352,104,201,456,657,10.745462867032767,270,166,236,247,11.15,13.23,28.96,29.96,14.23,2.47,DJOKOVIC
Miami_2025_R32_Fils_Tiafoe,174.51666666666668,27.118333333333332,15.54,1815.3077377288137,1.5061909758656875,452,240,300,502,802,9.023705286401196,368,160,278,332,4.21,12.57,23.22,20.01,25.53,14.46,FILS
Miami_2025_R16_Gauff_Linette,89.71666666666667,18.420633333333335,20.53,1564.6941906628035,1.7965624999999998,329,130,242,317,559,10.708690853963036,287,131,241,189,8.07,21.26,22.08,23.35,21.18,4.07,GAUFF
Miami_2025_R16_Osaka_Paolini,134.85,27.508916666666668,20.4,2191.3146671490363,1.6384288747346074,463,198,345,474,819,9.59591520048289,314,177,322,341,3.47,16.02,16.66,33.21,28.32,2.32,OSAKA
Miami_2025_R16_Musetti_Djokovic,82.51666666666667,18.40438333333333,22.3,1407.9555015408835,1.6812500000000001,297,98,231,313,544,14.446669018740986,218,140,213,211,10.54,12.57,20.09,28.43,23.91,4.45,DJOKOVIC
Miami_2025_R16_Svitolina_Swiatek,125.35,20.930533333333337,16.7,2038.07569961409,1.7505275498241502,421,154,337,427,764,11.765787479005764,289,210,278,286,5.11,14.69,27.3,32.54,17.24,3.12,SWIATEK
Miami_2025_QF_Eala_Swiatek,99.3,16.796683333333334,16.92,1346.9472945317502,1.6991197183098592,298,136,277,194,471,10.186058533572998,211,148,185,163,3.48,21.69,35.76,21.45,12.85,4.76,SWIATEK
Miami_2025_R16_Zverev_Fils,119.93333333333334,26.120066666666666,21.78,1747.7737102729282,1.5785714285714285,430,155,359,384,743,10.324781250705763,294,188,291,309,4.17,11.78,19.64,17.27,27.21,19.93,FILS
Rome_2024_R32_Baez_Rune,108.31666666666666,20.282633333333333,18.73,2214.0966859985124,1.915909090909091,381,147,370,315,685,39.73025037103455,298,217,263,282,7.28,10.36,15.52,11.64,18.67,36.52,BAEZ
Rome_2024_R64_Baez_Lajovic,130.88333333333333,30.685816666666664,23.45,2708.593178992352,1.9264797507788163,475,165,457,406,863,23.93626532632154,295,223,387,339,4.62,9.37,14.0,8.8,18.85,44.37,BAEZ
Brisbane_2024_R32_Klein_Baez,134.33333333333334,25.307233333333333,18.84,2024.275647613601,1.7857307249712313,436,198,437,272,709,10.971539655044706,249,222,302,277,2.53,7.79,24.75,16.16,24.05,24.72,BAEZ
Miami_2024_R64_Koepfer_Baez,66.51666666666667,12.623566666666667,18.98,1251.4562230369227,1.8241650294695482,251,91,225,224,449,10.8672686872954,183,116,169,172,3.24,9.02,18.32,16.24,29.67,23.51,BAEZ
Geneva_2024_R16_Baez_Carballes-Baena,71.1,19.2831,27.12,1820.024006708109,2.038283828382838,305,100,287,255,542,12.301873245361593,211,126,242,208,9.49,11.69,14.33,13.25,20.05,31.19,BAEZ
Geneva_2024_QF_Baez_Ruud,123.53333333333333,27.23688333333333,22.05,2775.06055552797,2.0106448311156604,489,163,444,439,883,12.950091672146357,286,200,382,365,6.55,11.89,16.21,13.06,17.1,35.19,BAEZ
Geneva_2024_R32_Baez_Nagal,99.05,20.217166666666667,20.41,2135.0626396307844,1.8939897698209718,395,129,374,283,657,12.404292892360546,247,150,304,264,4.33,11.02,16.44,14.38,21.15,32.7,BAEZ
Basel_2024_R32_Auger-Aliassime_Baez,74.36666666666666,12.963249999999999,17.43,1226.006995494884,1.9602564102564102,231,106,240,183,423,8.14187457198899,172,143,177,166,0.57,10.38,21.88,18.66,26.6,21.9,BAEZ
Madrid_2024_R32_Baez_Fritz,64.6,15.654616666666668,24.23,1366.412812418287,1.8606177606177605,259,97,293,146,439,9.780973587240576,151,150,196,196,2.62,9.31,16.85,12.21,22.1,36.92,BAEZ
Madrid_2024_R64_Baez_Van-Assche,178.5,42.15808333333334,23.62,3783.397179150264,1.72508038585209,763,213,586,706,1292,11.268117163168062,411,286,555,576,2.96,7.99,12.14,18.04,36.11,22.75,BAEZ
Cincinnati_2024_R64_Giron_Baez,155.46666666666667,31.008300000000002,19.95,2801.201133885424,1.8509981851179673,548,216,480,480,960,9.916152265557788,503,198,343,422,7.97,13.99,18.28,12.61,22.92,24.24,BAEZ
Shanghai_2024_R64_Baez_Monfils,132.3,31.317983333333334,23.67,2497.5156559073466,1.8446502057613168,484,150,524,333,857,14.05295570952006,374,212,343,343,7.06,10.55,17.16,22.23,25.06,17.93,BAEZ
Indian_Wells_2024_R64_Fognini_Baez,98.76666666666667,21.1304,21.39,1828.5014485233132,1.7889920424403185,376,138,350,267,617,11.365466697360096,257,150,276,256,2.89,9.95,17.28,12.74,26.09,31.05,BAEZ
Winston_Salem_2024_R32_Baez_Coric,81.31666666666666,15.494483333333333,19.05,1629.7775955884688,1.910361842105263,289,110,284,243,527,12.256028767705915,219,154,232,233,5.27,14.13,12.36,14.12,22.62,31.51,BAEZ
Hamburg_2024_R16_Lajovic_Baez,160.06666666666666,44.312133333333335,27.68,4181.029872474301,2.042264416315049,708,229,546,744,1290,12.321038702531265,526,286,571,542,6.51,11.27,12.52,13.09,16.74,39.86,BAEZ
Hamburg_2024_QF_Darderi_Baez,136.91666666666666,38.87466666666667,28.39,3148.5496499007872,1.9112576956904133,570,187,431,582,1013,28.73601269279761,425,242,429,422,6.68,11.51,11.79,11.26,16.54,42.22,BAEZ
Hamburg_2024_R32_Koepfer_Baez,64.35,14.65465,22.77,1242.420926659448,1.8427685950413222,238,93,198,240,438,12.880478970973977,186,82,185,175,5.68,13.99,13.81,10.66,15.02,40.84,BAEZ
Adelaide_2024_R32_Draper_Baez,77.81666666666666,18.90468333333333,24.29,1942.6897977902213,2.076661742983752,332,100,354,241,595,11.20993895495979,209,168,270,233,4.46,9.78,13.74,19.76,34.27,17.98,BAEZ
Monte_Carlo_2024_R64_Struff_Baez,143.16666666666666,31.651833333333332,22.11,3181.719368105362,1.9359466221851542,600,210,561,402,963,13.554638261678512,312,296,430,402,2.29,6.42,20.23,11.2,22.62,37.24,BAEZ
Kitzbuhel_2024_R16_Baez_Tirante,82.33333333333333,19.7118,23.94,1790.3832927150725,1.9644904458598726,319,119,361,205,566,24.316837178556582,260,155,237,203,8.46,16.48,18.12,14.66,9.08,33.2,BAEZ
Kitzbuhel_2024_QF_Baez_Gaston,188.55,43.185050000000004,22.9,4423.068821960348,1.934039820166988,772,276,665,697,1362,17.360307739279797,668,330,548,552,11.7,14.04,18.78,17.0,16.59,21.89,BAEZ
Rio_de_Janeiro_2025_R16_Baez_Navone,128.13333333333333,28.859199999999998,22.52,2512.1681468002635,1.6490958408679928,556,164,476,439,915,12.272624632069476,244,248,435,377,2.28,10.25,11.46,14.87,22.78,38.34,BAEZ
Rio_de_Janeiro_2025_QF_Baez_Tseng,95.11666666666666,19.000116666666667,19.98,1601.8066509714572,1.5930843706777316,355,117,260,344,604,11.709748452523575,221,142,267,258,6.34,10.93,14.81,16.51,23.78,27.63,BAEZ
Rio_de_Janeiro_2025_F_Muller_Baez,86.31666666666666,20.765249999999998,24.06,1765.1178075381138,1.7164438502673798,369,116,232,408,640,11.950582213797736,215,123,268,288,5.2,8.72,12.29,12.72,20.26,40.81,BAEZ
Rio_de_Janeiro_2025_SF_Baez_Ugo-Carabelli,104.65,23.529433333333333,22.48,1968.2968536737772,1.7011070110701108,403,135,316,382,698,10.86854124697795,253,158,270,319,6.69,10.86,15.8,17.54,18.89,30.23,BAEZ
Miami_2025_1st_Bublik_Baez,69.73333333333333,12.060966666666667,17.3,1114.8233279382487,1.7095238095238097,246,105,262,188,450,11.842669128801733,215,106,146,183,8.26,16.55,14.65,12.01,26.01,22.52,BAEZ
Santiago_2025_R16_Comesana_Baez,152.95,29.156916666666667,19.06,2197.130498389193,1.570912738214644,480,219,452,421,873,13.763543472039933,362,234,333,318,3.67,12.43,14.97,14.48,17.86,36.58,BAEZ
Santiago_2025_QF_Dzumhur_Baez,96.01666666666667,22.884366666666665,23.83,1830.6614707868373,1.6691516709511567,395,124,358,298,656,12.54426439998975,227,152,275,282,6.46,11.76,11.54,16.75,24.59,28.9,BAEZ
Santiago_2025_F_Djere_Baez,145.86666666666667,33.106233333333336,22.7,2442.651183626103,1.551252236135957,544,190,463,443,906,10.395147242715634,240,307,390,380,1.35,10.83,13.32,9.53,14.74,50.24,BAEZ
Santiago_2025_SF_Baez_Ugo-Carabelli,106.88333333333334,27.345416666666665,25.58,1836.2413424466615,1.5940316686967113,411,149,360,355,715,11.83619614366668,239,168,280,303,4.94,13.04,13.5,14.55,18.82,35.14,BAEZ
Auckland_2025_R16_Diaz-acosta_Baez,150.51666666666668,21.38749605,14.21,2235.15096259712,1.690917691579943,518,154,513,400,913,9.945880384603557,351,235,378,385,5.53,9.7,16.14,20.9,30.09,17.64,BAEZ
Buenos_Aires_2025_R32_Baez_Ugo-Carabelli,113.1,23.19558333333333,20.51,2076.581000883408,1.7027090694935216,435,128,383,336,719,12.524066461620835,292,175,290,319,7.65,13.27,19.53,20.57,14.53,24.45,BAEZ
Indian_Wells_2025_1st_Gigante_Baez,117.71666666666667,25.889783333333334,21.99,2129.541903080414,1.5496086105675146,511,165,547,331,878,9.600164214150102,308,222,364,336,4.16,12.57,15.4,17.74,28.49,21.65,BAEZ
Miami_2025_QF_Fils_Mensik,75.1,15.573016666666666,20.74,1053.3196643595531,1.504945054945055,279,121,323,156,479,11.052110753838274,182,125,172,176,6.66,14.39,28.74,14.9,21.08,14.22,FILS
Miami_2025_R32_de-Minaur_Fonseca,150.7,26.519783333333333,17.6,2177.5569475986576,1.573421300659755,527,191,417,463,880,12.70200913892238,424,215,303,349,7.57,14.44,16.86,17.84,18.93,24.36,FONSECA
Miami_2025_F_Mensik_Djokovic,103.01666666666667,23.562366666666666,22.87,1309.7429948471604,1.491033434650456,324,126,298,282,580,11.920851259184014,230,151,194,232,5.63,14.86,21.04,23.1,20.4,14.97,DJOKOVIC
Brisbane_2025_Q_Gojo_Basavareddy,146.45,13.6265407,9.3,1434.0193729205798,1.5104635761589404,369,195,298,372,670,11.806919221985437,303,160,213,242,6.21,21.49,26.27,17.15,21.73,7.15,BASAVAREDDY
Brisbane_2025_R32_Basavareddy_Monfils,109.31666666666666,16.225690216666667,14.84,1747.781820203702,1.7134939759036145,412,151,410,289,699,10.271312149320933,336,177,269,300,10.51,20.27,26.65,22.87,14.92,4.78,BASAVAREDDY
Brisbane_2025_Q_Pouille_Basavareddy,76.28333333333333,8.583673933333333,11.25,882.1284377115383,1.520545073375262,225,113,208,215,423,8.50195011515644,205,89,132,157,9.56,22.59,25.53,23.42,16.53,2.37,BASAVAREDDY
Acapulco_2025_R32_Shapovalov_Basavareddy,98.06666666666666,17.469083333333334,17.81,1288.4120775779904,1.523520249221184,319,131,395,139,534,12.61824450541813,249,130,212,227,12.2,24.6,22.78,15.55,14.13,10.75,BASAVAREDDY
Acapulco_2025_Q_Kozlov_Basavareddy,96.93333333333334,20.25198333333333,20.89,1673.507441582442,1.6008108108108108,370,111,289,364,653,10.374356967260235,295,139,265,248,17.98,29.01,31.38,16.48,3.49,1.66,BASAVAREDDY
Acapulco_2025_Q_Basavareddy_Duckworth,71.56666666666666,11.798966666666667,16.49,862.5666934970566,1.5216666666666667,214,97,178,151,329,11.110535614318726,158,91,124,146,11.82,29.86,27.47,15.95,10.64,4.26,BASAVAREDDY
Auckland_2025_R16_Basavareddy_Tabilo,1429.15,19.40807638333333,1.36,2038.9539397141282,1.6320486815415822,490,207,481,377,858,11.978375357813263,348,209,324,376,6.41,14.56,20.49,17.26,17.76,23.52,BASAVAREDDY
Auckland_2025_R32_Basavareddy_Comesana,22.366666666666667,11.035717866666666,49.34,1154.7167254038231,1.6787769784172661,274,103,252,245,497,11.973178952574589,207,133,186,188,7.96,19.41,29.25,25.67,12.73,4.98,BASAVAREDDY
Auckland_2025_QF_Michelsen_Basavareddy,101.56666666666666,13.2567761,13.05,1399.350124797523,1.6176712328767124,362,152,321,333,654,8.933409446424749,273,157,228,275,7.96,18.67,27.37,22.05,18.51,5.46,BASAVAREDDY
Auckland_2025_Q_Basavareddy_Altmaier,62.3,8.3409346,13.39,879.3858038914699,1.6319248826291082,209,87,178,207,385,7.9236065838379295,170,90,119,149,10.5,19.17,27.12,27.22,13.29,2.69,BASAVAREDDY
Auckland_2025_SF_Monfils_Basavareddy,105.61666666666666,16.353206583333336,15.48,1745.1319602196152,1.672749099639856,403,146,290,413,703,9.599863724328593,345,153,244,316,8.23,15.71,26.69,22.24,17.46,9.69,BASAVAREDDY
Auckland_2025_Q_Van-de-zandschulp_Basavareddy,1395.9166666666667,21.4611172,1.54,2092.3617479185536,1.5078994614003591,550,227,518,489,1007,8.227533983598628,404,225,350,373,6.23,17.5,26.88,21.27,14.25,13.88,BASAVAREDDY
Indian_Wells_2025_1st_Bu_Basavareddy,102.11666666666666,18.47785,18.09,1403.109536488169,1.523546511627907,349,122,279,327,606,8.88088315406057,243,164,240,244,5.5,19.83,23.17,25.33,15.39,10.78,BASAVAREDDY
Bucharest_2025_R32_Basavareddy_Jianu,92.68333333333334,25.3303,27.33,1643.5025304885773,1.5321003963011888,397,110,368,268,636,10.935276975010533,239,149,258,269,6.91,20.25,22.49,20.56,13.44,16.35,BASAVAREDDY
Charleston_2025_R32_Baptiste_Navarro,94.41666666666667,19.49825,20.65,1541.0560271935235,1.6998299319727892,292,127,262,227,489,10.296978093315314,157,158,190,191,9.66,20.79,29.01,26.77,9.82,3.95,NAVARRO
Bucharest_2025_R16_Gasquet_Cobolli,115.06666666666666,32.17615,27.96,1989.7474933779326,1.6104847801578355,460,171,320,374,694,10.611753867761148,332,162,330,261,6.02,16.18,22.97,15.05,12.92,26.87,COBOLLI
Charleston_2025_R16_Krueger_Navarro,127.78333333333333,26.19901666666667,20.5,2169.5149531418615,1.7214114832535885,418,166,348,363,711,22.294455890710807,211,248,298,274,5.01,14.59,25.41,31.04,15.64,8.31,NAVARRO
Charleston_2025_QF_Anisimova_Navarro,118.7,21.648033333333334,18.24,2070.0772195161794,1.8405095541401273,383,168,302,336,638,10.631591166057104,187,255,307,251,5.46,15.89,25.62,28.47,15.64,8.92,NAVARRO
Bucharest_2025_QF_Misolic_Cobolli,113.16666666666667,28.342783333333333,25.05,2147.4880980622725,1.6924628450106156,467,163,374,361,735,12.876660886950864,296,224,349,311,4.38,11.84,20.25,18.12,14.77,30.64,COBOLLI
Bucharest_2025_SF_Cobolli_Dzumhur,63.71666666666667,13.891216666666667,21.8,1183.1298561604328,1.5830188679245283,266,97,195,233,428,12.352838486926792,197,107,204,141,9.61,15.25,18.26,18.41,14.84,23.63,COBOLLI
Bucharest_2025_F_Baez_Cobolli,106.0,26.295433333333335,24.81,2097.1121422765464,1.669891304347826,472,139,348,424,772,11.576565007248808,333,191,353,316,8.27,12.27,20.25,21.07,16.78,21.36,COBOLLI
Monte_Carlo_2025_R64_Davidovich-Fokina_Shelton,120.53333333333333,23.45175,19.46,1958.2280556501896,1.7170760233918128,425,163,290,460,750,10.073229662650451,345,206,280,312,6.84,12.41,11.94,12.65,21.0,35.15,SHELTON
Monte_Carlo_2025_R64_Lajovic_Cobolli,73.06666666666666,15.34515,21.0,1343.0229787803687,1.7044091710758378,290,111,227,261,488,13.03954269345805,228,99,206,179,10.83,14.56,20.13,12.18,10.57,31.73,COBOLLI
Monte_Carlo_2025_R64_Griekspoor_Fils,159.73333333333332,25.84531666666667,16.18,2159.0648358573508,1.6405811623246493,496,230,414,449,863,10.704194836486964,388,206,336,321,6.71,10.84,27.03,18.36,18.77,18.29,FILS
Rome_2024_R32_Hurkacz_Etcheverry,120.36666666666666,28.165866666666666,23.4,2745.215624667802,2.1115909090909093,440,140,406,368,774,13.023354156570996,349,225,334,311,11.23,11.31,13.75,13.36,19.09,31.27,ETCHEVERRY
Rome_2024_R64_Seyboth-Wild_Etcheverry,120.18333333333334,20.738766666666667,17.26,1947.454640701995,1.9281337047353762,343,125,303,316,619,10.933766240962262,249,165,269,236,6.99,10.68,11.27,13.14,15.67,42.25,ETCHEVERRY
Brisbane_2024_R32_Etcheverry_Machac,192.4,32.62065,16.95,2658.5930471264096,1.731404255319149,588,218,529,431,960,10.945264490300024,323,219,403,385,4.78,18.2,15.43,21.56,27.34,12.69,ETCHEVERRY
London__2024_R32_Etcheverry_Harris,111.1,16.775933333333334,15.1,1687.9359913487979,1.8903875968992248,320,153,299,275,574,10.464786792581693,250,136,208,231,8.32,17.54,12.02,12.42,23.62,26.08,ETCHEVERRY
Tokyo_2024_R32_Etcheverry_O'Connell,145.26666666666668,25.60965,17.63,2644.373354319135,1.9761609907120743,471,186,420,455,875,12.445257643455273,357,246,349,346,8.41,13.79,25.35,20.3,22.9,9.25,ETCHEVERRY
Montreal_2024_R64_Etcheverry_Jarry,165.16666666666666,27.856083333333334,16.87,2570.2629929971217,1.9625531914893617,443,199,440,375,815,9.841880319603142,324,265,361,329,4.88,13.23,14.01,10.4,15.95,41.54,ETCHEVERRY
Montreal_2024_R32_Etcheverry_Rublev,85.4,14.8935,17.44,1526.797960097105,1.8172248803827753,311,124,317,221,538,7.9223628000171775,200,129,220,198,3.61,17.34,16.5,17.65,15.67,29.23,ETCHEVERRY
Lyon_2024_F_Etcheverry_Mpetshi-Perricard,148.4,25.83086666666667,17.41,2691.9105065322074,1.9840172786177106,449,202,460,363,823,15.14446499848342,323,236,305,308,7.45,15.1,13.66,9.76,16.54,37.49,ETCHEVERRY
Lyon_2024_R16_Seyboth-Wild_Etcheverry,98.73333333333333,19.876283333333333,20.13,1828.2999455721804,1.888157894736842,345,104,298,290,588,17.103929547168015,223,154,243,251,9.45,12.61,12.78,14.38,20.41,30.37,ETCHEVERRY
Lyon_2024_R32_Sanchez-Izquierdo_Etcheverry,158.53333333333333,32.62526666666667,20.58,3225.7809155646305,2.0430127041742288,550,159,449,492,941,13.326361405242327,335,259,414,367,6.57,11.13,12.73,15.03,18.35,36.19,ETCHEVERRY
Lyon_2024_SF_Etcheverry_Darderi,89.68333333333334,18.669316666666667,20.82,2024.414632748508,2.105651491365777,316,105,286,268,554,17.234167585917103,208,156,236,235,9.11,11.98,11.46,12.61,15.57,39.27,ETCHEVERRY
Lyon_2024_QF_Koepfer_Etcheverry,99.55,21.269516666666668,21.37,2299.762354988397,2.010858585858586,399,117,480,209,689,22.575838199179326,240,215,302,272,9.95,12.43,15.28,12.19,20.8,29.34,ETCHEVERRY
Antwerp_2024_R32_Gasquet_Etcheverry,108.18333333333334,24.436083333333332,22.59,2433.4416092420915,2.0202078521939955,422,142,343,437,780,26.604830562245223,345,202,287,338,8.82,11.64,18.34,24.85,27.97,8.38,ETCHEVERRY
Antwerp_2024_R16_Bautista-Agut_Etcheverry,110.33333333333333,25.268283333333333,22.9,2374.6130499335122,2.120570012391574,421,131,398,343,741,14.866663487998764,309,216,287,313,5.87,11.11,16.81,19.73,28.99,17.5,ETCHEVERRY
Gstaad_2024_R16_van-de-Zandschulp_Etcheverry,136.81666666666666,36.6472,26.79,2786.6837334825154,1.7958693563880883,522,151,524,380,904,20.348487152886147,342,242,395,331,7.12,11.76,14.19,17.49,17.73,31.71,ETCHEVERRY
Gstaad_2024_QF_Struff_Etcheverry,135.51666666666668,38.257600000000004,28.23,2189.157610692009,1.7934831460674159,426,194,434,326,760,11.417041343514729,328,252,267,293,6.1,18.45,15.66,15.95,25.91,17.93,ETCHEVERRY
Miami_2024_R64_Murray_Etcheverry,1379.3166666666666,23.56315,1.71,2447.198728111473,1.9658185840707965,451,144,476,334,810,12.143251757615138,290,197,318,331,7.86,15.13,14.58,16.49,24.0,21.94,ETCHEVERRY
Basel_2024_R32_Etcheverry_Shelton,73.15,13.561666666666667,18.54,1122.1436336908953,1.9563451776649745,202,103,183,166,349,11.980641097553791,152,96,126,143,9.79,15.78,21.31,15.55,19.27,18.3,ETCHEVERRY
Madrid_2024_R64_Etcheverry_Shapovalov,122.98333333333333,25.119416666666666,20.43,2096.9251324520424,1.880332056194125,366,161,353,311,664,14.49861311039636,245,185,299,253,6.26,14.78,10.78,14.13,20.42,33.63,ETCHEVERRY
Cincinnati_2024_R32_Shelton_Etcheverry,172.55,31.364466666666665,18.18,2561.972658216775,1.8863013698630136,471,241,469,368,837,11.8226662199033,381,219,317,309,8.76,15.72,16.52,13.67,24.63,20.7,ETCHEVERRY
Cincinnati_2024_R64_Etcheverry_Arnaldi,153.36666666666667,28.005433333333333,18.26,2844.85568152076,1.9440276406712733,504,183,525,354,879,11.551185551843057,464,219,341,341,14.0,13.44,17.18,16.05,16.76,22.56,ETCHEVERRY
Shanghai_2024_R32_Sinner_Etcheverry,158.83333333333334,29.881449999999997,18.81,2841.0178093963054,2.0380423814328963,505,184,475,449,924,11.16051902547699,380,235,337,359,10.6,13.14,19.55,23.0,23.66,10.05,ETCHEVERRY
Shanghai_2024_R64_van-de-Zandschulp_Etcheverry,222.9,43.013783333333336,19.3,3493.6986825086865,1.7953571428571429,698,202,699,484,1183,11.596533947224133,474,324,457,492,8.66,11.25,19.84,23.32,22.36,14.57,ETCHEVERRY
Winston_Salem_2024_R32_Etcheverry_Bergs,158.65,26.994449999999997,17.02,2906.8426023342504,1.9792417061611374,528,180,513,468,981,15.297386653789763,392,248,362,417,5.81,12.14,15.78,17.4,18.69,30.18,ETCHEVERRY
Eastbourne_2024_R32_Shang_Etcheverry,145.16666666666666,24.151016666666667,16.64,2473.213352510594,1.840122199592668,487,196,383,467,850,12.806786418779604,363,211,342,354,6.96,11.99,14.34,16.8,27.69,22.21,ETCHEVERRY
Adelaide_2024_R32_Etcheverry_Shevchenko,176.05,39.54078333333334,22.46,3783.165372443614,1.9402816901408448,704,227,603,649,1252,11.816500282650804,486,321,473,564,9.65,17.8,13.54,16.49,21.91,20.61,ETCHEVERRY
Paris_2024_R64_Etcheverry_Zhang,95.65,18.808,19.66,1657.4501563780932,1.928501628664495,299,144,282,273,555,11.932337983021297,249,184,195,204,6.1,15.11,17.36,14.86,24.04,22.52,ETCHEVERRY
Paris_2024_R32_Dimitrov_Etcheverry,163.78333333333333,31.105583333333335,18.99,3155.211804849645,2.0190222222222225,569,218,574,451,1025,20.01984383630721,437,316,413,383,5.76,13.15,21.28,20.52,25.44,13.84,ETCHEVERRY
Monte_Carlo_2024_R32_Etcheverry_Tsitsipas,62.85,14.013966666666667,22.3,1527.5280129243833,2.0650283553875237,260,86,227,221,448,13.493485640467576,165,119,199,193,4.0,12.83,13.39,14.58,18.44,36.77,ETCHEVERRY
Monte_Carlo_2024_R64_Jarry_Etcheverry,125.23333333333333,27.926783333333333,22.3,2486.9449423544384,1.949615806805708,443,149,458,375,833,14.1410657710075,272,271,352,331,5.95,14.02,12.66,15.85,18.76,32.77,ETCHEVERRY
Rio_de_Janeiro_2025_R32_Moutet_Etcheverry,110.86666666666666,21.185366666666667,19.11,1496.0125875939827,1.70623973727422,292,132,264,289,553,13.759241755042314,244,130,230,190,11.99,16.25,12.45,12.05,31.71,15.55,ETCHEVERRY
Rio_de_Janeiro_2025_R16_Muller_Etcheverry,127.75,25.0498,19.61,2149.4216798701423,1.678095238095238,472,152,399,421,820,11.763050761499528,327,175,336,341,4.84,13.67,11.15,14.95,22.96,32.43,ETCHEVERRY
Miami_2025_1st_Diallo_Etcheverry,73.35,11.1752,15.24,970.5584118707202,1.634075723830735,222,91,235,171,406,12.143153410005173,150,135,162,134,5.1,16.17,12.55,12.09,14.49,39.6,ETCHEVERRY
Santiago_2025_R16_Garin_Etcheverry,95.35,16.80741666666667,17.63,1461.4870225593486,1.7543889845094665,292,109,250,268,518,11.5754952389859,206,131,196,209,7.38,15.88,12.78,9.89,13.46,40.61,ETCHEVERRY
Santiago_2025_R32_Gaston_Etcheverry,92.23333333333333,15.408800000000001,16.71,1151.6257313263582,1.6394957983193277,227,92,190,211,401,13.1277204036329,187,96,169,160,8.48,14.26,10.7,7.45,17.3,41.8,ETCHEVERRY
Santiago_2025_QF_Cerundolo_Etcheverry,173.96666666666667,33.67203333333333,19.36,2444.351954394403,1.5780969479353681,566,218,573,384,957,11.96743509163379,381,288,381,364,5.36,16.61,13.3,11.79,16.0,36.94,ETCHEVERRY
Belgrade_2024_R32_Etcheverry_Kotov,83.81666666666666,14.018490766666668,16.73,1585.9917623227652,1.8315561959654176,344,114,285,327,612,10.004057597185987,243,147,223,257,5.97,13.95,15.79,18.98,34.03,11.28,ETCHEVERRY
Belgrade_2024_R16_Etcheverry_Klein,106.18333333333334,14.192201533333334,13.37,1544.3300346004555,1.719628647214854,378,149,383,279,662,10.029506848824536,242,187,225,260,3.83,15.28,16.85,17.81,31.54,14.69,ETCHEVERRY
Buenos_Aires_2025_R32_Etcheverry_Fonseca,84.81666666666666,14.7895,17.44,1211.392165264776,1.5974217311233885,270,113,276,179,455,11.044830989833356,167,136,191,187,4.31,18.19,15.32,10.99,13.43,37.77,ETCHEVERRY
Houston_2025_R32_Kovacevic_Etcheverry,97.73333333333333,11.3042538,11.57,1272.1924546431728,1.7509838998211091,267,117,207,270,477,10.386740051872126,173,108,202,192,6.27,13.57,11.19,9.52,12.55,46.89,ETCHEVERRY
Indian_Wells_2025_1st_Etcheverry_Mensik,112.73333333333333,21.840466666666668,19.37,1880.8404063411583,1.6936274509803921,393,139,329,394,723,12.629100842227958,302,191,281,272,6.42,11.99,10.61,20.09,30.37,20.53,ETCHEVERRY
Adelaide_2025_R16_Etcheverry_Kokkinakis,616.7,20.91672275,3.39,2506.254710306515,1.8887939221272556,513,218,500,441,941,9.931786576918656,378,295,344,363,6.61,14.46,16.47,17.44,24.06,20.96,ETCHEVERRY
Adelaide_2025_R32_Etcheverry_Schoolkate,111.56666666666666,14.021160733333334,12.57,1618.83619932485,1.8111724137931033,356,136,371,267,638,14.852060738485951,265,187,238,241,7.14,16.4,16.5,19.07,23.39,17.49,ETCHEVERRY
Monte_Carlo_2025_R32_Etcheverry_Davidovich-Fokina,113.55,24.41815,21.5,2048.3065825834756,1.6214285714285714,466,152,483,331,814,9.983235236581733,301,206,330,312,7.66,16.0,13.51,17.09,27.5,18.23,ETCHEVERRY
Monte_Carlo_2025_R64_Etcheverry_Moutet,140.03333333333333,31.978883333333332,22.84,2365.3830403760876,1.7358129649309246,461,159,380,483,863,12.40754163755522,398,180,317,339,18.97,16.83,17.2,19.6,19.09,8.33,ETCHEVERRY
Monte_Carlo_2025_R32_Cobolli_Fils,69.91666666666667,13.729716666666667,19.64,1172.6157156342663,1.6584086799276674,282,107,244,209,453,10.836928968234671,181,108,186,175,4.35,14.08,19.44,14.19,15.69,32.25,COBOLLI
Monte_Carlo_2025_R16_Rublev_Fils,61.666666666666664,11.641533333333333,18.88,919.5047411524386,1.629061784897025,212,95,145,228,373,10.189287412806271,171,74,136,153,5.14,8.74,24.11,20.61,27.09,14.32,FILS
Monte_Carlo_2025_R32_Cobolli_Fils,69.91666666666667,13.729716666666667,19.64,1169.15121936805,1.6441229656419531,271,107,209,244,453,10.14566961805776,181,97,203,166,5.77,11.17,23.49,19.64,21.6,18.34,FILS
Monte_Carlo_2025_1st_Borges_Tsitsipas,67.56666666666666,12.97565,19.2,1178.7401677630166,1.6764367816091954,270,102,194,207,401,9.2480636410056,175,131,190,160,6.4,14.39,25.3,20.44,22.79,10.67,TSITSIPAS
Monte_Carlo_2025_R32_Thompson_Tsitsipas,120.96666666666667,19.480999999999998,16.1,1501.2340670193353,1.5554183813443074,372,160,299,307,606,13.670606295183145,279,172,241,191,8.01,17.16,26.17,18.47,19.09,11.1,TSITSIPAS
Indian_Wells_2025_R64_Seyboth-Wild_Tsitsipas,87.18333333333334,15.45865,17.73,1383.1575379632627,1.7169747899159664,290,120,182,286,468,9.254152672612951,228,116,212,185,8.33,9.55,15.33,14.73,18.46,33.6,TSITSIPAS
Indian_Wells_2025_R32_Berrettini_Tsitsipas,68.06666666666666,13.773533333333335,20.24,1029.7392623694393,1.733257403189066,215,96,190,175,365,12.972187847414126,185,84,164,137,10.58,13.78,16.75,11.11,12.41,35.36,TSITSIPAS
Indian_Wells_2025_R16_Rune_Tsitsipas,136.81666666666666,18.446199999999997,13.48,1456.3394312664072,1.7713355048859933,312,116,236,278,514,14.985159162235304,242,135,229,191,6.97,12.48,20.66,16.63,20.78,22.49,TSITSIPAS
Miami_2025_R64_Tseng_Tsitsipas,133.61666666666667,24.98875,18.7,2020.0270000656596,1.7161697247706422,439,168,320,398,718,9.039980024400382,324,172,313,273,5.16,11.07,17.25,14.82,25.08,26.62,TSITSIPAS
Miami_2025_R32_Korda_Tsitsipas,94.91666666666667,19.589333333333332,20.64,1568.0439865336107,1.719857142857143,343,132,250,357,607,10.18728538066046,250,184,263,191,1.86,9.77,19.82,19.52,28.31,20.72,TSITSIPAS
Monte_Carlo_2025_QF_Musetti_Tsitsipas,141.43333333333334,27.106066666666667,19.17,2376.186582969377,1.8230192719486082,469,187,323,465,788,12.00245280733558,383,149,388,289,7.45,11.97,17.05,10.72,14.74,38.07,TSITSIPAS
Monte_Carlo_2025_QF_Fils_Alcaraz,143.63333333333333,25.587100000000003,17.81,2144.8530494027164,1.652820512820513,491,204,406,410,816,12.766946648658667,331,189,336,297,7.39,11.46,25.53,17.65,18.66,19.31,FILS
Barcelona_2025_R32_Martinez_Nakashima,197.58333333333334,30.608551883333334,15.49,3193.3598333932005,1.676928471248247,721,231,574,602,1176,12.509925307089413,439,284,496,472,7.38,8.99,18.51,16.94,18.5,29.68,NAKASHIMA
Houston_2025_SF_Nakashima_Tiafoe,101.65,15.385976199999998,15.14,1613.571462087691,1.6650856389986823,385,141,340,314,654,11.451110558153776,309,160,226,257,8.97,13.92,27.98,18.97,16.21,13.95,NAKASHIMA
Monte_Carlo_2025_R64_Bautista-Agut_Nakashima,85.83333333333333,22.525866666666666,26.24,1687.196990385414,1.6001349527665318,368,111,310,281,591,11.744145113070529,202,158,264,266,3.11,8.26,15.05,17.55,32.64,23.38,NAKASHIMA
Miami_2025_R64_Nakashima_Carballes-Baena,142.5,37.07328333333333,26.02,2563.5225089230316,1.5915384615384616,590,187,459,530,989,10.582103025617204,429,245,376,377,6.86,13.33,23.99,25.6,23.82,6.39,NAKASHIMA
Miami_2025_R16_Dimitrov_Nakashima,83.2,16.540499999999998,19.88,1057.2290627429015,1.6620689655172414,239,111,214,182,396,11.986918881008435,184,115,150,158,2.71,13.44,23.41,20.65,24.03,15.75,NAKASHIMA
Miami_2025_R32_Nakashima_Goffin,136.2,25.6947,18.87,2353.342645547392,1.7242512077294685,508,194,410,431,841,10.34416575988496,391,240,321,344,6.07,14.16,24.45,22.34,23.71,9.27,NAKASHIMA
Houston_2025_R16_Mcdonald_Nakashima,77.85,10.23467635,13.15,1010.6453337672589,1.5498046875,252,110,168,242,410,10.60405747126674,172,97,160,159,2.83,10.83,21.12,17.67,23.07,24.48,NAKASHIMA
Houston_2025_QF_Eubanks_Nakashima,82.31666666666666,11.20361785,13.61,1132.690763704287,1.5500897666068223,280,118,194,290,484,8.09975328490804,187,122,188,178,4.52,10.13,20.09,18.48,22.61,24.17,NAKASHIMA
Munich_2025_R32_Gojo_Shelton,144.26666666666668,17.26649678333333,11.97,1976.9558742107517,1.8560099132589838,420,208,369,354,723,12.963084393975548,406,180,292,271,10.64,13.56,17.68,6.8,11.39,39.93,SHELTON
Barcelona_2025_R32_Carreno-busta_Fils,93.21666666666667,12.785515116666666,13.72,1402.5823442225092,1.7053973013493253,338,135,231,333,564,11.668528558650456,236,105,223,226,7.08,9.9,26.76,12.79,19.69,23.79,FILS
Munich_2025_R32_Cobolli_Shevchenko,157.16666666666666,26.123033483333334,16.62,2860.3111216699017,1.7180967238689546,641,244,457,633,1090,11.469171446461598,435,271,467,379,4.12,12.18,19.45,10.92,11.89,41.43,COBOLLI
Barcelona_2025_R32_Tsitsipas_Opelka,69.8,9.094088116666667,13.03,972.189720355073,1.7768348623853212,214,99,165,187,352,11.451558365212772,130,91,142,139,4.54,9.79,21.1,8.9,10.03,45.65,TSITSIPAS
Barcelona_2025_R16_Martinez_Fils,67.98333333333333,8.930631033333333,13.14,942.0249617662728,1.6140997830802604,245,99,169,185,354,13.640603124872436,156,86,151,153,4.41,6.34,33.1,16.47,23.43,16.26,FILS
Barcelona_2025_R16_Tsitsipas_Korda,96.76666666666667,14.0556206,14.53,1608.1107609947342,1.7434903047091412,356,144,253,351,604,11.046567637211096,218,179,255,197,3.02,7.39,21.78,17.29,22.17,28.34,TSITSIPAS
Munich_2025_R32_Bergs_Bublik,142.01666666666668,19.687016683333336,13.86,2366.0336221561943,1.8672820512820512,486,217,470,415,885,12.01747420331105,504,172,316,354,12.95,15.47,17.41,14.24,18.54,21.39,BERGS
Monte_Carlo_2025_Q_Bergs_Marozsan,84.5,17.526416666666666,20.74,1401.487216044005,1.6951456310679611,314,120,274,271,545,12.166354346742578,252,144,210,237,5.21,15.83,13.47,15.69,25.06,24.74,BERGS
Miami_2025_1st_Bergs_Borges,142.78333333333333,28.879433333333335,20.23,2350.895942230881,1.7773399014778326,519,179,501,338,839,11.361247837576878,428,263,318,365,8.16,18.37,17.12,19.86,20.72,15.78,BERGS
Miami_2025_R64_Bergs_Rublev,99.86666666666666,16.712633333333333,16.73,1567.7089762215624,1.745798319327731,352,142,320,337,657,7.733027842676413,296,200,237,235,4.86,18.83,16.21,20.63,17.96,21.5,BERGS
Miami_2025_R32_Berrettini_Bergs,93.65,18.124383333333334,19.35,1308.1125895852933,1.7749128919860626,299,124,280,218,498,7.861377467276104,282,137,165,216,7.8,20.16,18.15,20.39,15.94,17.56,BERGS
Indian_Wells_2025_1st_Bergs_Quinn,106.05,17.82091666666667,16.8,1685.3269120511043,1.8185495118549513,359,147,303,332,635,8.55684477937243,318,165,232,237,10.67,21.09,19.03,17.49,15.85,15.87,BERGS
Indian_Wells_2025_R64_Bergs_Popyrin,129.78333333333333,21.266683333333333,16.39,1629.441883367736,1.6529972752043596,374,166,333,285,618,15.314766194956398,337,177,219,239,8.4,24.83,21.46,16.55,13.21,15.56,BERGS
Dubai_2025_R16_Nardi_Bergs,100.0,20.5914,20.59,1602.59997271134,1.689270976616231,371,137,294,323,617,9.882801159822597,304,181,245,225,5.48,18.79,18.83,23.08,17.52,16.29,BERGS
Munich_2025_R16_Darderi_Kecmanovic,147.91666666666666,18.500422516666667,12.51,1842.7408376838744,1.5927710843373495,456,183,425,373,798,11.718049040994188,303,199,314,285,5.68,13.16,23.42,16.62,14.97,26.15,KECMANOVIC
Munich_2025_R32_Kecmanovic_Giron,174.9,31.879015816666666,18.23,3287.872756687639,1.6517941773865943,721,247,583,654,1237,11.32493727626906,492,295,482,516,4.1,11.35,19.82,16.79,16.49,31.44,KECMANOVIC
Monte_Carlo_2025_R64_Tiafoe_Kecmanovic,151.2,35.677933333333335,23.6,2781.2794679471317,1.5883792048929664,649,219,565,551,1116,10.771160467700993,425,244,426,476,5.45,10.13,20.64,18.07,19.62,26.09,KECMANOVIC
Miami_2025_1st_Kovacevic_Kecmanovic,91.35,17.3619,19.01,1159.30211313346,1.5628865979381443,295,134,306,162,468,8.891023513043375,188,133,172,190,3.91,19.5,20.49,21.16,24.1,10.83,KECMANOVIC
Miami_2025_R64_Ruud_Kecmanovic,124.86666666666666,24.684966666666664,19.77,2083.7006010497144,1.6297606659729449,469,178,371,476,847,10.65833446596074,341,226,316,335,7.07,15.39,23.53,27.52,19.76,6.73,KECMANOVIC
Indian_Wells_2025_1st_Kecmanovic_Griekspoor,135.15,26.54245,19.64,1860.4391891972534,1.6565469293163382,422,187,376,383,759,11.101869481134528,356,182,246,311,8.16,17.81,24.79,22.96,15.07,11.2,KECMANOVIC
Delray_Beach_2025_R32_Kecmanovic_Gojo,70.1,9.032483000000001,12.89,932.1297298132249,1.5733615221987316,228,109,211,203,414,9.33936997668195,178,135,129,168,6.59,21.06,26.21,25.49,14.49,6.16,KECMANOVIC
Delray_Beach_2025_QF_Kecmanovic_Giron,99.76666666666667,12.873937833333335,12.9,1380.9987996006953,1.680551301684533,325,145,276,262,538,11.279545281222209,269,136,200,228,7.29,17.84,25.44,22.25,13.21,13.97,KECMANOVIC
Delray_Beach_2025_F_Davidovich-fokina_Kecmanovic,130.03333333333333,19.613245966666668,15.08,2136.3110462803093,1.727547931382442,491,173,468,404,872,12.023409803142878,365,256,320,360,5.38,18.65,29.09,29.73,12.84,4.31,KECMANOVIC
Delray_Beach_2025_SF_Michelsen_Kecmanovic,92.11666666666666,13.370625166666667,14.51,1445.7685760108902,1.703873744619799,349,137,358,264,622,8.305642564869963,268,163,206,261,6.79,18.47,27.03,32.04,13.3,2.37,KECMANOVIC
Acapulco_2025_R32_Altmaier_Kecmanovic,131.2,24.51375,18.68,2165.208209293022,1.6596966413867824,453,165,407,402,809,12.203028634587245,371,179,300,327,14.86,18.86,22.31,19.83,10.55,13.6,KECMANOVIC
Munich_2025_R16_Zverev_Altmaier,79.51666666666667,11.112422783333333,13.97,1052.3833971627255,1.9646924829157175,248,90,225,158,383,10.408215194952415,205,89,155,160,7.64,13.82,15.4,11.0,12.48,39.67,ALTMAIER
Munich_2025_R32_Tseng_Altmaier,135.1,22.099693333333335,16.36,2465.8790786609843,1.8027054108216432,510,167,443,428,871,14.73760340533914,452,194,371,345,8.92,10.78,11.11,8.97,13.51,46.71,ALTMAIER
Monte_Carlo_2025_Q_Munar_Altmaier,166.75,39.226549999999996,23.52,3121.660536025017,1.8558058925476602,594,199,487,529,1016,13.104697805631002,572,196,394,438,16.24,12.74,13.12,9.42,11.24,37.24,ALTMAIER
Monte_Carlo_2025_Q_Altmaier_Herbert,106.46666666666667,20.698633333333337,19.44,1620.6797700132568,1.7227474150664697,335,146,337,270,607,12.899102924294493,291,148,227,254,8.36,14.95,16.09,11.05,9.93,39.63,ALTMAIER
Monte_Carlo_2025_R64_Auger-Aliassime_Altmaier,119.33333333333333,23.185766666666666,19.43,2096.1543165654552,1.8637484586929716,411,149,374,338,712,13.10067575651768,305,156,285,310,6.58,12.93,13.33,8.75,11.89,46.52,ALTMAIER
Miami_2025_1st_Wong_Altmaier,71.11666666666666,12.379433333333333,17.41,1083.9053598780984,1.6820175438596492,226,100,194,201,395,9.503028926444596,184,107,159,166,3.98,14.09,15.34,11.92,19.93,34.74,ALTMAIER
Marrakech_2025_R32_Altmaier_Virtanen,149.41666666666666,23.610333333333333,15.8,1780.8535452211831,1.636302294197031,377,164,395,271,666,11.41765682486438,309,153,262,269,7.99,14.0,14.78,9.64,10.75,42.83,ALTMAIER
Indian_Wells_2025_Q_Altmaier_Garin,103.16666666666667,19.71901666666667,19.11,1808.2404050393966,1.782699868938401,384,142,324,348,672,11.487249538525084,346,165,261,284,5.61,11.7,15.31,16.83,20.65,29.91,ALTMAIER
Marseille_2025_R32_Nardi_Altmaier,81.75,15.937166666666666,19.5,1450.7652063460596,1.7394693200663351,302,120,191,293,484,12.342945155081066,261,105,203,221,6.6,10.78,10.73,11.11,16.59,44.19,ALTMAIER
Marseille_2025_R16_Altmaier_Virtanen,87.65,17.63361666666667,20.12,1376.014228838625,1.6794314381270903,301,135,307,226,533,11.277774610395351,268,138,201,216,4.99,14.23,16.66,10.08,15.31,38.73,ALTMAIER
Marseille_2025_QF_Medjedovic_Altmaier,162.01666666666668,30.325483333333334,18.72,2586.0753994070114,1.7680790960451978,533,212,573,367,940,11.236933855905816,427,264,360,432,6.56,12.1,13.27,14.98,20.53,32.56,ALTMAIER
Acapulco_2025_R32_Altmaier_Kecmanovic,131.2,24.51375,18.68,2379.6280219149844,1.8348862405200432,470,165,402,407,809,10.636678828112029,383,234,332,338,7.02,11.77,12.6,11.45,19.98,37.18,ALTMAIER
Acapulco_2025_R16_Altmaier_Machac,98.46666666666667,16.50775,16.76,1475.1822811213706,1.7454248366013072,303,126,275,258,533,12.780267334124355,239,176,206,237,3.02,12.0,13.83,14.22,22.59,34.34,ALTMAIER
Indian_Wells_2025_1st_Zhang_Diallo,1037.1166666666666,26.828683333333334,2.59,1616.9628057836799,1.4786650774731822,417,193,334,379,713,11.539287285835362,281,173,253,244,5.11,13.88,18.57,10.63,22.3,29.49,ZHANG
Marseille_2025_R16_Zhang_Hurkacz,128.1,22.037266666666667,17.2,1536.0621179891343,1.469361147327249,380,189,266,370,636,9.533557217489856,262,124,247,210,5.76,14.47,19.87,12.31,12.79,34.8,ZHANG
Marseille_2025_R32_Zhang_Halys,139.15,20.79945,14.95,1666.9568797146446,1.5056166056166056,384,212,301,386,687,12.518417368023734,267,151,252,219,5.34,13.67,17.69,10.87,14.87,37.56,ZHANG
Doha_2025_R32_Zhang_Nardi,76.25,13.920533333333333,18.26,1173.0463332838617,1.4908783783783783,295,111,200,270,470,10.95985197132571,161,89,201,168,4.57,10.69,15.82,14.95,24.37,29.58,ZHANG
Dubai_2025_R32_Mpetshi-Perricard_Zhang,87.11666666666666,14.350216666666666,16.47,1011.8223775520969,1.424399260628466,265,141,217,242,459,10.662133562676395,230,67,159,129,11.93,16.9,17.85,9.08,15.5,28.73,ZHANG
Houston_2025_SF_Paul_Brooksby,438.05,25.292819966666666,5.77,2691.8422881511824,1.6809033280507133,644,220,426,579,1005,10.986738268820297,497,204,396,376,8.67,13.11,28.78,27.17,14.13,8.14,PAUL
Miami_2025_R64_Bublik_Paul,130.65,26.193066666666667,20.05,1683.7658639072024,1.7176319176319175,380,210,310,355,665,10.855598585314857,398,135,204,211,12.07,17.87,30.51,22.75,11.07,5.73,PAUL
Miami_2025_R32_Cerundolo_Paul,90.91666666666667,19.175549999999998,21.09,1580.0036059487327,1.7230878186968839,362,120,304,286,590,7.989068844157943,233,169,226,228,5.66,11.14,26.34,27.73,18.84,10.28,PAUL
Houston_2025_QF_Paul_Smith,88.8,11.983889833333334,13.5,1317.7021805999036,1.690779014308426,309,122,230,297,527,8.738844970863711,269,121,194,187,8.07,13.65,26.97,24.36,16.61,10.36,PAUL
Houston_2025_R16_Paul_Garin,162.56666666666666,20.981370266666666,12.91,2342.524990375763,1.7894937917860554,524,207,326,511,837,10.909984919970617,442,156,356,315,10.74,11.21,25.58,22.61,19.01,10.85,PAUL
Indian_Wells_2025_R64_Paul_Boyer,68.88333333333334,11.26515,16.35,917.4268702427594,1.712378640776699,197,86,120,225,345,9.845128118534657,157,103,142,133,7.82,13.28,26.47,26.1,17.69,8.65,PAUL
Indian_Wells_2025_R32_Paul_Norrie,92.61666666666666,20.409516666666665,22.04,1579.6992116724648,1.6833095577746078,346,128,223,369,592,9.861090440649338,261,109,228,226,6.12,10.82,22.8,23.41,17.32,19.53,PAUL
Indian_Wells_2025_R16_Paul_Medvedev,74.05,18.147916666666667,24.51,1476.0993994154544,1.5667128987517336,365,106,300,313,613,7.499561475379096,295,143,229,233,8.75,14.96,36.09,29.94,7.77,2.48,PAUL
Acapulco_2025_R32_Diallo_Paul,74.21666666666667,14.201533333333334,19.14,1111.2162123051592,1.636328125,259,104,253,195,448,11.91943700228788,224,83,170,145,9.13,13.73,24.0,20.59,13.49,19.05,PAUL
Miami_2025_1st_Eubanks_Opelka,85.2,14.647533333333334,17.19,1097.1026677160282,1.68125,240,131,260,197,457,11.308462250819115,238,121,143,154,7.47,20.74,17.37,12.18,16.59,25.65,EUBANKS
Houston_2025_QF_Eubanks_Nakashima,82.31666666666666,11.20361785,13.61,1185.1869736110718,1.618491921005386,277,118,290,194,484,8.681837268979258,215,134,209,167,3.63,15.81,15.38,13.89,22.91,28.38,EUBANKS
Houston_2025_R32_Hijikata_Eubanks,115.46666666666667,14.470449283333332,12.53,1482.709994362114,1.5462277091906722,366,165,291,368,659,9.610084707627724,292,136,240,224,5.6,14.74,16.44,14.46,26.78,21.98,EUBANKS
Indian_Wells_2025_Q_Eubanks_Basilashvili,70.63333333333334,15.359533333333333,21.75,1055.0514973010359,1.5652000000000001,250,103,231,212,443,7.911847204514715,182,137,151,174,2.41,17.99,18.05,16.27,23.16,22.12,EUBANKS
Dallas_2025_Q_Eubanks_Pinnington-jones,56.05,6.6458013000000005,11.86,765.6352500814028,1.7855882352941177,170,85,155,158,313,15.884868708556782,195,45,105,98,18.63,22.88,21.43,12.42,18.0,6.64,EUBANKS
Dallas_2025_R32_Arnaldi_Eubanks,78.83333333333333,9.261404483333333,11.75,1057.7596188881432,1.7469979296066251,236,117,208,202,410,9.911619467954086,209,99,149,149,9.37,18.65,18.62,14.97,23.08,15.31,EUBANKS
Dallas_2025_Q_Eubanks_Mayo,78.83333333333333,10.15352795,12.88,1117.3038044478776,1.6708333333333334,264,118,255,216,471,12.680045005692683,238,102,166,156,16.58,21.65,19.14,13.83,18.03,10.77,EUBANKS
Montpellier_2025_R16_Rublev_Eubanks,64.71666666666667,12.174566666666667,18.81,794.778785888296,1.6615168539325842,176,98,165,160,325,11.27470561087178,154,68,107,123,9.57,21.29,14.44,13.09,17.32,24.29,EUBANKS
Montpellier_2025_R32_Eubanks_Kachmazov,80.51666666666667,16.171533333333333,20.08,1064.8600866868449,1.6033663366336635,244,123,221,205,426,9.724461479737911,215,97,146,167,11.61,20.17,14.5,15.62,20.87,17.23,EUBANKS
Delray_Beach_2025_R32_Eubanks_Opelka,86.55,9.591262583333334,11.08,1169.1682574446895,1.8013752455795677,246,126,230,235,465,12.684383610413134,240,114,151,172,4.64,16.18,16.92,11.16,18.33,32.77,EUBANKS
Acapulco_2025_Q_Bellucci_Eubanks,69.85,9.520816666666667,13.63,830.4230737193684,1.6557029177718834,196,96,198,141,339,12.966843961933796,203,55,114,97,15.77,25.29,15.54,15.28,12.97,15.15,EUBANKS
Barcelona_2025_Q_Coric_Quinn,143.81666666666666,19.017546216666666,13.22,2140.0067414519103,1.7596153846153846,477,177,429,422,851,10.987609895249935,404,223,319,308,8.98,12.76,17.72,17.03,21.21,22.29,QUINN
Barcelona_2025_R32_Alcaraz_Quinn,106.76666666666667,14.355722666666667,13.45,1583.8364906181769,1.792339832869081,364,143,364,286,650,10.16420760061084,292,177,248,244,8.02,14.25,21.4,18.98,20.09,17.26,QUINN
Barcelona_2025_Q_Quinn_Moutet,141.76666666666668,18.780722866666668,13.25,2212.571444008005,1.8379703534777652,453,184,424,380,804,15.304707213188104,458,167,277,274,18.35,17.88,24.94,18.62,13.83,6.38,QUINN
Houston_2025_R16_Smith_Quinn,73.61666666666666,7.89906605,10.73,908.0782984736682,1.6892601431980905,210,102,195,167,362,15.737168993779791,220,98,120,130,9.78,15.86,19.73,15.81,19.33,19.48,QUINN
Houston_2025_R32_Quinn_Thompson,155.68333333333334,17.360593233333336,11.15,1876.1870000517295,1.642888643880926,460,191,407,404,811,10.036587402643418,412,195,293,272,7.43,15.49,21.44,19.84,21.62,14.19,QUINN
Rome_2023_R64_Vondrousova_Andreescu,54.733333333333334,12.38345,22.63,1076.6278458135923,1.7463592233009708,218,83,197,127,324,11.443878578875678,128,81,138,119,10.27,24.57,40.59,17.06,5.62,1.88,ANDREESCU
Rome_2022_R64_Raducanu_Andreescu,63.06666666666667,12.870373267373427,20.41,871.7103068179687,1.6706896551724137,166,83,110,198,308,30.108374152579515,112,75,129,129,3.86,16.21,40.98,24.02,8.85,6.07,ANDREESCU
Rome_2022_R16_Andreescu_Martic,102.5,20.86775459281517,20.36,1653.2809208133513,1.8006379585326955,321,131,371,211,582,12.524191431750133,291,168,202,219,10.96,20.79,34.88,19.78,9.4,4.19,ANDREESCU
Rome_2022_R32_Andreescu_Parrizas-Diaz,97.66666666666667,22.24676145083745,22.78,1789.1770838303194,1.6542974079126875,376,124,339,293,632,8.643858916733226,248,201,266,249,3.95,14.66,33.98,23.09,17.49,6.82,ANDREESCU
Rome_2022_QF_Swiatek_Andreescu,103.75,20.8819563348851,20.13,1560.2151142698572,1.7433903576982892,313,124,257,307,564,9.856576877158956,206,190,223,221,3.61,17.44,36.5,22.48,11.35,8.62,ANDREESCU
US_Open_2022_2nd_Haddad-Maia_Andreescu,88.35,16.06259472436877,18.18,1520.8589956744152,1.7323390894819466,316,113,322,230,552,12.154574196502509,262,199,225,203,5.49,16.85,32.63,25.26,11.74,8.03,ANDREESCU
RG_2023_R32_Andreescu_Tsurenko,62.15,12.088516666666667,19.45,955.4851222013737,1.7129113924050634,200,82,158,165,323,8.012238393628271,111,101,134,127,5.18,23.63,38.51,20.82,8.83,3.02,ANDREESCU
Miami_2023_1st_Andreescu_Raducanu,152.9,24.68504544794581,16.14,2340.471233733145,1.8666304347826086,472,175,456,355,811,23.971956110427,364,261,335,285,4.69,15.85,35.9,24.27,11.6,7.7,ANDREESCU
Rogers_cup_2024_R64_Andreescu_Tsurenko,118.88333333333334,21.560816666666664,18.14,1801.1169217619358,1.6730718954248367,393,149,363,337,700,9.03699414522573,285,166,242,251,6.79,15.79,43.96,21.9,7.05,4.51,ANDREESCU
Madrid_2022_R64_Andreescu_Riske,116.31666666666666,25.09197693588122,21.57,1783.7792299320363,1.6348178137651823,381,157,339,254,593,9.31416087341591,278,195,246,246,5.77,21.02,38.44,21.74,9.43,3.61,ANDREESCU
Madrid_2022_R32_Andreescu_Collins,68.96666666666667,12.544450000000001,18.19,1101.4633221936685,1.8131455399061032,203,105,172,156,328,8.211058604033845,112,128,129,147,2.44,14.65,40.68,18.31,12.6,11.32,ANDREESCU
Madrid_2022_R16_Pegula_Andreescu,149.8,20.573353710310112,13.73,1659.0960624106488,1.6660589060308557,355,156,323,318,641,9.754961869770677,255,177,243,227,7.24,21.84,42.61,18.11,8.09,2.11,ANDREESCU
Indian_Wells_2023_R32_Swiatek_Andreescu,126.48333333333333,26.743366941883036,21.14,2299.4243707610735,1.9450236966824643,416,145,351,413,764,11.714663881610548,322,249,325,295,4.18,17.82,31.59,26.0,11.19,9.22,ANDREESCU
Indian_Wells_2023_R64_Stearns_Andreescu,144.66666666666666,21.593945559489974,14.93,1702.506682908422,1.7899852724594993,337,138,243,343,586,10.38536746196908,237,191,240,223,5.43,18.52,31.62,22.84,13.16,8.43,ANDREESCU
Adelaide_2023_1st_Muguruza_Andreescu,132.53333333333333,23.82613422685366,17.98,2021.0794874413173,1.8219999999999998,400,166,390,331,721,10.829055405667406,334,233,268,229,4.69,18.65,28.73,26.07,13.53,8.33,ANDREESCU
Munich_2025_R16_Van-de-zandschulp_Shelton,88.91666666666667,9.939477049999999,11.18,1300.8274366464095,2.0314,238,127,225,236,461,10.215629828927646,265,122,197,168,9.88,14.24,18.44,11.48,11.04,34.92,SHELTON
Munich_2025_QF_Darderi_Shelton,73.35,11.263480133333333,15.36,1412.125295780082,1.9902394106813996,280,110,225,274,499,14.746717109124551,280,114,233,181,11.91,12.08,17.71,14.39,16.27,27.64,SHELTON
Munich_2025_R16_Bergs_Dedura-palomero,69.0,10.941067733333334,15.86,1231.7360959462262,1.731021897810219,285,101,260,234,494,15.873412329326696,248,119,165,200,10.77,18.39,20.52,22.61,14.95,12.77,BERGS
Munich_2025_QF_Marozsan_Bergs,99.43333333333334,14.793677783333333,14.88,1726.9502483628432,1.8183619550858652,375,152,350,306,656,10.34127125357548,324,178,269,261,6.74,14.48,15.4,14.15,20.46,28.77,BERGS
Barcelona_2025_SF_Alcaraz_Fils,75.2,10.822181266666666,14.39,1232.1977392606088,1.8007272727272727,285,109,233,236,469,12.0154628993277,194,99,187,196,5.21,6.28,28.21,13.51,18.19,28.61,FILS
Munich_2025_SF_Cerundolo_Shelton,127.1,17.344492416666665,13.65,2041.578195573698,1.8190585533869117,441,184,374,391,765,12.07743990377138,395,208,323,299,6.71,13.29,19.06,13.71,17.26,29.97,SHELTON
Munich_2025_F_Zverev_Shelton,70.8,9.742727816666667,13.76,1147.6137801696598,1.926781857451404,240,98,195,222,417,14.634400334657483,216,98,182,156,5.99,11.55,17.89,10.76,11.41,42.39,SHELTON
Turin_2024_RR_Sinner_Medvedev,73.1,16.97635,23.22,1519.295402006124,1.999645390070922,275,101,220,295,515,11.816412701636034,241,137,207,214,8.78,13.17,22.02,21.1,17.99,16.95,SINNER
Turin_2024_F_Sinner_Fritz,84.25,17.1064,20.3,1509.4510831629555,1.9667844522968199,285,117,247,261,508,9.52193968629942,243,140,206,195,6.52,12.99,19.09,15.82,14.88,30.7,SINNER
Turin_2024_RR_Sinner_Fritz,99.91666666666667,18.130766666666666,18.15,1887.5531779182036,1.9745152354570636,360,130,340,291,631,12.291366987948743,281,189,248,227,5.91,12.25,20.29,15.81,14.82,30.92,SINNER
Turin_2024_RR_Sinner_de-Minaur,84.75,17.937066666666666,21.16,1536.5169639816984,1.93015332197615,292,103,227,264,491,9.8950460383005,267,125,223,201,9.68,12.18,25.35,24.71,13.89,14.19,SINNER
Turin_2024_SF_Sinner_Ruud,69.13333333333334,15.79675,22.85,1294.927695373672,1.958835758835759,244,84,218,228,446,10.126616692432624,210,117,171,161,9.48,15.83,23.26,16.66,13.31,21.46,SINNER
Madrid_2025_1st_Marozsan_Cobolli,115.66666666666667,24.20895,20.93,1760.7990696713928,1.5979974968710888,397,178,327,315,642,13.669289368582424,302,165,274,227,6.76,15.56,17.46,9.92,13.07,37.24,COBOLLI
Madrid_2025_Q_Altmaier_Van-Assche,131.81666666666666,27.572633333333332,20.92,2238.5101529444987,1.6238624873609706,490,167,322,497,819,11.167471075053486,446,155,344,335,7.98,11.04,11.33,10.39,16.12,43.14,ALTMAIER
Madrid_2025_1st_Comesana_Martinez,108.35,23.49233333333333,21.68,1711.3018755094643,1.664965517241379,360,150,218,410,628,11.720426837401742,267,123,263,238,7.2,10.11,10.88,8.29,11.8,51.73,COMESANA
Madrid_2025_Q_Moller_Basavareddy,71.75,14.243666666666666,19.85,949.8818368697016,1.4228915662650603,259,102,235,193,428,8.749408281743538,163,103,141,173,5.83,20.53,19.48,13.29,14.98,25.88,BASAVAREDDY
Madrid_2025_1st_Lajovic_Quinn,85.76666666666667,18.652983333333335,21.75,1369.7193736683346,1.728061224489796,291,130,271,257,528,11.601533270454702,267,134,200,185,10.7,20.27,17.37,14.93,16.03,20.69,QUINN
Madrid_2025_Q_Monteiro_Quinn,174.76666666666668,29.923066666666667,17.12,2182.107633640773,1.5940661478599223,532,220,457,416,873,12.33840627831334,439,220,321,330,6.35,17.39,19.14,14.84,18.57,23.71,QUINN
Madrid_2025_Q_Quinn_Harris,80.73333333333333,14.923483333333333,18.48,974.5696550293053,1.553648068669528,239,124,196,192,388,9.13332641468394,237,103,136,139,5.49,18.7,19.86,14.05,17.18,24.72,QUINN
Madrid_2025_R64_Joint_Navarro,107.1,21.657249999999998,20.22,1727.6261842263193,1.6049872122762148,384,165,244,389,633,13.654152245906442,180,223,251,214,9.06,16.38,33.76,19.7,17.33,3.77,NAVARRO
Madrid_2025_R64_Haddad-Maia_Pera,117.61666666666666,18.845666666666666,16.02,1433.9808825347773,1.5744186046511628,311,159,214,345,559,12.07820153012705,210,153,222,185,2.88,14.15,30.5,32.63,17.17,2.67,HADDAD MAIA
Madrid_2025_R64_Eala_Swiatek,134.78333333333333,23.979499999999998,17.79,1682.438313245642,1.5887074829931973,372,180,274,316,590,10.275291073746123,260,173,216,231,5.31,18.43,43.12,21.09,8.66,3.39,SWIATEK
Madrid_2025_1st_Fonseca_Moller,73.01666666666667,15.525633333333333,21.26,980.5552461668076,1.4565891472868218,252,116,155,266,421,8.20011362912931,145,106,164,173,3.28,16.17,16.58,10.0,11.43,42.54,FONSECA
Madrid_2025_1st_Bergs_Diallo,57.233333333333334,9.207683333333334,16.09,742.6220244642927,1.6898507462686567,172,75,170,138,308,11.909513926864792,158,87,101,112,10.42,20.76,19.45,19.62,14.17,15.57,BERGS
Madrid_2025_1st_Sonego_Kecmanovic,123.06666666666666,24.493683333333333,19.9,1732.5512250485524,1.6016372795969773,381,166,318,312,630,12.424945001248611,263,171,270,253,5.87,11.34,20.74,13.0,11.57,37.49,KECMANOVIC
Madrid_2025_1st_Etcheverry_Medjedovic,195.35,41.352666666666664,21.17,2998.2368831812746,1.7561834561834564,599,242,649,421,1070,12.527707078758574,436,277,429,428,7.95,16.4,11.81,11.44,13.52,38.88,ETCHEVERRY
Madrid_2025_R64_Yastremska_Gauff,141.86666666666667,26.378249999999998,18.59,2288.259475816362,1.845755237045204,435,180,348,461,809,13.961884141643836,389,260,303,315,3.21,15.21,15.58,23.08,32.01,10.91,GAUFF
Madrid_2025_R64_Comesana_Fils,105.51666666666667,17.71115,16.79,1348.3578536562238,1.6644262295081966,299,142,251,274,525,14.105549487688574,241,102,203,202,9.41,13.68,26.48,12.67,17.9,19.86,FILS
Madrid_2025_R64_Comesana_Fils,105.51666666666667,17.71115,16.79,1333.3768834721568,1.6681967213114755,311,142,274,251,525,12.335363704554371,206,112,197,192,5.61,15.95,13.13,6.89,8.62,49.81,COMESANA
Madrid_2025_R64_Quinn_Mensik,80.56666666666666,13.667666666666666,16.96,903.3267463631748,1.5819634703196346,215,123,192,201,393,11.268460843571548,219,99,126,122,7.6,20.76,19.5,16.12,17.87,18.15,QUINN
Madrid_2025_R64_Rybakina_Andreescu,76.86666666666666,14.059083333333332,18.29,1361.0148562246618,1.8163106796116504,249,118,226,228,454,8.292464642804212,144,163,226,148,4.7,21.62,38.32,19.15,9.45,6.76,ANDREESCU
Madrid_2025_R32_Haddad-Maia_Bencic,183.45,32.4959,17.71,2756.987001083573,1.7044802867383513,566,209,505,418,923,12.50491636968044,391,275,377,379,8.74,17.84,32.81,27.28,10.91,2.41,HADDAD MAIA
Madrid_2025_R32_Li_Gauff,66.41666666666667,15.54975,23.41,1261.383198931,1.647378640776699,253,103,219,228,447,12.69943473654521,213,128,160,162,3.47,14.26,16.12,17.63,33.07,15.45,GAUFF
Madrid_2025_R32_Noskova_Swiatek,77.31666666666666,14.485000000000001,18.73,1126.1793597916737,1.696949891067538,231,103,254,167,421,9.96711931035723,188,123,147,145,8.69,21.87,29.99,25.41,10.33,3.71,SWIATEK
Madrid_2025_R32_Vekic_Navarro,124.0,22.804866666666666,18.39,2064.5762214621113,1.721855921855922,395,171,297,381,678,12.108555335718636,188,241,263,257,5.28,15.91,23.45,31.46,16.15,7.75,NAVARRO
Madrid_2025_R64_Fonseca_Paul,124.83333333333333,22.959266666666668,18.39,1938.736069462172,1.6517553793884485,449,191,367,333,700,10.740288845125376,350,191,288,252,8.6,14.09,23.54,17.06,17.26,19.46,PAUL
Madrid_2025_R64_Fonseca_Paul,124.83333333333333,22.959266666666668,18.39,1896.5340960694327,1.6023782559456399,434,191,333,367,700,11.226242699681691,297,201,275,292,6.21,18.74,17.19,15.35,12.9,29.6,FONSECA
Madrid_2025_R64_Tsitsipas_Struff,118.06666666666666,23.5423,19.94,1704.8590968091426,1.5927518427518428,398,185,339,312,651,11.413481705404276,295,228,284,215,2.32,12.26,21.04,13.92,19.57,30.88,TSITSIPAS
Indian_Wells_2025_R16_Gauff_Bencic,140.05,27.068416666666668,19.33,2615.7906044151437,1.8496598639455781,520,176,440,490,930,9.996380503784248,369,258,333,360,3.48,14.54,22.4,31.64,22.96,4.97,GAUFF
Madrid_2025_R64_Nakashima_Ofner,89.68333333333334,14.083683333333333,15.7,1000.4827906262294,1.4606299212598426,257,135,180,225,405,9.128030692816576,166,105,155,147,2.2,11.49,23.23,16.91,21.08,25.08,NAKASHIMA
Madrid_2025_R32_Nakashima_Cobolli,101.7,23.314016666666664,22.92,1683.648500093527,1.6462351387054162,369,135,306,334,640,11.86540682890421,205,165,259,251,5.68,10.67,17.48,14.56,17.43,34.18,NAKASHIMA
Madrid_2025_R64_Cobolli_Rune,42.61666666666667,7.7341,18.15,570.1146661160248,1.5648351648351648,133,52,136,90,226,14.303354684994954,95,70,92,90,6.59,15.86,16.08,8.77,13.59,39.11,COBOLLI
Madrid_2025_R32_Nakashima_Cobolli,101.7,23.314016666666664,22.92,1670.4739960847087,1.6046235138705416,388,135,334,306,640,9.444888023272505,300,152,271,247,8.86,13.46,15.67,15.65,15.56,30.8,COBOLLI
Madrid_2025_R32_Shelton_Mensik,67.58333333333333,13.792833333333334,20.41,845.6521968369186,1.4985185185185184,216,102,232,121,353,10.658439072948797,213,69,135,110,8.11,17.53,23.43,9.87,5.59,35.46,SHELTON
Madrid_2025_R64_Shelton_Navone,138.65,30.455116666666665,21.97,2441.122314887702,1.7658585858585858,506,194,373,499,872,12.030227793827155,445,187,331,374,6.6,12.55,11.38,7.4,12.4,49.66,SHELTON
Madrid_2025_Q_Cerundolo_Seyboth-Wild,90.35,19.8013,21.92,1469.874508266694,1.660327868852459,304,113,210,297,507,10.754898731622012,240,97,253,168,7.98,11.97,15.34,13.2,15.83,35.68,SEYBOTH WILD
Buenos_Aires_2025_R32_Diaz-Acosta_Seyboth-Wild,128.6,19.536333333333335,15.19,1585.8526659986742,1.5948790896159317,345,157,296,297,593,14.562265842152328,253,209,235,188,3.81,15.02,22.33,18.35,17.33,23.16,SEYBOTH WILD
Buenos_Aires_2025_R16_Baez_Seyboth-Wild,89.15,15.426866666666665,17.3,1263.999471944452,1.49281045751634,316,115,244,250,494,9.835192950926956,216,158,210,164,4.64,13.74,21.8,22.34,25.46,12.02,SEYBOTH WILD
Buenos_Aires_2025_QF_Seyboth-Wild_Djere,98.55,20.981166666666663,21.29,1462.8219779728577,1.5654302670623144,340,131,294,276,570,7.906009230175336,235,176,230,195,4.62,13.41,18.49,16.95,17.75,28.78,SEYBOTH WILD
Miami_2025_1st_Seyboth-Wild_Halys,74.31666666666666,13.543233333333335,18.22,1042.6907941905615,1.685684210526316,228,115,197,222,419,12.021668485782634,199,133,149,142,3.66,15.31,26.57,20.66,19.71,14.1,SEYBOTH WILD
Indian_Wells_2025_1st_Seyboth-Wild_Muller,174.86666666666667,34.762616666666666,19.88,2769.69473867005,1.778180286436394,602,236,443,572,1015,12.841712688150608,452,242,408,359,6.45,13.79,20.68,19.53,19.45,20.11,SEYBOTH WILD
Indian_Wells_2025_R64_Seyboth-Wild_Tsitsipas,87.18333333333334,15.45865,17.73,1435.6767717019588,1.8084033613445378,305,120,286,182,468,10.535445572734744,207,146,190,169,5.13,13.97,23.49,18.11,16.26,23.04,SEYBOTH WILD
AO_2025_1st_Seyboth-Wild_Marozsan,236.3,25.76321666666667,10.9,2861.338131040497,1.57930790960452,718,355,650,530,1180,11.918738113826846,611,363,415,386,8.88,17.27,29.17,17.5,16.27,10.91,SEYBOTH WILD
Rio_2025_R32_Munar_Seyboth-Wild,115.16666666666667,22.477116666666667,19.52,1889.8220684951223,1.6245982694684795,412,141,284,371,655,13.83117078675808,284,188,268,226,5.09,10.82,17.07,15.14,19.61,32.27,SEYBOTH WILD
Santiago_2025_R32_Heide_Seyboth-Wild,103.71666666666667,18.526,17.86,1460.9191754220153,1.6186520376175548,327,137,252,244,496,10.3928350927196,250,150,205,185,5.84,13.13,22.51,15.51,19.59,23.4,SEYBOTH WILD
Madrid_2025_R16_Shnaider_Swiatek,154.33333333333334,26.970483333333334,17.48,2400.2216229726387,1.7286150712830957,505,194,486,342,828,12.167531496844047,381,263,295,348,7.14,19.16,34.67,22.31,12.68,4.05,SWIATEK
Madrid_2025_R16_Bencic_Gauff,83.25,16.01598333333333,19.24,1317.413579781344,1.6361301369863013,292,111,175,317,492,9.839884332080548,219,132,174,187,3.86,15.53,17.5,24.11,31.15,7.85,GAUFF
Madrid_2025_R32_Tsitsipas_Musetti,114.35,25.2455,22.08,1949.5301959474998,1.7614973262032085,388,159,262,357,619,12.856037212843496,301,154,298,210,10.88,12.41,17.91,12.25,13.94,32.61,TSITSIPAS
Madrid_2025_R32_Khachanov_Paul,103.3,22.84665,22.12,1634.6948148588742,1.658672086720867,366,141,244,299,543,11.550858618955168,282,138,257,218,5.19,10.23,19.57,17.2,19.11,28.7,PAUL
Madrid_2025_R16_Medvedev_Nakashima,108.76666666666667,23.49165,21.6,1920.5516659205218,1.5800904977375565,431,161,379,377,756,12.194067751295186,285,200,294,290,5.03,11.12,19.04,18.57,23.24,23.01,NAKASHIMA
Madrid_2025_QF_Keys_Swiatek,105.41666666666667,19.25633333333333,18.27,1547.3494437736592,1.7263934426229506,311,134,336,222,558,13.83566251351495,262,174,176,219,8.46,22.05,26.13,26.26,12.95,4.15,SWIATEK
Madrid_2025_QF_Andreeva_Gauff,91.96666666666667,21.043316666666666,22.88,1916.0638397877067,1.888822652757079,318,132,223,364,587,14.501287091105734,322,151,197,244,9.65,11.99,14.13,14.09,24.78,25.36,GAUFF
Madrid_2025_R16_Draper_Paul,67.36666666666666,12.54585,18.62,1026.0530286581875,1.6043103448275862,233,94,221,151,372,9.532433601841303,171,91,154,117,6.22,13.5,21.79,16.3,17.85,24.33,PAUL
Miami_2025_R64_Tirante_Shapovalov,144.03333333333333,23.388316666666665,16.24,2003.0379386135546,1.6602139037433155,480,208,370,395,765,8.122577623750391,342,212,265,327,8.23,15.38,19.95,15.01,25.9,15.53,SHAPOVALOV
Miami_2025_R32_Fritz_Shapovalov,86.21666666666667,12.024766666666666,13.95,1124.8658496896257,1.7221782178217824,252,111,179,214,393,11.348171495099765,198,126,155,167,7.11,10.97,16.54,13.14,32.15,20.08,SHAPOVALOV
Dallas_2025_R16_Fritz_Shapovalov,123.05,13.838469333333334,11.25,1566.4763644497423,1.703034300791557,399,184,344,275,619,10.36916185078203,309,154,229,219,8.02,16.18,20.59,10.32,24.28,20.61,SHAPOVALOV
Dallas_2025_F_Shapovalov_Ruud,99.5,12.855446050000001,12.92,1538.9616212427115,1.8793528505392914,337,146,224,343,567,9.984930571692844,278,117,201,207,13.5,13.65,20.02,14.32,22.43,16.09,SHAPOVALOV
Dallas_2025_R32_Kecmanovic_Shapovalov,120.13333333333334,16.0627563,13.37,1941.5591111977665,1.8550691244239632,448,191,287,459,746,10.69789529714262,277,222,262,286,4.72,13.01,21.42,15.2,32.16,13.5,SHAPOVALOV
Dallas_2025_QF_Shapovalov_Machac,74.1,9.505211716666668,12.83,1152.953743762881,1.849609375,262,110,161,264,425,12.736040080607106,193,108,163,166,6.67,12.65,21.49,15.0,21.56,22.62,SHAPOVALOV
Belgrade_2024_Q_Shapovalov_Grenier,90.81666666666666,13.7339264,15.12,1557.6072192127779,1.78,353,137,274,348,622,10.39034752514518,281,147,216,236,9.66,12.82,21.33,22.86,27.71,5.62,SHAPOVALOV
Belgrade_2024_R16_Shapovalov_Borges,64.55,8.629544600000001,13.37,965.9267044764009,1.7571739130434783,232,99,114,254,368,8.781741012907554,162,84,141,157,6.12,10.09,22.07,23.99,30.27,7.48,SHAPOVALOV
Belgrade_2024_R32_Fucsovics_Shapovalov,155.93333333333334,20.418317633333334,13.09,2388.0510831790302,1.8464904284412031,565,215,446,450,896,8.951476372806418,414,231,298,392,11.52,13.53,19.45,20.44,27.79,7.28,SHAPOVALOV
Belgrade_2024_F_Medjedovic_Shapovalov,74.43333333333334,8.546670883333332,11.48,976.4047870482499,1.7347252747252746,228,115,163,224,387,10.660430120518129,170,85,133,142,6.77,11.12,16.99,14.7,33.51,16.92,SHAPOVALOV
Belgrade_2024_QF_O'connell_Shapovalov,70.9,9.22289845,13.01,1108.2675907863565,1.92217659137577,239,105,114,318,432,10.207316339204844,180,101,154,166,7.55,9.81,19.79,26.24,28.88,7.72,SHAPOVALOV
Belgrade_2024_Q_Shapovalov_Lestienne,96.88333333333334,13.284159266666668,13.71,1637.21229719888,1.893063583815029,342,146,185,420,605,12.743871677199992,291,172,211,231,11.65,11.46,24.16,24.81,23.52,4.4,SHAPOVALOV
Belgrade_2024_SF_Lehecka_Shapovalov,55.95,7.251211333333333,12.96,826.4889688759845,1.7182051282051283,189,89,98,193,291,13.215677539145949,147,94,97,130,10.66,9.6,18.57,22.69,30.64,7.85,SHAPOVALOV
Acapulco_2025_R32_Shapovalov_Basavareddy,98.06666666666666,17.469083333333334,17.81,1577.9529470615057,1.840809968847352,323,131,139,395,534,11.8156831558634,240,134,183,239,9.28,11.3,18.35,16.6,30.09,14.38,SHAPOVALOV
Acapulco_2025_R16_Shapovalov_Michelsen,83.81666666666666,14.724283333333334,17.57,1158.1077922573666,1.7900596421471173,246,107,181,234,415,12.98812179944722,184,131,146,160,7.57,14.41,19.52,17.84,29.1,11.56,SHAPOVALOV
Acapulco_2025_QF_Shapovalov_Giron,130.73333333333332,26.3674,20.17,2308.4772660516173,1.777683315621679,469,161,337,437,774,11.650938674086849,302,255,312,340,6.57,11.26,17.52,20.51,28.57,15.57,SHAPOVALOV
Acapulco_2025_SF_Shapovalov_Davidovich-Fokina,135.46666666666667,26.685133333333333,19.7,2203.0920615697096,1.7378151260504202,488,174,425,374,799,11.269584838707493,318,240,286,358,6.49,13.0,19.38,16.39,29.75,14.99,SHAPOVALOV
Hong_Kong_2025_R32_Shapovalov_Nishikori,57.71666666666667,9.5492,16.54,668.31703715185,1.6158682634730541,179,102,147,117,264,9.17462338517328,173,53,88,92,13.6,18.66,24.22,19.66,20.32,3.54,SHAPOVALOV
Madrid_2025_R32_de-Minaur_Shapovalov,88.95,19.30495,21.7,1325.0308656270079,1.5358139534883721,330,127,243,290,533,12.142003377463476,238,146,194,209,4.19,13.63,19.05,13.64,31.65,17.85,SHAPOVALOV
Madrid_2025_R64_Nishikori_Shapovalov,64.35,14.195016666666668,22.06,1020.1705159516345,1.6672489082969433,234,91,187,180,367,8.349082261778294,145,143,148,150,4.06,14.35,22.59,14.37,27.13,17.49,SHAPOVALOV
Indian_Wells_2025_R64_Shapovalov_Walton,76.3,14.330033333333335,18.78,1194.3623627486547,1.679143389199255,279,116,238,187,425,9.3917794263557,174,130,170,169,7.07,14.77,22.21,17.05,29.1,9.8,SHAPOVALOV
Indian_Wells_2025_R32_Shapovalov_Alcaraz,83.16666666666667,15.86725,19.08,1343.7855024821858,1.8497307001795331,281,122,201,268,469,12.71549534250919,214,144,180,169,7.97,13.89,18.31,18.04,28.53,13.28,SHAPOVALOV
Adelaide_2025_R32_Shapovalov_Zhang,67.28333333333333,7.541953216666667,11.21,874.3088143378287,1.684841075794621,208,107,157,164,321,10.254288160169246,158,102,113,133,9.58,12.76,21.42,19.57,21.74,14.92,SHAPOVALOV
Adelaide_2025_R16_Giron_Shapovalov,78.46666666666667,9.598227366666666,12.23,1018.1015297383752,1.6020637898686678,284,113,161,255,416,10.1624667688867,200,107,140,168,7.66,14.04,26.78,20.42,26.99,4.11,SHAPOVALOV
Monte_Carlo_2025_R64_Giron_Shapovalov,108.28333333333333,30.20125,27.89,2191.312640205393,1.6326041666666666,474,155,227,560,787,10.003470317526244,349,164,297,355,7.72,9.1,15.27,19.06,35.61,13.24,SHAPOVALOV
Rome_2024_1st_Darderi_Shapovalov,190.15,39.98721666666667,21.03,4005.059833208546,2.131673151750973,646,238,461,625,1086,63.2140455796734,425,310,434,467,7.26,12.92,17.96,12.49,14.77,34.6,SHAPOVALOV
Washington_2024_R16_Shapovalov_Kecmanovic,102.83333333333333,20.573500000000003,20.01,1942.2472447980517,2.052992700729927,353,155,222,340,562,11.044206379160537,221,178,187,274,5.74,16.49,22.23,21.1,24.72,9.72,SHAPOVALOV
Washington_2024_QF_Shapovalov_Shelton,144.33333333333334,19.828133333333334,13.74,1950.02083230029,1.923836389280677,355,171,284,351,635,19.337446821942564,289,177,213,253,7.08,17.62,24.73,18.34,21.72,10.51,SHAPOVALOV
Washington_2024_R32_Mannarino_Shapovalov,111.13333333333334,10.87505,9.79,1006.9252832187382,1.8254854368932039,202,88,145,179,324,10.115376688470247,116,110,142,143,3.02,15.7,23.12,28.94,27.0,2.21,SHAPOVALOV
Washington_2024_R64_Shapovalov_Bautista-Agut,181.0,17.8326,9.85,2057.0785468570475,2.009931034482759,371,126,257,342,599,11.773365173422045,228,172,230,281,6.31,10.89,16.33,19.58,34.68,12.21,SHAPOVALOV
Miami_2024_1st_Darderi_Shapovalov,146.88333333333333,27.6909,18.85,2562.6479394128582,2.029220779220779,457,225,245,568,813,14.719445376490455,373,214,284,349,9.6,17.29,22.07,20.72,24.8,5.52,SHAPOVALOV
Miami_2024_R32_Arnaldi_Shapovalov,129.7,14.04325,10.83,1536.979297588168,2.1486388384754993,271,132,223,213,436,10.393358440825976,269,125,160,196,17.86,22.18,28.57,17.32,9.43,4.64,SHAPOVALOV
Miami_2024_R64_Shapovalov_Tsitsipas,1333.2666666666667,14.947283333333333,1.12,1664.9744147136532,2.102124183006536,282,146,139,388,527,9.011205293611994,257,175,188,217,8.58,21.4,28.81,23.31,11.73,6.16,SHAPOVALOV
Geneva_2024_R16_Shapovalov_Griekspoor,1047.3666666666666,22.515916666666666,2.15,2155.015018991556,1.9242462311557789,402,200,286,380,666,12.47955022333905,304,126,235,271,10.22,15.43,18.17,9.47,17.7,29.0,SHAPOVALOV
Geneva_2024_R32_Coria_Shapovalov,83.25,17.815983333333335,21.4,1558.1078155028742,1.893448275862069,300,120,237,271,508,13.77189699952478,219,105,174,222,5.51,16.64,19.31,12.22,25.72,20.6,SHAPOVALOV
Rogers_cup_2024_R64_Shapovalov_Nakashima,97.66666666666667,15.994366666666668,16.38,1719.8867271377171,2.0140293637846653,311,143,215,295,510,11.780009633692188,244,158,164,238,9.58,13.61,21.48,17.72,22.18,15.44,SHAPOVALOV
Stuttgart_2024_R16_Berrettini_Shapovalov,73.83333333333333,13.177183333333334,17.85,1165.072811555508,1.927529411764706,219,110,154,197,351,10.502456365107824,196,106,134,143,10.2,14.22,22.8,20.37,22.09,10.32,SHAPOVALOV
Stuttgart_2024_R32_Martineau_Shapovalov,102.91666666666667,20.004,19.44,1651.809641520867,1.8520376175548587,338,167,292,254,546,8.857536206554592,288,114,182,215,13.98,16.79,19.34,16.51,26.86,6.52,SHAPOVALOV
Basel_2024_R16_Shapovalov_Bautista-Agut,99.75,18.20713333333333,18.25,1944.9489120103008,1.9476584022038568,377,146,217,428,645,14.966780138448303,254,157,221,282,6.91,10.34,20.72,26.15,30.83,5.05,SHAPOVALOV
Basel_2024_R32_Shapovalov_Shang,67.91666666666667,12.844483333333333,18.91,1013.6066119311408,1.772992700729927,213,106,148,211,359,6.908990072800336,158,83,122,136,6.22,15.6,25.33,28.06,21.9,2.89,SHAPOVALOV
Basel_2024_QF_Mpetshi-Perricard_Shapovalov,126.1,17.52335,13.9,1868.2515269496098,1.98005698005698,341,209,315,290,605,12.853397432986975,336,102,172,253,14.18,16.16,21.55,14.26,15.09,18.76,SHAPOVALOV
Madrid_2024_R64_Etcheverry_Shapovalov,122.98333333333333,25.119416666666666,20.43,2040.7585498914016,1.8196679438058747,417,161,311,353,664,10.850785972679803,272,162,218,321,6.86,16.52,20.39,22.71,25.65,7.87,SHAPOVALOV
Madrid_2024_1st_Diaz-Acosta_Shapovalov,114.6,18.3903,16.05,2019.4909244700902,1.946206896551724,378,155,262,339,601,14.579326904344176,253,177,214,243,9.38,12.51,23.7,15.73,19.72,18.96,SHAPOVALOV
Madrid_2024_R32_Shapovalov_Zverev,104.35,17.92278333333333,17.18,1836.514127886269,2.061637239165329,329,146,343,198,541,12.16032425169889,242,155,200,237,9.13,14.51,21.99,9.69,13.51,31.19,SHAPOVALOV
Auckland_2024_R32_Shapovalov_Ofner,68.3,10.434383333333333,15.28,924.7367113070377,1.8590027700831027,192,103,126,155,281,11.55816941885401,130,89,93,126,3.97,16.44,29.31,16.7,25.7,7.88,SHAPOVALOV
Shanghai_2024_1st_Sonego_Shapovalov,129.23333333333332,25.08815,19.41,2503.497623824133,2.0423433874709978,425,167,327,409,736,13.275191307566326,329,231,260,318,12.12,13.57,21.61,21.51,20.72,10.48,SHAPOVALOV
Shanghai_2024_Q_Shapovalov_Hsu,85.73333333333333,14.803583333333334,17.27,1317.3025052130986,1.9753061224489796,236,120,131,295,426,11.355205890678512,212,88,139,191,10.4,12.65,22.53,28.8,19.94,5.69,SHAPOVALOV
Shanghai_2024_Q_Shapovalov_Shimabukuro,52.28333333333333,8.109533333333333,15.51,831.4289986367004,1.945484949832776,146,73,107,154,261,10.95207042555808,107,78,81,109,7.05,15.89,21.99,23.38,22.01,9.68,SHAPOVALOV
Shanghai_2024_R64_Shapovalov_Shelton,77.35,12.934666666666667,16.72,1343.8109637002372,2.0925000000000002,219,109,213,186,399,14.5061742269655,200,93,154,154,10.44,14.72,15.82,13.05,17.51,28.45,SHAPOVALOV
Indian_Wells_2024_R64_Musetti_Shapovalov,139.85,25.08491666666667,17.94,2390.7133284545016,2.0619217081850536,432,192,285,442,727,9.604894514508858,372,183,246,291,15.95,15.82,21.79,17.12,21.43,7.89,SHAPOVALOV
Indian_Wells_2024_1st_van-de-Zandschulp_Shapovalov,76.56666666666666,13.639533333333333,17.81,1195.0046350217813,1.915158371040724,221,108,169,204,373,40.65826500623989,191,110,122,166,12.06,17.82,22.76,15.85,24.73,6.78,SHAPOVALOV
Rotterdam_2024_Q_Gaston_Shapovalov,65.4,11.927366666666666,18.24,1294.9142146755796,2.02089552238806,234,104,141,263,404,10.624193884711053,188,83,140,168,14.26,12.44,20.4,29.83,19.58,3.5,SHAPOVALOV
Rotterdam_2024_R32_Shapovalov_Monfils,97.5,18.627916666666668,19.11,1913.2223542666432,2.0846726190476192,352,159,247,346,593,9.0436896955153,305,132,215,228,14.63,15.13,26.6,21.78,15.74,6.11,SHAPOVALOV
Rotterdam_2024_Q_Shapovalov_Marterer,96.31666666666666,15.808416666666666,16.41,1552.2149161612122,1.944178082191781,290,132,139,366,505,12.450581684751988,232,120,189,216,5.69,10.76,15.84,12.21,25.4,30.1,SHAPOVALOV
Dubai_2024_R32_Shapovalov_Murray,151.55,28.880733333333335,19.06,2717.6958887158794,2.060828025477707,500,199,308,504,812,12.844945857714922,372,177,276,386,11.49,13.88,19.04,18.63,27.35,9.61,SHAPOVALOV
Atlanta_2024_R32_Shapovalov_Goffin,124.45,21.88545,17.59,2330.679285269372,1.999404052443385,435,181,323,403,726,9.966158199111732,358,200,269,333,7.87,16.57,20.23,19.09,23.9,12.34,SHAPOVALOV
Madrid_2025_SF_Gauff_Swiatek,64.41666666666667,9.922416666666667,15.4,898.5134836660466,1.7457300275482095,188,83,212,121,333,10.94685686530467,167,98,101,125,7.1,20.33,30.45,22.74,13.83,5.55,SWIATEK
Madrid_2025_SF_Gauff_Swiatek,64.41666666666667,9.922416666666667,15.4,878.6386441778759,1.708815426997245,175,83,121,212,333,10.928109889811378,130,89,132,113,2.01,10.89,14.69,11.84,23.19,37.38,GAUFF
Madrid_2025_F_Sabalenka_Gauff,98.81666666666666,19.454816666666666,19.69,1705.2325721324733,1.8445966514459666,350,142,356,245,601,9.155032864032908,297,165,217,220,7.89,20.53,17.42,14.7,19.41,20.06,GAUFF
AO_2024_Q_Mensik_Nakashima,86.15,19.213666666666665,22.3,1435.9745012795695,1.7161500815660684,309,119,230,278,508,9.00336474810361,252,147,207,212,6.24,14.73,18.43,23.86,25.99,10.75,MENSIK
Hertogenbosch_2024_R32_Mensik_Brouwer,103.36666666666666,21.64111666666667,20.94,1900.8302547060603,1.8407979407979407,398,164,298,414,712,13.726314914157484,304,161,265,233,4.5,12.8,21.62,23.4,28.86,8.83,MENSIK
Doha_2024_R32_Mensik_Davidovich-Fokina,92.9,17.857266666666664,19.22,1892.3998764003416,1.9624316939890711,376,130,304,340,644,10.111445896656916,305,186,227,255,9.25,14.49,27.14,27.13,18.74,3.25,MENSIK
Indian_Wells_2024_R64_Shelton_Mensik,120.53333333333333,22.4602,18.63,1946.7947722901297,1.8739837398373984,379,171,371,293,664,12.566629323757542,342,203,221,231,9.32,16.43,24.9,21.21,20.07,8.08,MENSIK
Mallorca_2024_R32_Eubanks_Mensik,90.38333333333334,16.793116666666666,18.58,1327.1288454322591,1.8457198443579768,259,135,216,251,467,22.3079912714774,262,92,167,164,9.64,16.49,19.03,15.63,21.78,17.43,MENSIK
Mallorca_2024_R16_Mensik_Fognini,160.43333333333334,24.596816666666665,15.33,2058.0775504383532,1.855925925925926,401,180,359,294,653,13.435843612433503,358,175,248,268,9.79,15.32,18.67,20.51,21.78,13.93,MENSIK
Miami_2025_F_Mensik_Djokovic,103.01666666666667,23.562366666666666,22.87,1553.013871474381,1.7527355623100302,334,126,282,298,580,12.723287438502467,280,177,195,276,11.26,13.46,17.32,18.23,23.51,16.21,MENSIK
Indian_Wells_2025_1st_Etcheverry_Mensik,112.73333333333333,21.840466666666668,19.37,1741.0680304779,1.5800245098039216,423,139,394,329,723,9.538742366186568,278,182,275,315,6.17,13.63,20.4,21.93,25.43,12.44,MENSIK
Shanghai_2024_1st_Mensik_Martinez,117.88333333333334,20.7324,17.59,2104.9283118446233,1.936146095717884,413,162,313,425,738,13.029652122996689,352,166,261,286,12.21,13.47,23.93,24.79,22.38,3.23,MENSIK
Auckland_2025_R16_Shelton_Mensik,505.8666666666667,20.056718016666665,3.96,2332.290951836011,1.7459633027522934,545,246,446,549,995,10.526428458365048,517,236,337,410,9.64,15.51,24.75,24.23,20.62,5.24,MENSIK
Jeddah_2024_RR_Fils_Mensik,76.76666666666667,13.024816666666668,16.97,1250.1869557670811,1.8452380952380953,254,112,199,235,434,9.914971892760889,208,116,132,148,12.6,13.33,26.71,20.33,22.14,4.88,MENSIK
Madrid_2025_R64_Quinn_Mensik,80.56666666666666,13.667666666666666,16.96,862.3926415241272,1.5114155251141552,223,123,201,192,393,8.342729012678664,218,101,142,156,7.72,21.08,22.21,15.05,19.06,14.88,MENSIK
Madrid_2025_R32_Shelton_Mensik,67.58333333333333,13.792833333333334,20.41,905.3354897527909,1.600493827160494,189,102,121,232,353,12.218265616251156,192,76,116,134,8.99,13.37,13.28,8.77,20.9,34.69,MENSIK
Vienna_2024_R16_Mensik_Kecmanovic,113.18333333333334,21.737849999999998,19.21,2396.6298554474765,1.9882618510158012,433,174,264,502,766,10.882861315399785,317,239,293,334,8.77,9.96,17.09,21.89,31.68,10.61,MENSIK
Miami_2025_QF_Fils_Mensik,75.1,15.573016666666666,20.74,1153.3069817726341,1.6366300366300366,267,121,156,323,479,9.792693009682212,225,123,177,210,7.1,14.55,18.01,21.9,22.8,15.64,MENSIK
Auckland_2025_R32_Carreno-busta_Mensik,130.93333333333334,16.170318266666666,12.35,1845.8478166053098,1.7325714285714287,443,188,341,423,764,9.631913139604132,382,216,264,337,8.39,13.43,25.74,26.76,20.96,4.73,MENSIK
Jeddah_2024_RR_Mensik_Fonseca,131.1,19.78421666666667,15.09,1875.9526644519276,1.79404052443385,428,214,319,354,673,10.843569753544733,352,196,210,217,10.71,16.39,24.45,21.93,21.62,4.91,MENSIK
Rome_2025_1st_Errani_Osaka,79.38333333333334,17.00091666666667,21.42,1591.0086375736896,1.792283464566929,342,113,213,312,525,11.86936974156868,204,99,192,221,11.25,16.71,34.47,31.91,4.87,0.79,OSAKA
Rome_2025_1st_Altmaier_Comesana,82.26666666666667,18.478683333333333,22.46,1358.5433296408467,1.7511926605504586,274,117,256,232,488,10.66149025021232,250,116,179,185,10.44,15.08,16.74,10.64,9.88,37.21,ALTMAIER
Rome_2025_Q_Krueger_Basavareddy,123.98333333333333,25.8544,20.85,1851.2055897928553,1.4447537473233405,483,160,528,295,823,9.329300375110687,346,219,321,291,7.28,21.8,20.62,18.63,21.04,10.63,BASAVAREDDY
Rome_2025_Q_Kopriva_Basavareddy,92.08333333333333,20.903450000000003,22.7,1450.4130399474886,1.4253061224489794,366,116,313,280,593,10.012879674181288,182,161,240,248,2.43,14.29,17.59,18.83,24.68,22.18,BASAVAREDDY
Rome_2025_1st_Altmaier_Comesana,82.26666666666667,18.478683333333333,22.46,1314.343071101017,1.675045871559633,271,117,232,256,488,11.911844278252447,206,101,185,183,8.96,13.47,15.56,8.18,10.9,42.94,COMESANA
Rome_2025_1st_Griekspoor_Kecmanovic,145.78333333333333,20.674,14.18,1377.2944485614644,1.5623100303951367,325,142,320,240,560,11.537135341084864,235,147,187,219,6.2,12.93,26.3,24.22,22.22,8.13,KECMANOVIC
Rome_2025_Q_Lajovic_Quinn,146.46666666666667,30.4017,20.76,2315.0162203561517,1.6796222664015905,512,195,479,442,921,14.218564494503946,408,248,358,336,8.03,18.45,20.19,15.48,19.51,18.34,QUINN
Rome_2025_Q_de-Jong_Seyboth-Wild,120.11666666666666,23.16825,19.29,1710.749794214686,1.6528378378378377,365,137,270,384,654,12.914781903573026,342,137,271,215,8.89,12.51,17.26,12.47,18.12,30.74,SEYBOTH WILD
Rome_2025_Q_Basile_Seyboth-Wild,68.58333333333333,14.515316666666667,21.16,1061.4502189983614,1.6139874739039666,229,95,141,235,376,11.433414064696011,175,96,184,132,5.42,11.94,17.19,13.12,19.77,32.57,SEYBOTH WILD
Rome_2025_1st_Marozsan_Fonseca,87.66666666666667,15.339033333333333,17.5,1115.982791358632,1.4359400998336107,306,135,244,259,503,8.867238064781622,230,143,161,191,3.37,21.62,22.08,15.12,17.45,20.35,FONSECA
Rome_2025_1st_Nardi_Cobolli,87.73333333333333,19.3649,22.07,1432.8895536297282,1.69648,319,118,260,228,488,13.77877514817282,230,141,191,199,8.1,15.47,16.97,14.16,13.48,31.82,COBOLLI
Rome_2025_R64_Cocciaretto_Swiatek,52.21666666666667,7.4847166666666665,14.33,676.8138729886941,1.749056603773585,160,71,126,121,247,9.167284819155162,119,78,80,102,7.14,19.39,35.92,24.04,10.17,3.33,SWIATEK
Rome_2025_R64_Haddad-Maia_Bouzkova,74.25,14.464683333333333,19.48,1198.7768810479743,1.7797546012269938,257,80,183,253,436,11.128216985398629,178,116,178,154,9.31,10.72,36.66,31.84,7.44,4.04,HADDAD MAIA
Rome_2025_R64_Osaka_Golubic,110.58333333333333,23.195333333333334,20.98,1977.8309720144696,1.7246706586826346,442,155,382,365,747,9.483715426732084,307,150,251,293,9.63,18.18,32.72,32.62,6.11,0.75,OSAKA
Rome_2025_R64_Fils_Griekspoor,67.56666666666666,11.297033333333333,16.72,849.0795499923394,1.6777493606138107,189,97,178,161,339,10.587952561654284,184,72,137,111,6.27,12.17,27.36,17.45,16.47,20.29,FILS
Rome_2025_R64_Navarro_Rakhimova,85.71666666666667,21.11055,24.63,1637.1124260565289,1.7150943396226417,346,110,267,309,576,11.698738784356667,196,181,229,210,8.6,11.67,24.36,26.85,20.8,7.72,NAVARRO
Rome_2025_R64_Gauff_Mboko,103.26666666666667,25.1447,24.35,2443.155620285416,1.8341069626639757,491,146,357,535,892,9.89689959381227,460,260,299,307,6.22,11.66,21.12,28.23,25.11,7.66,GAUFF
Rome_2025_R64_Muller_Tsitsipas,90.81666666666666,20.576316666666667,22.66,1434.0384814423933,1.6738287560581582,311,130,192,344,536,7.918864910936147,241,116,214,212,6.21,11.18,15.15,10.96,19.57,36.93,TSITSIPAS
Madrid_2025_R32_Korda_Ruud,69.76666666666667,15.46605,22.17,1099.2112492844199,1.6263366336633662,254,108,216,217,433,11.022979562708397,198,121,165,149,7.77,13.69,22.08,23.17,19.41,13.89,KORDA
Madrid_2025_R64_Korda_Cina,101.05,20.64176666666667,20.43,1413.3396788381458,1.516056338028169,357,157,303,333,636,9.851354533426356,292,167,214,211,4.09,15.22,23.71,19.4,22.07,15.51,KORDA
Barcelona_2025_R32_Arnaldi_Korda,115.23333333333333,17.547002766666665,15.23,1762.542618198766,1.6020214030915576,422,149,324,365,689,10.147675938640942,286,179,282,259,6.73,12.39,21.89,17.99,26.47,14.54,KORDA
Barcelona_2025_R16_Tsitsipas_Korda,96.76666666666667,14.0556206,14.53,1557.6934024411157,1.6865650969529087,366,144,351,253,604,12.191104820640852,318,169,242,224,6.74,13.22,24.54,18.29,19.83,17.39,KORDA
Miami_2025_R64_Korda_Spizzirri,71.36666666666666,13.30265,18.64,1055.5043382742676,1.4459363957597173,289,114,236,264,500,11.7233683943369,224,136,183,172,3.61,13.74,24.17,28.73,24.09,5.66,KORDA
Miami_2025_R32_Korda_Tsitsipas,94.91666666666667,19.589333333333332,20.64,1471.7597644301704,1.6697142857142857,357,132,357,250,607,8.640669389396889,294,164,216,226,8.24,14.8,27.64,24.29,19.06,5.97,KORDA
Miami_2025_R16_Monfils_Korda,362.1166666666667,18.060350000000003,4.99,1455.5426656310406,1.5179166666666668,368,158,303,319,622,13.504106417832883,304,162,219,229,4.57,14.69,25.98,27.41,21.16,6.19,KORDA
Indian_Wells_2025_R64_Monfils_Korda,120.4,28.895316666666666,24.0,2247.764472212591,1.6038872691933916,519,169,516,352,868,11.18883542030287,415,228,325,354,7.86,14.72,30.35,27.77,13.83,5.46,KORDA
Adelaide_2025_R16_Davidovich-Fokina_Korda,91.58333333333333,12.0590673,13.17,1335.4535827830396,1.7421779141104297,329,132,303,297,600,10.788100520318348,281,157,193,209,8.27,15.3,33.45,28.53,12.19,2.25,KORDA
Adelaide_2025_F_Auger-Aliassime_Korda,109.16666666666667,12.205013216666666,11.18,1413.3661514196913,1.761127596439169,340,153,329,279,608,12.853686555835711,297,139,181,219,8.2,14.23,27.91,18.56,18.4,12.7,KORDA
Adelaide_2025_SF_Kecmanovic_Korda,78.81666666666666,9.435687533333333,11.97,1101.608291103523,1.7745210727969347,278,129,218,251,469,11.267823863531516,261,117,138,177,10.56,12.16,27.88,25.04,18.35,6.02,KORDA
Miami_2025_QF_Korda_Djokovic,81.9,18.848883333333333,23.01,1187.3357060656033,1.5780575539568344,284,115,268,230,498,13.405147391900062,242,131,162,180,6.57,14.03,25.98,27.87,18.21,7.35,KORDA
Rome_2025_R32_Collins_Swiatek,103.75,14.990483333333334,14.45,1338.0569988488812,1.7441176470588236,286,128,246,188,434,11.160906095625297,211,140,139,160,8.79,20.64,32.1,23.69,10.75,4.04,SWIATEK
Rome_2025_R64_Sinner_Navone,97.65,23.719,24.29,1685.1844426898535,1.6650134048257372,382,122,343,321,664,9.512489796082445,313,158,264,248,8.13,14.32,17.4,19.41,18.19,22.56,SINNER
Rome_2025_R64_Dellien_Seyboth-Wild,135.56666666666666,32.928383333333336,24.29,2542.1356229376647,1.7584493041749503,507,176,411,438,849,13.060550891314746,352,224,383,303,6.51,11.11,15.31,9.79,15.17,42.11,SEYBOTH WILD
Rome_2025_R64_Paul_Bautista-Agut,79.56666666666666,19.132916666666667,24.05,1361.481551579856,1.5661341853035144,310,97,209,266,475,8.779882954105132,217,110,223,204,3.39,6.66,20.39,23.37,20.39,25.81,PAUL
Rome_2025_R64_Vukic_Korda,87.23333333333333,21.000966666666667,24.07,1447.457246856281,1.5721617418351477,322,130,290,287,577,12.893130392241629,251,139,209,204,7.07,14.44,19.04,13.36,17.36,28.73,KORDA
Rome_2025_R64_Shelton_Munar,77.11666666666666,19.34958333333333,25.09,1546.522020107072,1.656298600311042,340,103,326,229,555,12.112489885846111,298,126,191,240,16.44,15.79,17.34,18.83,17.47,14.13,SHELTON
Rome_2025_R32_Musetti_Nakashima,83.36666666666666,20.004366666666666,24.0,1459.0187575422672,1.6723154362416108,300,101,255,249,504,11.67842454971368,208,121,215,201,8.13,11.12,18.57,16.19,22.66,23.33,NAKASHIMA
Rome_2025_R32_Gauff_Linette,101.75,20.3465,20.0,1886.6219657076313,1.8897368421052632,387,142,316,343,659,10.751753577522493,344,180,235,216,8.18,13.65,24.25,23.64,24.17,6.11,GAUFF
Rome_2025_R32_Fils_Tsitsipas,113.65,25.069716666666668,22.06,1464.4093017654045,1.5596516690856312,345,147,303,233,536,10.569335435745687,287,133,250,188,6.55,13.24,24.64,13.59,14.76,27.22,FILS
Rome_2025_R32_Fils_Tsitsipas,113.65,25.069716666666668,22.06,1559.5293590269255,1.6573294629898405,344,147,233,303,536,12.125741221962588,210,155,259,191,3.5,10.98,19.28,12.89,14.65,38.69,TSITSIPAS
Rome_2025_R32_Navarro_Tauson,128.93333333333334,25.274133333333335,19.6,2402.9468132658512,1.942825361512792,429,177,338,429,767,62.699438358445256,231,262,324,285,9.88,12.21,22.31,27.92,16.29,11.39,NAVARRO
Rome_2025_R32_Sinner_de-Jong,93.33333333333333,20.165599999999998,21.61,1260.6043160921943,1.6013400335008374,293,110,240,299,539,9.719847755872618,278,110,195,192,8.45,15.32,17.58,18.77,15.4,24.48,SINNER
Rome_2025_R32_Paul_Machac,143.63333333333333,29.99641666666667,20.88,2335.842736899259,1.6433619866284621,533,185,434,395,829,10.75721857692218,383,192,353,315,5.33,9.98,22.42,17.79,20.24,24.25,PAUL
Rome_2025_R16_Gauff_Raducanu,79.55,17.28101666666667,21.72,1450.615505160563,1.6724615384615382,329,105,288,257,545,10.03644068830538,247,161,175,200,5.48,9.6,20.71,24.0,28.32,11.89,GAUFF
Rome_2025_R32_Munar_Korda,87.71666666666667,21.62088333333333,24.65,1524.1134824797068,1.6070996978851966,339,106,260,317,577,13.377015506572336,258,107,216,215,10.75,15.99,20.24,17.6,24.08,11.35,KORDA
Rome_2025_R16_Sinner_Cerundolo,137.2,26.84855,19.57,2428.091635891922,1.6756830601092898,543,177,574,385,959,9.99287422573713,399,270,405,365,4.09,15.95,18.61,21.83,18.49,21.02,SINNER
Rome_2025_R16_Fils_Zverev,105.06666666666666,26.655533333333334,25.37,1632.14615409203,1.6123859191655803,399,139,347,312,659,9.247012054297151,300,167,271,236,4.31,11.93,25.03,16.35,17.57,24.81,FILS
Rome_2025_R16_Paul_de-Minaur,114.6,29.72396666666667,25.94,2327.834830384333,1.5809787626962142,538,146,415,467,882,12.354005014689024,352,194,388,334,4.9,6.59,15.72,24.44,29.5,18.84,PAUL
Rome_2025_R16_Sinner_Cerundolo,137.2,26.84855,19.57,2365.071383402283,1.6154826958105646,555,177,385,574,959,12.304748160157931,376,199,402,368,4.11,11.41,11.71,7.07,19.29,46.41,CERUNDOLO
Rome_2025_QF_Gauff_Andreeva,102.4,23.663183333333333,23.11,2614.8530261506667,2.0818181818181816,439,131,337,457,794,14.37323283741916,429,227,298,293,10.11,10.22,15.38,25.92,26.72,11.66,GAUFF
Rome_2025_QF_Gauff_Andreeva,102.4,23.663183333333333,23.11,2406.7425450464716,1.9259423503325943,463,131,457,337,794,12.855440209973306,232,244,302,331,10.76,11.92,19.03,29.17,20.57,8.54,ANDREEVA
Rome_2025_QF_Sinner_Ruud,64.03333333333333,16.226233333333333,25.34,1236.7061328792904,1.746124763705104,256,77,195,278,473,9.277803202506922,215,106,188,171,7.57,15.77,23.85,25.32,13.25,14.24,SINNER
Rome_2025_QF_Hurkacz_Paul,118.85,23.9984,20.19,2107.7470185292336,1.6482721382289416,468,162,454,293,747,12.10765887559978,306,175,306,298,6.25,10.25,24.62,18.89,17.01,22.98,PAUL
Rome_2025_SF_Zheng_Gauff,212.71666666666667,46.483216666666664,21.85,4467.046050975452,1.9315416420555227,846,256,833,691,1524,11.350605803614224,729,449,535,523,6.07,10.27,19.13,28.28,26.01,10.25,GAUFF
Rome_2025_SF_Sinner_Paul,103.21666666666667,20.888199999999998,20.24,1923.8600660540405,1.6972972972972975,423,135,335,361,696,10.777115561144308,335,155,299,299,3.8,12.12,15.64,24.49,18.75,25.19,SINNER
Rome_2025_SF_Sinner_Paul,103.21666666666667,20.888199999999998,20.24,1929.211754281165,1.7197414806110458,428,135,361,335,696,9.182614144091753,257,181,283,266,3.43,7.29,19.1,19.82,26.13,24.23,PAUL
Rome_2025_QF_Stearns_Svitolina,158.4,35.35053333333334,22.32,3210.4858951201077,1.825480769230769,637,204,571,538,1109,10.899931017034293,332,275,426,452,5.65,8.15,18.17,29.31,29.5,9.22,STEARNS
Rome_2025_R32_Keys_Stearns,142.8,25.697383333333335,18.0,2041.3084931355202,1.709534127843987,458,204,391,372,763,12.928445311946613,277,193,275,277,5.63,8.53,19.93,13.66,25.82,26.43,STEARNS
Rome_2025_SF_Paolini_Stearns,99.65,22.0819,22.16,2047.8789797785064,1.8933249370277077,426,136,342,332,674,13.566721639828444,228,144,305,276,5.91,8.14,18.12,24.35,33.18,10.3,STEARNS
Rome_2025_R16_Stearns_Osaka,161.36666666666667,28.31341666666667,17.55,2745.904913426971,1.8829155060352833,551,190,555,400,955,11.299051002758096,282,230,386,427,2.03,8.06,17.79,22.15,32.6,17.37,STEARNS
AO_2025_1st_Navarro_Stearns,200.0,28.192816666666666,14.1,2892.1467005923814,1.5538573508005822,698,250,521,460,981,10.852990331199202,261,289,489,456,4.54,4.67,21.96,17.2,39.49,12.14,STEARNS
Adelaide_2025_1st_Stearns_Badosa,162.48333333333332,24.55995,15.12,2485.2133575739385,1.5129934210526315,607,226,438,464,902,10.322101556856431,241,213,422,407,3.4,6.52,18.76,15.91,41.56,13.85,STEARNS
Indian_Wells_2023_R64_Stearns_Andreescu,144.66666666666666,21.593945559489974,14.93,1548.8788556388733,1.6033873343151694,342,138,343,243,586,12.309033022367355,199,156,235,181,4.76,14.13,30.81,34.9,12.55,2.85,STEARNS
Cincinnati_2024_R64_Stearns_Badosa,88.88333333333334,14.915783333333334,16.78,1269.3682367971983,1.5835144927536233,283,127,237,216,453,9.16965055463716,131,121,174,157,5.22,11.07,19.71,17.39,35.85,10.76,STEARNS
Rome_2025_R64_Pavlyuchenkova_Kenin,66.01666666666667,9.355933333333333,14.17,788.0441823116628,1.7553314121037464,172,88,140,111,251,9.793369182777946,138,55,115,92,9.27,17.46,35.96,23.33,10.87,3.11,PAVLYUCHENKOVA
Rome_2025_1st_Pavlyuchenkova_Boulter,90.65,15.769983333333332,17.4,1153.250474751571,1.7084942084942085,259,120,224,235,459,8.609270130428557,219,112,163,157,6.77,17.39,34.05,25.48,12.87,3.44,PAVLYUCHENKOVA
Rome_2025_F_Gauff_Paolini,89.26666666666667,19.235733333333332,21.55,1846.7052366956234,1.876883116883117,396,128,323,368,691,10.65366310951682,383,197,248,236,6.04,14.2,23.75,32.2,18.6,5.22,GAUFF
Miami_2024_R32_Korda_Hurkacz,135.16666666666666,27.395699999999998,20.27,2639.242828183947,1.896498455200824,496,201,501,370,871,14.672685678940203,447,224,318,348,11.6,18.48,25.15,23.72,12.27,8.78,KORDA
Rome_2025_F_Sinner_Alcaraz,102.88333333333334,23.98625,23.31,1697.08132295737,1.801833568406206,344,132,301,306,622,13.318862488959372,297,157,243,238,6.14,15.88,15.86,21.26,17.12,23.73,SINNER
Rome_2025_F_Sinner_Alcaraz,102.88333333333334,23.98625,23.31,1630.0972583928717,1.746262341325811,365,132,306,301,598,12.09334859072181,226,202,252,212,4.08,17.83,20.39,14.18,21.09,22.43,ALCARAZ
Brisbane_2025_R32_Michelsen_O'Connell,139.38333333333333,15.750536466666667,11.3,1802.7920539170777,1.67541567695962,430,186,373,397,770,9.48924441074244,378,214,249,241,8.16,13.97,27.66,14.91,20.59,14.71,O'CONNELL
Rome_2025_1st_O'Connell_Norrie,76.51666666666667,17.943616666666667,23.45,1387.0978685075152,1.5701782820097243,307,103,225,317,542,9.6331550783953,216,106,226,185,8.02,10.19,12.9,11.21,16.25,41.43,O'CONNELL
Miami_2025_Q_O'Connell_Trungelliti,72.96666666666667,13.1792,18.06,1133.9427722090265,1.6226487523992321,271,104,280,180,460,9.12493846084929,201,116,165,172,7.67,16.67,23.89,19.91,24.22,7.64,O'CONNELL
Miami_2025_Q_O'Connell_Draxl,86.13333333333334,18.055833333333332,20.96,1428.9176215340976,1.6134883720930233,315,111,199,362,561,9.28862853886402,241,154,221,204,7.52,10.08,19.23,23.89,28.97,10.31,O'CONNELL
Miami_2025_1st_O'Connell_Carballes-Baena,154.35,33.8522,21.93,2405.8344923915106,1.6314917127071822,557,206,444,478,922,10.744177933336603,413,233,336,367,9.65,15.29,23.29,18.17,23.65,9.95,O'CONNELL
Belgrade_2024_R16_Altmaier_O'connell,78.46666666666667,12.829747083333332,16.35,1443.9586741270443,1.786456692913386,311,115,257,316,573,9.40089678120854,283,152,185,206,9.88,12.45,27.15,20.26,21.08,9.19,O'CONNELL
Belgrade_2024_QF_O'connell_Shapovalov,70.9,9.22289845,13.01,1026.6841800696525,1.7655030800821354,248,105,318,114,432,8.0349801591924,203,123,161,124,9.79,16.65,22.23,16.87,19.97,14.48,O'CONNELL
Belgrade_2024_R32_Kecmanovic_O'connell,62.38333333333333,10.468100133333333,16.78,1131.2487785525987,1.7117202268431002,268,97,198,262,460,9.281799818137989,196,118,167,175,4.29,10.18,20.4,19.23,31.66,14.24,O'CONNELL
Munich_2025_R32_O'connell_Darderi,115.93333333333334,16.151762866666665,13.93,1875.9235968284447,1.8314838709677421,386,169,358,310,668,12.772641022424894,301,174,250,256,9.12,13.73,18.89,12.13,14.96,31.18,O'CONNELL
Munich_2025_Q_O'connell_Tseng,97.53333333333333,16.737264033333336,17.16,1723.363600566046,1.6444726810673445,402,135,317,368,685,10.87649607611001,251,172,268,254,5.67,10.16,17.07,13.01,18.48,35.61,O'CONNELL
Madrid_2025_R64_Fritz_O'Connell,75.81666666666666,14.772066666666666,19.48,1173.9276277290514,1.630916030534351,262,104,201,237,438,9.548451025095895,149,130,202,155,4.71,12.18,18.87,9.78,10.85,43.6,O'CONNELL
Madrid_2025_1st_O'Connell_Ugo-Carabelli,73.7,15.737433333333334,21.35,1181.8783902379585,1.5360146252285192,276,108,275,187,462,12.713015400604013,170,107,184,180,6.77,14.12,20.46,11.81,13.0,33.84,O'CONNELL
Dubai_2025_R32_O'Connell_Dimitrov,24.5,5.217316666666666,21.3,464.5123964691584,1.7778325123152707,97,38,76,98,174,10.271250487112535,74,52,66,69,4.93,12.37,21.56,19.41,29.39,12.35,O'CONNELL
Dubai_2025_Q_O'Connell_van-de-Zandschulp,121.15,20.96265,17.3,1606.2007040135495,1.6039682539682538,375,154,380,295,675,12.52651657192005,264,215,242,239,7.47,16.83,24.88,18.44,21.21,11.16,O'CONNELL
Dubai_2025_R16_Berrettini_O'Connell,90.45,14.453316666666666,15.98,1164.05278324477,1.6105839416058394,277,122,301,147,448,9.886549131670886,185,129,182,164,7.05,18.41,22.52,13.83,12.9,25.29,O'CONNELL
Dubai_2025_Q_O'Connell_Al-Janahi,63.11666666666667,14.0887,22.32,922.6354447879124,1.4339702760084925,225,90,128,251,379,7.88430295310319,183,102,150,144,5.72,12.95,21.39,29.77,26.07,4.1,O'CONNELL
Doha_2025_Q_O'Connell_Kotov,81.66666666666667,13.806166666666666,16.91,1260.42796391954,1.7154121863799283,282,107,225,284,509,12.246443874647955,204,134,187,185,5.67,13.62,23.37,20.0,25.39,11.96,O'CONNELL
Doha_2025_R32_O'Connell_Habib,116.13333333333334,24.136000000000003,20.78,1805.5547252730041,1.5949579831932772,420,176,334,369,703,10.92812560978395,298,167,292,258,6.78,13.62,20.57,18.22,17.28,23.52,O'CONNELL
Doha_2025_Q_O'Connell_Watanuki,269.73333333333335,22.678,8.41,1530.9778785336414,1.526379542395693,380,166,377,291,668,10.630341247838349,289,183,216,261,6.25,16.98,23.24,18.96,22.19,12.38,O'CONNELL
Doha_2025_R16_O'Connell_Draper,58.63333333333333,12.386983333333331,21.13,861.4049341886856,1.5620772946859904,212,88,251,112,363,7.335173390117123,148,88,130,134,4.19,18.61,23.63,19.47,14.68,19.41,O'CONNELL
Indian_Wells_2025_1st_Carballes-Baena_O'Connell,115.85,21.719416666666667,18.75,1955.762754155979,1.654009433962264,421,147,314,418,732,10.3771756720309,321,182,293,288,7.61,13.68,22.08,22.55,21.86,12.22,O'CONNELL
Indian_Wells_2025_R64_Berrettini_O'Connell,93.98333333333333,15.9944,17.02,1264.5248274725548,1.646086956521739,285,122,269,215,484,8.245993028182143,235,165,182,192,6.36,15.05,22.04,18.4,18.69,19.46,O'CONNELL
Adelaide_2025_R32_Rinderknech_O'Connell,99.1,12.005667716666666,12.11,1290.2711997969695,1.7241776315789472,299,137,237,313,550,9.686274206480975,241,123,175,189,6.68,11.52,17.73,10.35,18.52,35.21,O'CONNELL
Adelaide_2025_R16_Kecmanovic_O'Connell,90.83333333333333,10.712772533333332,11.79,1095.9307321269132,1.5554782608695652,300,132,268,236,504,9.740598549929176,224,140,175,159,2.09,15.55,26.19,16.62,28.4,11.16,O'CONNELL
Bucharest_2025_R16_Jarry_O'Connell,178.98333333333332,35.40853333333334,19.78,2461.691065792288,1.6689527340129748,543,216,522,409,931,12.77799185526965,340,251,410,329,5.41,12.07,14.16,10.43,14.14,43.8,O'CONNELL
Bucharest_2025_R32_Lajovic_O'Connell,100.73333333333333,22.160933333333332,22.0,2059.9955053188155,1.7824242424242425,406,136,312,418,730,10.283354323388105,268,169,308,296,4.96,11.37,16.15,11.93,16.68,38.92,O'CONNELL
Bucharest_2025_QF_O'Connell_Fucsovics,78.61666666666666,16.766333333333332,21.33,1383.5416621274592,1.6795221843003414,302,100,272,201,473,9.451149270414552,188,125,211,189,8.51,12.59,15.7,11.51,17.15,34.55,O'CONNELL
Rome_2024_1st_Carballes-Baena_O'Connell,114.33333333333333,22.889916666666668,20.02,2234.05469509675,1.945219638242894,396,136,270,422,692,11.534458320377356,263,193,331,247,10.27,11.73,18.57,19.14,22.04,18.26,O'CONNELL
Brisbane_2024_R32_Popyrin_O'Connell,185.0,30.9726,16.74,2842.9133264385728,1.997224880382775,535,234,514,431,945,13.600514268193756,410,279,368,326,11.18,14.63,25.87,16.7,21.39,10.23,O'CONNELL
Washington_2024_R32_Nakashima_O'Connell,43.5,7.862633333333333,18.08,685.1312347461923,1.7501831501831502,140,61,149,93,242,12.571622124522689,121,77,106,75,10.72,20.5,23.57,13.88,17.37,13.95,O'CONNELL
Washington_2024_R64_O'Connell_Mayot,97.13333333333334,18.26203333333333,18.8,1481.570656035619,1.7607907742998352,302,130,245,300,545,10.626427205520406,230,128,229,168,5.63,15.28,21.58,15.87,27.03,14.6,O'CONNELL
Tokyo_2024_R16_O'Connell_Michelsen,79.03333333333333,18.273966666666663,23.12,1821.1428304734407,2.1803660565723795,301,109,236,283,519,14.119167366621692,204,131,219,198,13.13,14.39,18.08,21.22,27.03,6.17,O'CONNELL
Tokyo_2024_Q_Daniel_O'Connell,104.46666666666667,21.623233333333335,20.7,2275.2207264026274,2.0293167701863353,411,140,312,392,704,10.831600608644925,243,197,292,279,7.92,12.82,22.48,25.25,24.66,6.88,O'CONNELL
Tokyo_2024_R32_Etcheverry_O'Connell,145.26666666666668,25.60965,17.63,2603.7702269889496,1.9377708978328174,498,186,455,420,875,12.501140864964368,357,228,355,310,9.9,12.21,25.1,19.87,23.39,9.53,O'CONNELL
Tokyo_2024_Q_Virtanen_O'Connell,74.41666666666667,11.818233333333334,15.88,1092.1249858940216,1.8293023255813954,217,104,180,177,357,9.85305233863546,166,96,138,138,12.17,13.84,27.72,17.66,24.31,4.31,O'CONNELL
Montreal_2024_Q_Nishioka_O'Connell,76.53333333333333,15.099116666666667,19.73,1497.388479196948,1.8497287522603978,276,104,161,300,461,11.115794705663063,189,120,224,173,5.76,9.72,18.87,23.16,26.39,16.09,O'CONNELL
Montreal_2024_Q_O'Connell_Rinderknech,16.416666666666668,3.480233333333333,21.2,371.6656837148159,2.0186046511627906,66,23,53,64,117,11.372533286517651,43,35,46,50,5.02,12.73,19.41,12.49,17.71,32.64,O'CONNELL
Miami_2024_R16_O'Connell_Sinner,111.65,18.895950000000003,16.92,1912.7847285953842,1.9922544951590595,372,125,356,283,639,14.3932001437236,244,188,299,218,7.94,12.61,21.76,18.69,27.1,11.9,O'CONNELL
Miami_2024_R32_Damm_O'Connell,129.85,19.066266666666664,14.68,1818.5181826904384,1.9162861491628616,332,165,334,262,596,13.402583478151357,245,184,249,201,10.24,17.06,22.06,14.14,14.79,21.72,O'CONNELL
Miami_2024_R64_O'Connell_Tiafoe,114.36666666666666,19.13521666666667,16.73,1761.4828922207914,1.9705069124423962,318,151,264,281,545,12.4236792822221,243,163,248,204,10.04,16.19,22.55,16.67,23.28,11.26,O'CONNELL
Miami_2024_1st_O'Connell_Kopriva,75.01666666666667,12.740533333333333,16.98,1389.4352096956018,1.9294,255,100,225,225,450,10.280919692522756,207,120,188,185,9.58,14.37,22.69,23.74,23.0,6.63,O'CONNELL
Chengdu_2024_R16_Musetti_O'Connell,157.68333333333334,26.317183333333332,16.69,2776.606881411686,1.9972631578947369,476,208,381,436,817,11.65037568134369,362,257,362,292,12.77,14.6,21.24,16.86,22.29,12.23,O'CONNELL
Chengdu_2024_R32_Kotov_O'Connell,97.93333333333334,13.240766666666667,13.52,1269.1471705287354,1.8193158953722335,239,127,156,286,442,13.916833828309729,189,137,146,169,6.85,17.0,26.77,17.05,25.25,7.08,O'CONNELL
Basel_2024_Q_Fearnley_O'Connell,114.98333333333333,21.029933333333336,18.29,2111.5399610230834,1.876720901126408,398,161,381,301,682,10.568139913760486,314,187,262,274,6.07,13.47,22.33,14.84,25.06,18.23,O'CONNELL
Madrid_2024_1st_O'Connell_Arnaldi,75.75,13.30385,17.56,1127.0141560854154,1.6505376344086022,230,104,228,165,393,13.671843859844392,166,103,179,121,7.99,19.07,21.89,13.95,20.45,16.64,O'CONNELL
Shanghai_2024_1st_O'Connell_Berrettini,132.73333333333332,23.719749999999998,17.87,2452.6255175493484,2.088284023668639,424,168,362,360,722,13.58625847961224,325,229,311,272,10.85,15.19,21.94,16.26,19.75,16.0,O'CONNELL
Doha_2024_R16_O'Connell_Ruusuvuori,106.16666666666667,20.738583333333334,19.53,1980.2111726516853,1.7924034869240348,423,139,358,319,677,11.057463625681498,261,167,302,242,8.23,11.66,20.94,17.36,25.22,16.6,O'CONNELL
Doha_2024_R32_Struff_O'Connell,92.7,17.31185,18.68,1609.1625620279917,1.8077151335311574,345,139,297,279,576,9.433903546847286,234,148,250,200,8.15,13.29,22.36,12.59,18.31,25.3,O'CONNELL
Indian_Wells_2024_R64_Zverev_O'Connell,116.4,20.199883333333332,17.35,1906.4891288422646,1.9770014556040758,349,135,332,271,603,11.838701143984265,261,183,273,215,7.74,14.14,22.47,10.0,11.08,34.58,O'CONNELL
Indian_Wells_2024_1st_O'Connell_Draper,141.68333333333334,26.15125,18.46,2654.9740723764507,1.9313340227507756,497,166,425,447,872,13.194811476249829,381,201,352,320,12.48,13.0,21.35,19.42,18.03,15.72,O'CONNELL
Dubai_2024_R16_Hurkacz_O'Connell,91.98333333333333,15.963733333333332,17.36,1489.0387461629957,1.9293357933579336,278,132,269,214,483,11.182349754117851,215,151,209,147,9.37,12.1,25.6,15.07,17.54,20.32,O'CONNELL
Dubai_2024_R32_Marterer_O'Connell,75.83333333333333,12.5588,16.56,1167.3466745671963,1.8012987012987014,228,106,158,243,401,9.994797960624805,118,113,167,149,3.45,10.64,17.64,13.69,26.95,27.63,O'CONNELL
Winston_Salem_2024_R64_O'Connell_Kirchheimer,98.61666666666666,15.619166666666667,15.84,1670.660874532661,1.932090761750405,303,132,208,270,478,14.324394280967136,207,159,214,201,8.36,14.15,24.27,19.17,18.32,15.73,O'CONNELL
Winston_Salem_2024_R32_Rinderknech_O'Connell,88.41666666666667,16.661366666666666,18.84,1426.8438628045155,1.7839506172839505,298,116,273,221,494,12.117275512873457,172,144,195,190,8.17,16.62,25.73,16.06,22.6,10.83,O'CONNELL
Atlanta_2024_R32_O'Connell_Purcell,136.1,23.293499999999998,17.11,2197.1802573448213,1.9175,397,172,404,301,705,12.057399042647454,315,210,342,241,10.52,18.9,25.18,17.82,20.48,7.09,O'CONNELL
Almaty_2024_R32_O'Connell_Diallo,96.45,18.169383333333332,18.84,1686.894420858803,1.9659163987138264,319,130,316,246,562,9.733641529678756,237,165,192,197,7.21,13.11,21.93,16.45,24.6,16.7,O'CONNELL
Adelaide_2024_R32_O'Connell_Rinderknech,86.96666666666667,13.0739,15.03,1345.318677654041,1.942094861660079,247,119,152,281,433,10.69421966205101,150,113,175,157,7.74,16.07,19.48,19.09,29.73,7.89,O'CONNELL
Adelaide_2024_R16_Shevchenko_O'Connell,60.56666666666667,12.379583333333333,20.44,1084.5744972203202,1.832470588235294,216,91,149,198,347,11.42222100656804,174,78,142,129,10.57,15.96,25.46,28.32,17.96,1.73,O'CONNELL
Adelaide_2024_QF_O'Connell_Korda,89.81666666666666,13.746883333333333,15.31,1454.2624056413374,2.048771266540643,260,130,210,247,457,8.691833239190004,203,142,197,149,11.43,15.62,21.47,19.46,25.17,6.84,O'CONNELL
Paris_2024_R64_Khachanov_O'Connell,142.38333333333333,29.164083333333334,20.48,2465.601957712807,1.8745119305856832,463,191,397,391,788,9.543547780222138,394,206,309,316,8.61,10.62,19.5,12.57,22.1,26.6,O'CONNELL
Paris_2024_Q_Nagal_O'Connell,108.01666666666667,20.905883333333335,19.35,1950.5997599088423,1.854,381,152,304,351,655,17.13942098661229,257,183,257,257,5.56,11.8,20.57,11.95,17.49,32.63,O'CONNELL
Paris_2024_Q_O'Connell_Davidovich-Fokina,109.58333333333333,21.00705,19.17,1900.8858643686772,1.8826027397260274,367,159,336,313,649,14.045424058450235,262,202,244,254,4.8,12.18,23.77,15.27,23.68,20.29,O'CONNELL
Monte_Carlo_2024_R64_Tabilo_O'Connell,97.15,17.79276666666667,18.31,1818.1856892757173,1.8304860088365245,337,132,191,389,580,16.991099712668582,226,152,246,244,5.86,11.68,16.44,10.06,17.31,38.65,O'CONNELL
Monte_Carlo_2024_Q_O'Connell_Marterer,143.73333333333332,32.43216666666667,22.56,3034.685695434395,1.9195004803073967,525,179,431,520,951,16.73560840989723,362,295,452,355,5.95,11.9,15.71,11.37,16.95,38.12,O'CONNELL
Monte_Carlo_2024_Q_O'Connell_Vukic,131.23333333333332,26.1375,19.92,2446.2070963804968,1.8457871396895789,446,176,362,436,798,20.636330044887004,285,220,360,276,4.32,13.81,20.49,13.48,15.61,32.29,O'CONNELL
Rome_2024_R64_Sakkari_Gracheva,83.55,15.70885,18.8,1533.8443529111998,1.8656794425087109,284,114,250,234,484,17.24939599956808,161,145,202,187,1.51,7.44,20.64,33.29,28.18,8.94,GRACHEVA
Cincinnati_2024_R32_Swiatek_Gracheva,130.86666666666667,24.33788333333333,18.6,2429.0562441421753,1.9146993318485523,445,168,469,338,807,10.451079160775846,227,263,290,321,1.88,10.32,21.4,27.24,24.65,14.51,GRACHEVA
Rome_2025_R64_Keys_Gracheva,119.95,27.13201666666667,22.62,2273.508708321185,1.8720620842572062,454,171,337,400,737,10.995126938339869,226,222,291,312,5.05,8.12,24.69,32.16,21.32,8.66,GRACHEVA
Rome_2025_1st_Gracheva_Tomljanovic,189.55,23.402066666666666,12.35,1768.012889865281,1.6957503320053122,384,132,288,257,545,17.746551977168167,185,172,220,235,6.35,6.96,26.88,34.64,20.55,4.63,GRACHEVA
Charleston_2025_R32_Gracheva_Mertens,116.13333333333334,21.144166666666667,18.21,1906.786198212011,1.7786802030456852,403,152,309,326,635,11.124482113958573,180,173,218,264,6.9,11.01,30.76,36.52,12.11,2.7,GRACHEVA
Charleston_2025_R64_Dart_Gracheva,109.33333333333333,24.062366666666666,22.01,2047.750740288111,1.8108462455303933,426,145,336,389,725,14.716230869020208,279,162,276,287,8.33,9.88,30.54,36.76,12.82,1.68,GRACHEVA
Geneva_2025_F_Hurkacz_Djokovic,185.2,35.5696,19.21,2751.684574338484,1.637046204620462,623,231,541,522,1063,12.047199651156996,545,232,381,428,8.44,15.94,15.9,17.87,17.49,24.36,HURKACZ
Geneva_2025_R16_Rinderknech_Hurkacz,60.7,9.988133333333334,16.45,740.2512026427785,1.5382022471910113,174,97,158,167,325,9.740408747048397,172,74,118,109,7.71,19.37,19.81,17.21,12.92,22.97,HURKACZ
Geneva_2025_R32_Cazaux_Hurkacz,77.6,15.635316666666666,20.15,1123.32005684471,1.460759493670886,285,110,257,221,478,8.764952237718587,256,102,186,175,8.68,17.69,17.31,16.01,16.59,23.72,HURKACZ
Geneva_2025_SF_Hurkacz_Ofner,60.5,13.142716666666667,21.72,966.0657362519922,1.6180778032036613,208,105,145,228,373,11.818901806328215,201,73,154,145,3.19,16.49,13.74,13.04,19.33,34.21,HURKACZ
Geneva_2025_QF_Fritz_Hurkacz,84.95,15.925783333333333,18.75,1166.0159286090318,1.4648881239242686,290,140,254,226,480,11.654545886306234,268,108,193,172,6.97,20.07,18.02,14.84,14.36,25.73,HURKACZ
Hamburg_2025_R16_Davidovich-fokina_Cobolli,105.93333333333334,17.94974788333333,16.94,1872.4261857652036,1.682217090069284,437,144,355,378,733,11.895879890923238,296,208,316,267,4.42,10.76,19.42,14.1,16.72,34.58,COBOLLI
Hamburg_2025_F_Rublev_Cobolli,88.33333333333333,13.744488466666667,15.56,1454.669730372077,1.6991329479768786,360,118,343,234,577,11.519785440176266,215,165,235,206,4.32,13.9,23.74,12.2,13.26,32.59,COBOLLI
Hamburg_2025_QF_Cobolli_Bautista-agut,83.53333333333333,14.434849683333333,17.28,1556.6957579845282,1.7384146341463416,335,102,260,246,506,11.802750929674657,232,137,247,218,6.5,12.55,20.26,15.72,20.64,24.33,COBOLLI
Hamburg_2025_R32_Sachko_Cobolli,157.43333333333334,24.513866933333336,15.57,2484.90223030055,1.6222222222222222,611,212,495,517,1012,11.850489593897953,385,289,402,388,4.95,10.64,16.76,12.51,18.63,36.5,COBOLLI
Hamburg_2025_SF_Etcheverry_Cobolli,167.73333333333332,27.170661716666665,16.2,2986.103024058059,1.7713513513513515,660,207,514,596,1110,12.655003486525665,450,282,479,385,5.06,11.0,18.51,14.72,13.04,37.66,COBOLLI
Hamburg_2025_R32_Collignon_Nakashima,54.88333333333333,10.311828,18.79,1048.0126449943177,1.6393374741200828,246,73,224,168,392,8.54576947925693,138,105,148,174,5.63,10.75,22.22,13.86,16.49,31.06,NAKASHIMA
Hamburg_2025_R16_Darderi_Nakashima,167.65,27.763135583333334,16.56,2798.8991636496758,1.666769230769231,658,220,603,476,1079,11.366946565645057,440,266,425,413,8.08,9.78,22.45,17.94,22.31,19.44,NAKASHIMA
Geneva_2025_R32_Fucsovics_Bergs,79.78333333333333,19.737183333333334,24.74,1416.180478354459,1.7312709030100333,306,110,263,215,478,11.285689898401497,244,164,191,227,5.66,16.31,16.83,14.95,20.95,25.31,BERGS
Geneva_2025_R32_Rinderknech_Kecmanovic,73.26666666666667,14.767816666666667,20.16,905.9152283086133,1.4284823284823285,240,108,223,197,420,8.618314141654823,186,101,147,129,5.48,14.13,24.79,23.08,16.54,15.99,KECMANOVIC
Hamburg_2025_R32_Altmaier_Auger-aliassime,79.6,11.419330083333334,14.35,1308.5451627165814,1.8794007490636704,271,107,266,215,481,12.01566955802816,195,133,174,231,3.76,13.39,15.25,9.44,12.01,46.15,ALTMAIER
Hamburg_2025_R32_Baez_Ugo-carabelli,145.13333333333333,27.93654425,19.25,2965.288648337549,1.7371517027863779,622,189,395,703,1098,8.533352165940538,363,245,482,486,2.92,7.41,18.76,19.01,18.96,32.94,BAEZ
Hamburg_2025_R32_Etcheverry_Comesana,118.91666666666667,17.2187601,14.48,1910.2412990107466,1.7578686493184634,401,140,302,422,724,17.37265985003647,283,168,304,291,4.43,10.28,13.89,11.57,12.36,47.46,COMESANA
RG_2025_1st_Sinner_Rinderknech,135.81666666666666,24.763083333333334,18.23,2245.3585604219443,1.8978046103183317,443,177,439,357,796,16.574857982339434,415,194,310,292,9.33,12.22,16.43,18.14,17.5,26.38,SINNER
RG_2025_1st_Jarry_Fils,203.23333333333332,37.37343333333333,18.39,3198.3608349728197,1.858276125095347,641,286,468,635,1103,13.371965214902328,544,213,458,429,7.43,7.84,18.52,10.12,15.59,40.5,FILS
RG_2025_1st_Etcheverry_Tsitsipas,154.23333333333332,32.01625,20.76,2187.965443699316,1.799690082644628,481,193,245,505,750,9.642629015059812,320,159,369,257,3.89,6.69,18.14,12.85,17.99,40.44,TSITSIPAS
RG_2025_1st_Navone_Nakashima,263.31666666666666,49.53653333333333,18.81,4022.5080149174187,1.6782777777777778,925,260,720,817,1537,11.528673647652967,578,403,613,595,7.79,9.58,21.35,19.88,20.86,20.53,NAKASHIMA
RG_2025_1st_Sramkova_Swiatek,84.9,15.592483333333332,18.37,1333.575994756491,1.634448160535117,288,121,186,288,474,11.073467610581842,200,119,160,200,8.46,10.87,28.97,30.96,16.93,3.81,SWIATEK
RG_2025_1st_Osaka_Badosa,140.93333333333334,29.18295,20.71,2100.8183844436303,1.4356472795497186,546,198,354,448,802,8.743625764134038,263,152,314,391,6.06,14.55,20.76,30.22,26.13,2.28,OSAKA
RG_2025_1st_Stearns_Lys,78.86666666666666,18.031333333333336,22.86,1278.2074959191798,1.6087947882736156,307,113,165,269,434,10.304472878677927,104,116,216,216,1.77,5.66,13.54,27.76,42.49,8.78,STEARNS
RG_2025_1st_Bouzas-Maneiro_Navarro,57.31666666666667,14.065466666666667,24.54,1113.7400361079344,1.608906882591093,256,86,210,132,342,11.975500523870508,98,124,149,156,5.95,9.54,21.54,28.28,25.36,9.32,NAVARRO
RG_2025_1st_Pavlyuchenkova_Zheng,82.13333333333334,12.627966666666667,15.37,912.2288842022633,1.4177824267782428,237,106,154,203,357,7.475900117943437,136,63,139,145,8.57,8.79,25.76,19.24,19.93,17.71,PAVLYUCHENKOVA
RG_2025_1st_Pavlyuchenkova_Zheng,82.13333333333334,12.627966666666667,15.37,1065.6495599741008,1.6761506276150628,241,106,203,154,357,13.054815843993731,158,89,146,144,5.43,11.05,18.97,15.85,22.62,26.08,ZHENG
Miami_2022_R16_Medvedev_Brooksby,78.5,18.702118754586614,23.82,1944.9551757266195,1.975273224043716,372,104,217,435,652,14.123329495643382,265,155,230,273,10.88,12.85,14.75,17.45,21.59,22.47,MEDVEDEV
Miami_2022_R32_Medvedev_Martinez,83.5,19.13444418127121,22.92,2278.8552113457695,2.3938931297709924,328,113,247,341,588,28.662286135074023,278,141,224,220,16.16,16.45,22.56,12.42,9.69,22.72,MEDVEDEV
Miami_2022_QF_Medvedev_Hurkacz,123.55,22.240251624731776,18.0,2268.2167904746375,2.0121140142517815,440,155,501,267,768,14.09142683289904,373,198,267,271,12.47,19.4,23.08,14.17,13.13,17.76,MEDVEDEV
Miami_2022_R64_Medvedev_Murray,88.86666666666666,19.493489438129373,21.94,2172.0893461103938,2.22796486090776,340,101,234,386,620,32.64472706452326,284,159,243,237,16.28,15.22,22.25,14.41,13.17,18.66,MEDVEDEV
Rogers_cup_2022_R32_Medvedev_Kyrgios,118.83333333333333,20.97736531646426,17.65,1984.0829011395929,1.8813664596273292,408,183,437,290,727,17.522226539117387,344,146,245,264,9.75,17.72,20.88,14.46,9.15,28.05,MEDVEDEV
Turin_2022_RR_Medvedev_Rublev,150.88333333333333,31.367783843961842,20.79,2937.956359363408,1.8967042497831743,593,221,496,525,1021,11.322524187940044,382,328,329,413,5.05,14.31,17.43,11.28,15.17,36.75,MEDVEDEV
Turin_2022_RR_Medvedev_Djokovic,190.63333333333333,41.26079208383222,21.64,4032.081859437456,1.9836120401337793,741,257,657,635,1292,14.821015422285209,562,352,428,572,8.69,11.93,13.3,12.87,17.5,35.72,MEDVEDEV
Turin_2022_RR_Tsitsipas_Medvedev,140.61666666666667,29.19285459822736,20.76,2542.302018996158,1.9350785340314136,476,204,450,359,809,15.697163623700504,351,252,269,355,10.1,13.64,15.35,9.85,10.48,40.57,MEDVEDEV
Cincinnati_2022_R16_Medvedev_Shapovalov,106.28333333333333,19.814556319108352,18.64,1544.8922512546599,1.6355029585798815,334,150,273,324,597,12.800444227674395,235,123,209,206,6.2,11.85,13.36,7.38,8.03,53.18,MEDVEDEV
Cincinnati_2022_R32_Medvedev_van-de-Zandschulp,91.81666666666666,22.240094123048348,24.22,1317.839844780621,1.6124783362218371,278,138,295,235,530,10.20005232868736,216,108,142,236,8.22,15.89,21.35,8.12,6.3,40.13,MEDVEDEV
Cincinnati_2022_SF_Medvedev_Tsitsipas,142.83333333333334,23.082657064556706,16.16,1516.8458963748185,1.655909090909091,338,157,331,243,574,12.566561204925703,289,137,180,244,9.51,19.28,23.96,11.76,11.21,24.28,MEDVEDEV
Cincinnati_2022_QF_Medvedev_Fritz,96.75,22.8771278647244,23.65,2023.286946207812,1.8289910600255426,399,144,400,265,665,13.511706464577216,267,183,239,304,5.52,13.88,16.09,10.16,11.54,42.81,MEDVEDEV
Indian-Wells_2022_R32_Medvedev_Monfils,125.6,30.250190493029812,24.08,2681.4437464261605,1.7899621212121213,531,169,433,505,938,10.529090266927668,397,236,326,384,5.38,13.3,19.49,13.57,10.38,37.87,MEDVEDEV
Indian-Wells_2022_R64_Medvedev_Machac,70.75,18.487763307063624,26.13,1817.0208028383572,1.8444755244755244,349,102,266,377,643,9.35204684930335,273,136,247,263,7.02,11.68,13.13,13.4,18.47,36.3,MEDVEDEV
Paris_2022_R32_Medvedev_de-Minaur,166.06666666666666,46.790098001859306,28.18,4388.185299790185,1.9242788461538463,830,207,704,833,1537,13.193271546522228,580,340,592,644,7.7,10.23,19.77,20.81,18.58,22.91,MEDVEDEV
Rome_2024_R64_Draper_Medvedev,106.33333333333333,25.677966666666666,24.15,2689.8441159435097,1.9535828877005346,461,136,416,404,820,24.06137638344065,349,244,350,315,4.26,11.37,15.23,13.51,16.02,39.61,MEDVEDEV
Rome_2024_R32_Medjedovic_Medvedev,170.28333333333333,41.78715,24.54,3685.72745916911,1.9034351145038169,657,224,621,572,1193,12.49472256957788,521,320,455,497,5.71,14.39,15.0,14.74,13.66,36.5,MEDVEDEV
Miami_2024_R16_Koepfer_Medvedev,89.43333333333334,20.6625,23.1,2185.0689668756313,1.974451612903226,379,125,283,401,684,14.152688657729476,322,172,282,250,8.18,13.03,13.62,11.13,14.51,39.52,MEDVEDEV
Miami_2024_R64_Fucsovics_Medvedev,78.2,18.939700000000002,24.22,1762.9638316841906,1.9031531531531531,331,102,326,272,598,11.48702793965034,255,167,222,255,6.56,15.92,19.62,18.34,16.47,23.09,MEDVEDEV
Miami_2024_QF_Jarry_Medvedev,100.81666666666666,16.894533333333335,16.76,1815.5119674012049,1.9872944693572496,323,126,294,317,611,14.952092593564725,255,168,228,246,5.32,12.51,14.3,9.28,13.31,45.28,MEDVEDEV
Miami_2024_R32_Norrie_Medvedev,80.93333333333334,17.011466666666667,21.02,1806.5384358146691,2.015668202764977,321,119,283,288,571,11.097758880339118,273,152,231,241,5.74,14.21,18.62,13.76,15.17,32.5,MEDVEDEV
Turin_2024_RR_Medvedev_de-Minaur,78.58333333333333,23.339083333333335,29.7,2207.0991579459924,2.0085750315258513,394,109,285,383,668,12.612246262400856,329,172,263,303,8.69,9.64,17.39,21.11,18.07,25.1,MEDVEDEV
Turin_2024_RR_Medvedev_Fritz,80.21666666666667,16.5289,20.61,1748.9989114714933,2.079248366013072,312,117,273,262,535,11.772039634623988,265,141,201,215,10.06,12.44,17.93,15.47,16.79,27.31,MEDVEDEV
Madrid_2024_R64_Medvedev_Arnaldi,122.83333333333333,26.826266666666665,21.84,2432.1553184976124,1.9154462242562929,423,169,387,363,750,14.762188074959706,363,207,273,318,11.07,15.84,14.88,11.25,11.92,35.05,MEDVEDEV
Madrid_2024_R16_Medvedev_Bublik,104.21666666666667,22.989616666666667,22.06,2631.6319508988736,1.9940649496080627,430,144,382,403,785,16.577480810978937,373,230,292,331,12.28,14.05,18.53,14.4,9.16,31.58,MEDVEDEV
Madrid_2024_QF_Medvedev_Lehecka,41.4,6.6707833333333335,16.11,594.6388761070114,1.7188524590163934,126,57,152,70,222,12.381660913841026,117,61,73,79,10.99,24.6,22.43,13.88,10.69,17.41,MEDVEDEV
Cincinnati_2024_R32_Lehecka_Medvedev,99.21666666666667,19.307016666666666,19.46,1869.6406671824602,1.8850789096126257,344,149,262,368,630,11.463366342153034,331,145,223,256,5.85,13.05,16.67,10.9,12.03,41.51,MEDVEDEV
Shanghai_2024_R32_Arnaldi_Medvedev,163.81666666666666,34.641816666666664,21.15,3598.3112225541217,2.0994087837837836,595,214,601,479,1080,13.969409696958078,529,296,381,452,14.06,16.53,19.58,13.14,8.79,27.9,MEDVEDEV
Indian_Wells_2024_R64_Medvedev_Carballes-Baena,86.88333333333334,19.95675,22.97,1960.4442881520054,1.8327978580990627,379,94,285,391,676,15.817787749994936,283,144,262,277,7.82,14.45,20.2,19.84,15.99,21.69,MEDVEDEV
Indian_Wells_2024_F_Medvedev_Alcaraz,101.9,18.509900000000002,18.16,1934.675046862459,1.9163513513513513,377,141,421,255,676,13.923391157132992,339,178,225,255,13.66,19.24,22.4,16.15,14.96,13.59,MEDVEDEV
Indian_Wells_2024_R16_Medvedev_Dimitrov,76.25,15.71525,20.61,1457.060662317503,1.84,263,109,266,224,490,10.36281295640392,212,143,182,182,5.05,14.23,17.5,12.85,13.0,37.37,MEDVEDEV
Indian_Wells_2024_R32_Medvedev_Korda,150.95,39.174499999999995,25.95,3711.3931988538543,1.8995591476855256,660,208,528,702,1230,13.170493478632968,548,336,486,488,6.76,11.1,15.71,13.61,14.49,38.34,MEDVEDEV
Indian_Wells_2024_QF_Medvedev_Rune,118.95,26.75415,22.49,2482.5358499321915,1.889428263214671,450,157,419,436,855,13.546140518443368,411,221,287,325,11.38,15.44,18.92,15.73,12.16,26.37,MEDVEDEV
Paris_2024_R32_Popyrin_Medvedev,150.45,33.698433333333334,22.4,2998.215680954339,2.0614770459081835,497,216,441,488,929,19.60987021099819,514,219,325,398,8.98,13.31,18.93,10.66,10.68,37.44,MEDVEDEV
Monte_Carlo_2024_R16_Khachanov_Medvedev,112.9,27.99458333333333,24.8,2603.621713434431,2.0337485843714607,453,139,463,313,776,16.513735873411832,342,245,337,300,6.96,14.79,16.86,14.5,14.88,32.02,MEDVEDEV
Monte_Carlo_2024_R32_Monfils_Medvedev,88.06666666666666,24.54805,27.87,2452.1200259351035,2.010250297973778,412,113,332,421,753,12.305115906201356,319,214,313,324,6.34,11.68,18.09,16.91,14.78,32.19,MEDVEDEV
Beijing_2024_R16_Mannarino_Medvedev,101.65,24.243366666666667,23.85,2529.610933737123,1.9364766839378238,482,136,388,449,837,9.00333620262134,331,197,346,360,5.5,9.28,16.29,31.53,22.55,14.86,MEDVEDEV
Beijing_2024_QF_Cobolli_Medvedev,88.38333333333334,20.678116666666664,23.4,2353.5100327100486,2.1105128205128207,392,125,422,299,721,25.09266631480837,347,208,274,270,14.21,16.13,20.26,12.25,13.51,23.65,MEDVEDEV
Beijing_2024_R32_Monfils_Medvedev,92.58333333333333,23.400233333333333,25.27,2659.624755512617,2.033883388338834,447,133,414,413,827,14.601826014110175,344,248,328,341,8.56,12.41,18.16,17.59,13.67,29.61,MEDVEDEV
Beijing_2024_SF_Medvedev_Alcaraz,87.45,15.506,17.73,1736.3308205569563,2.1237061769616026,307,119,313,239,552,15.464287699127974,305,147,191,215,14.04,16.87,19.55,12.02,13.42,24.11,MEDVEDEV
Vienna_2023_R16_Medvedev_Dimitrov,126.4,31.17885,24.67,2742.7964279207768,1.833634719710669,576,150,508,517,1025,9.350543579390491,405,234,373,369,9.67,12.85,18.16,16.13,21.89,21.3,MEDVEDEV
Vienna_2023_R32_Medvedev_Fils,75.13333333333334,16.583849999999998,22.07,1272.4927514100802,1.681203007518797,259,91,160,327,487,11.860252267744071,185,94,163,175,8.74,11.69,14.25,13.1,16.65,35.57,MEDVEDEV
Vienna_2023_QF_Medvedev_Khachanov,135.2,27.65005,20.45,2783.62130324189,1.8538038496791933,558,158,516,438,954,14.977899133638342,391,231,336,363,8.41,13.65,16.52,14.08,15.43,31.91,MEDVEDEV
Adelaide1_2023_R32_Medvedev_Sonego,101.43333333333334,18.625395071353786,18.36,1553.9597468631118,1.8803827751196172,317,123,265,305,570,14.221322535917563,227,123,181,204,10.64,15.65,15.01,8.93,12.28,37.5,MEDVEDEV
Adelaide1_2023_SF_Djokovic_Medvedev,89.96666666666667,15.752698849150391,17.51,1509.9691016051124,1.9571923743500865,277,108,191,317,508,14.530706735999438,166,121,175,202,2.59,11.99,13.48,10.75,16.77,44.42,MEDVEDEV
Adelaide1_2023_QF_Medvedev_Khachanov,77.63333333333334,17.522767879066848,22.57,1326.1269942031872,1.7859022556390978,269,105,194,295,489,11.085555073860004,195,92,153,171,10.95,10.9,13.16,8.72,13.88,42.39,MEDVEDEV
Halle_2023_R16_Medvedev_Djere,130.01666666666668,28.472649999999998,21.9,2381.6328366616563,1.8293526785714285,447,191,479,329,808,14.889038102519509,380,186,276,319,11.79,14.91,14.79,10.54,12.73,35.24,MEDVEDEV
Halle_2023_R32_Medvedev_Giron,70.71666666666667,14.008616666666667,19.81,1274.6650662978866,1.7107344632768362,268,108,245,207,452,11.853872033090244,236,80,156,174,14.88,17.53,15.17,11.57,13.19,27.66,MEDVEDEV
Halle_2023_QF_Medvedev_Bautista-Agut,112.66666666666667,26.055333333333333,23.13,2459.4853114883003,1.9025358324145534,470,148,412,419,831,11.825971355262634,355,201,294,342,8.35,15.03,15.62,18.26,16.17,26.57,MEDVEDEV
Turin_2023_RR_Medvedev_Rublev,90.96666666666667,23.029483333333335,25.32,2037.5686598955165,2.0202365308804207,384,130,345,345,690,11.6070537922948,281,154,232,258,6.03,12.62,12.59,11.54,15.51,41.72,MEDVEDEV
Turin_2023_RR_Medvedev_Zverev,105.33333333333333,21.133816666666668,20.06,2026.7044430243143,1.976510067114094,370,134,335,332,667,14.42321161878759,294,179,224,251,8.2,12.96,13.95,10.89,13.6,40.4,MEDVEDEV
Turin_2023_RR_Alcaraz_Medvedev,80.01666666666667,15.20085,19.0,1467.94825409174,2.058587786259542,262,112,227,240,467,11.109233276092407,233,124,165,202,10.13,15.68,15.01,10.9,9.98,38.31,MEDVEDEV
Cincinnati_2023_R16_Zverev_Medvedev,152.76666666666668,31.236150000000002,20.45,2834.7191492544925,1.7681574239713773,549,193,438,540,978,24.597707822355297,395,250,353,387,6.77,11.69,13.96,9.76,14.1,43.72,MEDVEDEV
Cincinnati_2023_R32_Musetti_Medvedev,77.58333333333333,14.079833333333333,18.15,1368.564637675022,1.8148007590132826,264,112,180,277,457,11.688133831616812,236,95,146,180,11.22,14.74,19.03,10.23,8.63,36.15,MEDVEDEV
Shanghai_2023_R64_Garin_Medvedev,91.63333333333334,22.14671666666667,24.17,2177.9467866796767,1.965925925925926,400,113,303,448,751,9.218979194315978,285,167,263,321,6.14,10.18,17.47,22.67,13.56,29.98,MEDVEDEV
Shanghai_2023_R32_Korda_Medvedev,87.7,19.802966666666666,22.58,1813.0476311140478,2.0812995245641837,314,122,283,317,600,16.115784295961447,266,153,201,231,10.18,15.01,17.3,18.45,15.76,23.29,MEDVEDEV
Doha_2023_R16_Broady_Medvedev,92.36666666666666,26.34221196517377,28.52,2551.0852631124944,1.8669354838709677,491,121,367,501,868,15.274255341859048,386,181,338,348,7.85,10.92,19.02,19.21,17.35,25.66,MEDVEDEV
Doha_2023_QF_O'Connell_Medvedev,118.38333333333334,23.92280251235799,20.21,2131.337556254948,1.7758579881656804,429,150,439,330,769,12.860654278808592,338,184,273,307,10.43,19.0,24.41,12.62,10.41,23.13,MEDVEDEV
Doha_2023_F_Murray_Medvedev,106.21666666666667,23.955741074893417,22.55,1980.4352590253457,1.7475330926594466,432,128,407,336,743,14.324957281607093,288,169,259,325,7.19,14.82,19.65,16.67,16.26,25.41,MEDVEDEV
Doha_2023_SF_Medvedev_Auger-Aliassime,116.5,23.31254455892423,20.01,2046.1971095281797,1.7814681107099881,408,128,405,337,742,12.536750057726946,249,184,264,296,6.38,12.21,15.14,13.46,14.84,37.97,MEDVEDEV
Rotterdam_2023_R16_Medvedev_van-de-Zandschulp,85.8,21.144632073094712,24.64,1738.5789226528955,1.8147540983606558,329,118,316,284,600,10.474166905898846,268,157,218,261,9.06,13.89,16.74,13.63,9.11,37.57,MEDVEDEV
Rotterdam_2023_QF_Medvedev_Auger-Aliassime,82.45,15.238437956769765,18.48,1319.8723301490957,1.894,242,101,254,213,467,12.573789541975716,187,117,153,205,7.42,14.04,17.65,9.51,9.69,41.69,MEDVEDEV
Rotterdam_2023_SF_Medvedev_Dimitrov,76.15,5.527950000000001,7.26,208.52362488116316,1.9146666666666665,37,10,60,9,69,12.395357234822264,21,19,25,31,9.7,7.52,33.94,21.44,5.92,21.49,MEDVEDEV
Dubai_2023_F_Medvedev_Rublev,68.38333333333334,15.37517651805509,22.48,1240.6677686263395,1.8645228215767635,235,88,164,282,446,11.002983005774638,180,87,147,179,8.24,12.28,15.01,12.31,13.27,38.89,MEDVEDEV
Dubai_2023_R16_Medvedev_Bublik,64.66666666666667,9.812681382792665,15.17,712.3639406500718,1.7714788732394366,135,77,134,118,252,12.98589922468323,110,56,73,94,13.32,14.39,13.34,6.47,9.44,43.04,MEDVEDEV
Dubai_2023_R32_Medvedev_Arnaldi,,18.77333352254931,,1436.9446198683452,1.6888704318936878,302,117,269,290,559,14.178995236903065,244,120,175,199,11.36,16.54,18.55,15.33,9.68,28.54,MEDVEDEV
Dubai_2023_SF_Djokovic_Medvedev,94.9,18.15463728332212,19.13,1427.7368768455651,1.8140625000000001,297,107,350,172,522,12.990671549056998,192,137,171,169,7.31,15.17,17.96,13.08,11.98,34.5,MEDVEDEV
Dubai_2023_QF_Medvedev_Coric,81.33333333333333,17.81487173962148,21.9,1321.2961860509292,1.6759425493716338,278,89,216,288,504,11.53743530990377,212,111,189,188,5.86,11.24,14.88,16.83,16.5,34.68,MEDVEDEV
Paris_2023_R32_Dimitrov_Medvedev,173.93333333333334,44.221266666666665,25.42,3868.5140117434566,1.8888738127544096,734,229,618,725,1343,12.681809908446054,580,308,497,535,9.0,15.47,18.1,14.26,10.09,33.09,MEDVEDEV
Beijing_2023_R16_de-Minaur_Medvedev,117.48333333333333,29.103099999999998,24.77,2685.5573039285428,1.8354596622889305,533,139,475,473,948,12.925870576294736,396,232,337,358,12.57,10.4,18.91,22.78,20.88,14.47,MEDVEDEV
Beijing_2023_QF_Humbert_Medvedev,125.75,23.554433333333336,18.73,1876.8866724460052,1.717049576783555,431,136,384,362,746,10.551074962801318,276,179,247,240,5.39,14.64,15.97,16.34,19.59,28.06,MEDVEDEV
Beijing_2023_SF_Zverev_Medvedev,85.21666666666667,19.23186666666667,22.57,1392.2925830467643,1.7135906040268456,312,89,287,251,538,10.4223420333805,192,127,169,187,10.91,13.81,14.47,16.32,17.66,26.84,MEDVEDEV
RG_2025_1st_Hurkacz_Fonseca,100.7,21.008783333333334,20.86,3434.3065759306505,1.752,728,150,590,680,1270,12.794796948408177,632,290,476,476,11.56,12.71,17.15,18.31,14.51,25.76,FONSECA
RG_2025_1st_Bellucci_Draper,154.96666666666667,32.07791666666667,20.7,2672.777617051876,1.7154300168634065,602,211,620,406,1026,10.980369257389684,467,259,386,383,7.4,12.23,20.87,23.77,18.21,17.52,BELLUCCI
RG_2025_1st_Haddad-Maia_Baptiste,137.43333333333334,23.829066666666666,17.34,1804.7519141254427,1.5992753623188407,401,177,325,273,598,12.59577205108136,310,158,258,256,14.44,14.22,24.41,28.23,12.28,6.41,HADDAD MAIA
RG_2025_1st_Gadecki_Gauff,71.06666666666666,14.924883333333334,21.0,1125.9867509405158,1.5173112338858195,271,101,202,184,386,10.6351954229029,165,106,145,181,8.45,11.92,21.05,21.53,26.35,10.7,GAUFF
RG_2025_R64_Gigante_Tsitsipas,186.51666666666668,37.7866,20.26,2244.5269909375183,1.6514677103718198,510,246,335,466,801,11.949772302211196,367,148,337,276,9.24,8.99,19.19,12.43,19.02,31.12,TSITSIPAS
RG_2025_R64_Raducanu_Swiatek,79.45,15.871766666666668,19.98,669.4750898013928,1.3549019607843138,192,102,150,98,248,8.276814317195951,104,61,87,114,7.18,13.73,31.98,30.45,13.28,3.38,SWIATEK
RG_2025_R64_Munar_Fils,265.71666666666664,53.49393333333333,20.13,3621.5169369689734,1.6410736579275904,828,330,708,633,1341,12.40181396047343,611,247,485,475,13.47,11.19,24.11,15.28,15.72,20.23,FILS
RG_2025_R64_Sinner_Gasquet,117.76666666666667,25.032283333333336,21.26,1673.518714023887,1.8482269503546098,347,151,248,264,512,14.968146417911427,278,117,221,203,6.56,13.54,17.22,22.97,18.55,21.16,SINNER
RG_2025_R64_Valentova_Gauff,75.31666666666666,17.951583333333335,23.83,1247.853255165375,1.4880718954248366,300,111,202,258,460,11.220109027805709,183,113,187,198,4.61,8.3,17.7,23.15,32.62,13.62,GAUFF
RG_2025_R64_Fonseca_Herbert,174.36666666666667,29.140316666666667,16.71,1547.864035784465,1.556234096692112,360,233,272,361,633,11.673900000177076,362,158,201,240,7.07,14.75,24.39,20.49,19.59,13.72,FONSECA
RG_2025_R32_Cristian_Swiatek,114.15,21.859166666666667,19.15,1238.8649516723617,1.506529209621993,290,135,228,225,453,10.378728218681818,194,109,152,173,9.27,11.92,22.52,24.99,26.31,4.99,SWIATEK
RG_2025_R32_Sinner_Lehecka,94.28333333333333,18.37205,19.49,1403.820138703703,1.8130578512396696,283,136,195,278,473,15.22478565791977,284,90,182,183,10.29,10.89,13.08,15.01,16.65,34.08,SINNER
RG_2025_R32_Bouzkova_Gauff,105.61666666666666,23.548000000000002,22.3,1332.5509929380855,1.4461538461538461,317,132,184,335,519,10.61978604012584,236,119,188,193,6.88,9.94,20.6,22.04,28.99,11.55,GAUFF
RG_2025_R32_Fonseca_Draper,106.88333333333334,22.129849999999998,20.7,1211.9624891062515,1.552640545144804,306,152,277,189,466,11.16527113340389,206,118,167,177,5.7,14.45,20.03,14.84,16.37,28.6,FONSECA
RG_2025_R16_Rybakina_Swiatek,149.98333333333332,26.406716666666668,17.61,1518.8967249521193,1.5255088195386701,382,183,302,266,568,12.297037888711152,223,163,192,231,7.58,11.88,22.62,18.5,23.73,15.7,SWIATEK
RG_2025_R16_Sinner_Rublev,119.63333333333334,22.669216666666667,18.95,1756.218743037413,1.8338335607094134,356,157,244,389,633,13.406250910330543,338,133,218,229,4.96,10.75,17.09,21.36,17.23,28.62,SINNER
RG_2025_R16_Alexandrova_Gauff,82.13333333333334,20.322,24.74,935.2607859139454,1.4488272921108742,246,122,171,147,318,10.432118053914271,135,74,132,133,1.43,12.22,20.08,19.35,32.26,14.65,GAUFF
RG_2025_1st_Gracheva_Kenin,66.55,12.261933333333333,18.43,1053.5253377810557,1.5968220338983052,230,108,118,172,290,11.43857095781568,112,108,135,158,5.9,10.69,25.74,34.5,18.03,5.15,GRACHEVA
RG_2025_QF_Svitolina_Swiatek,101.66666666666667,19.035016666666664,18.72,1205.306952407237,1.5155887230514096,301,131,259,175,434,9.30978046785532,166,160,158,198,3.31,11.62,24.45,24.85,24.96,10.8,SWIATEK
RG_2025_QF_Keys_Gauff,131.28333333333333,27.436716666666666,20.9,1536.884936381383,1.4911342894393742,361,199,205,371,576,12.140315871159366,235,130,198,220,5.34,10.21,16.9,12.97,27.18,27.39,GAUFF
RG_2025_QF_Sinner_Bublik,109.35,22.8171,20.87,1831.810120129925,1.8861702127659576,372,166,315,329,644,11.303726691300096,368,130,229,234,11.83,14.78,17.8,19.86,15.56,20.17,SINNER
RG_2025_SF_Sabalenka_Swiatek,139.35,21.679616666666668,15.56,1268.6988504450087,1.5495974235104668,304,169,218,246,464,9.34360679998885,230,107,158,164,9.25,10.32,24.96,20.79,24.64,10.04,SWIATEK
RG_2025_SF_Boisson_Gauff,69.9,17.580550000000002,25.15,714.0097922747382,1.4723837209302326,169,90,121,135,256,7.893436173120954,116,56,101,98,6.87,8.87,15.08,11.99,25.95,31.24,GAUFF
RG_2025_SF_Sinner_Djokovic,196.86666666666667,36.15653333333333,18.37,2924.9926554736294,1.9146134239592183,602,225,472,483,955,13.669835928541389,471,250,349,389,7.54,11.94,15.64,18.81,22.31,23.76,SINNER
Geneva_2025_Q_Bertola_Sell,113.35,22.70045,20.03,1581.5055371791175,1.5639580602883354,387,173,348,240,588,8.747243766199466,281,187,236,221,6.2,16.73,30.03,24.64,14.64,7.75,SELL
Geneva_2025_Q_Sell_Herbert,135.06666666666666,24.11048333333333,17.85,1930.3308688355094,1.6259770114942527,427,183,425,309,734,11.65398534195922,323,250,298,254,6.46,14.07,27.31,27.44,17.56,7.16,SELL
Geneva_2025_R32_Sell_Marozsan,45.45,7.246566666666666,15.94,631.03023111641,1.6681506849315069,150,71,157,81,238,11.540774614805644,124,71,93,75,8.81,15.87,26.08,16.87,19.86,12.51,SELL
Rio_2025_Q_Ugo-Carabelli_Sell,146.08333333333334,28.81201666666667,19.72,2275.587944957081,1.672883064516129,520,179,466,389,855,9.75674460338884,402,191,320,296,10.74,18.25,27.53,19.73,12.64,11.11,SELL
RG_2025_F_Sinner_Alcaraz,329.4,53.28888333333334,16.18,4241.230369526742,1.844111232279171,906,385,783,652,1507,12.370789327051192,697,386,533,543,8.77,14.21,21.07,20.07,16.5,19.38,SINNER
RG_2025_F_Sabalenka_Gauff,158.06666666666666,30.901283333333332,19.55,2221.451455889415,1.71444332998997,483,219,312,436,748,11.4630358991682,324,191,295,309,7.5,9.42,19.59,17.37,25.67,20.45,GAUFF
RG_2025_F_Sinner_Alcaraz,329.4,53.28888333333334,16.18,4118.787420027132,1.8055070883315159,928,385,652,783,1464,12.221598056206128,653,333,585,530,6.63,12.46,17.19,14.79,22.78,26.15,ALCARAZ
Hertogenbosch_2025_R32_Bergs_Blockx,310.31666666666666,19.41771015,6.26,2277.791178153572,1.7733075435203094,543,223,500,428,928,13.159998874855914,507,243,318,403,11.61,21.94,22.15,19.16,15.16,9.97,BERGS
Stuttgart_2025_R32_Fearnley_Nakashima,113.41666666666667,12.461226116666667,10.99,1295.1425262026146,1.5553779069767442,328,171,291,257,548,9.0983012568187,266,176,206,212,4.51,13.08,26.29,18.44,22.46,15.23,NAKASHIMA
Stuttgart_2025_R32_Fearnley_Nakashima,113.41666666666667,12.461226116666667,10.99,1295.1425262026146,1.5553779069767442,328,171,291,257,548,9.0983012568187,266,176,206,212,4.51,13.08,26.29,18.44,22.46,15.23,NAKASHIMA
Hertogenbosch_2025_R32_Virtanen_Etcheverry,199.43333333333334,21.22229056666667,10.64,2289.4716538044495,1.7131163708086785,506,180,580,335,915,11.461513331883925,372,266,360,341,9.22,17.39,15.41,17.28,23.8,16.89,ETCHEVERRY
Hertogenbosch_2025_R32_Borges_Basavareddy,72.85,9.483726316666667,13.02,976.3575429494596,1.5791497975708502,258,122,218,184,402,7.863400058978801,176,112,126,165,6.32,23.76,23.05,19.79,19.0,8.08,BASAVAREDDY
Hertogenbosch_2025_R32_Mcdonald_Bellucci,326.2,17.748328033333333,5.44,1997.8276934763946,1.7243093922651933,453,180,328,446,774,12.314520993227568,380,189,312,304,4.45,13.07,16.09,22.9,27.22,16.27,BELLUCCI
Hertogenbosch_2025_R32_Bergs_Blockx,310.31666666666666,19.41771015,6.26,2249.3418606860328,1.7852998065764023,491,223,428,500,928,11.265378762249991,421,301,317,345,6.54,11.35,25.96,19.33,24.71,12.12,BLOCKX
Stuttgart_2025_R16_Tien_Nakashima,90.33333333333333,13.419864433333334,14.86,1446.8911238959506,1.6850074962518742,316,136,220,373,593,10.84494085056243,222,143,247,201,6.31,10.67,20.03,17.42,24.97,20.6,NAKASHIMA
Stuttgart_2025_R16_Shelton_Herbert,109.96666666666667,10.584638916666668,9.63,1355.2215981388144,1.9200692041522491,280,154,258,253,511,9.06555729144495,322,122,198,159,8.8,20.84,23.97,14.83,15.93,15.64,SHELTON
Hertogenbosch_2025_R32_Mannarino_O'connell,87.86666666666666,13.278770466666666,15.11,1315.3151116384897,1.5622556390977445,342,121,270,297,567,11.917035359423435,223,146,200,194,7.49,13.32,26.01,21.73,22.45,9.01,O'CONNELL
Hertogenbosch_2025_R16_Popyrin_Bergs,182.23333333333332,18.583259750000003,10.2,2327.0734810929507,1.850446871896723,510,255,453,460,913,10.510036498864116,556,233,278,427,11.7,18.47,23.51,18.13,14.26,13.92,BERGS
Hertogenbosch_2025_F_Bergs_Diallo,117.75,12.360669683333333,10.5,1547.8443405510457,1.8684911242603548,344,158,303,321,624,14.09139461829967,320,186,192,288,8.79,19.15,21.25,19.64,17.87,13.31,BERGS
Hertogenbosch_2025_SF_Opelka_Bergs,67.9,8.200627216666668,12.08,988.2233607453928,1.8034324942791762,219,99,184,206,390,10.350434795822656,193,116,146,170,4.44,16.73,22.17,20.57,18.9,17.2,BERGS
Hertogenbosch_2025_QF_Bergs_Lajal,147.11666666666667,17.54851293333333,11.93,2024.486620029504,1.7433189655172414,467,190,418,401,819,10.348705417036191,410,235,322,341,7.97,15.47,20.42,23.38,14.54,18.22,BERGS
Stuttgart_2025_QF_Zverev_Nakashima,90.56666666666666,10.780173966666666,11.9,1121.40274120101,1.6249554367201426,277,130,245,252,497,10.04227181546056,211,137,162,172,2.92,11.99,25.76,17.27,22.36,19.69,NAKASHIMA
Queens_2025_Q_Bellucci_Moutet,163.4,30.344483333333336,18.57,2144.3518371522014,1.7297539149888144,464,217,427,424,851,10.988602094520884,474,176,361,256,14.23,21.85,21.76,21.42,16.61,4.14,BELLUCCI
Stuttgart_2025_SF_Zverev_Shelton,121.1,11.24094425,9.28,1284.5832038705882,1.7774137931034484,308,172,308,223,531,8.624710020688426,312,137,220,164,8.6,19.28,21.15,13.44,16.39,21.15,SHELTON
Stuttgart_2025_QF_Shelton_Lehecka,60.18333333333333,4.2612398,7.08,500.6423171593112,1.7307053941908714,122,92,106,82,188,6.1976694925179485,145,46,93,57,5.71,18.68,18.11,11.79,12.34,33.38,SHELTON
Queens_2025_Q_Bolt_O'Connell,132.91666666666666,27.45061666666667,20.65,1534.696423430315,1.511625,400,203,319,357,676,10.315922159148528,244,179,254,228,6.28,15.51,19.91,17.04,27.73,13.54,O'CONNELL
Queens_2025_Q_Duckworth_O'Connell,76.43333333333334,12.649016666666666,16.55,926.1739096137438,1.5195698924731182,224,113,207,196,403,10.511953529269036,175,109,132,148,4.56,13.9,25.29,17.36,26.32,12.56,O'CONNELL
Rome_2023_R64_Jabeur_Badosa,70.41666666666667,14.694416666666665,20.87,1332.5845740157802,1.8428846153846152,254,105,251,151,402,53.32206718808615,180,106,147,187,13.28,20.14,29.05,23.93,8.92,4.68,BADOSA
Rome_2023_R16_Badosa_Muchova,184.0,41.10415,22.34,3271.451462121103,1.8794732765298219,655,227,549,574,1123,18.36945442819518,426,301,413,437,10.45,13.54,22.86,31.4,15.11,6.64,BADOSA
Rome_2023_1st_Badosa_Friedsam,157.3,34.50771666666667,21.94,2526.4103198295284,1.6884853852967228,580,207,461,439,900,11.379946030565051,387,261,316,361,10.44,20.6,28.94,25.24,11.68,3.11,BADOSA
Rome_2023_R32_Badosa_Kostyuk,91.1,18.512016666666668,20.32,1495.1536313956979,1.809782608695652,309,134,283,225,508,12.45567864470578,212,156,178,219,7.75,17.37,29.3,27.36,13.5,4.72,BADOSA
Rome_2023_QF_Badosa_Ostapenko,107.5,19.295133333333336,17.95,1564.4046361731705,1.8410586552217454,347,158,342,211,553,9.153935874444022,213,178,207,275,5.54,21.92,23.56,29.11,12.51,7.36,BADOSA
Miami_2023_R64_Siegemund_Badosa,170.7,21.665247402357814,12.69,1872.3516508204566,1.8116465863453814,369,171,309,357,666,10.641644579791746,227,207,220,262,8.37,15.07,30.96,27.21,11.92,6.48,BADOSA
Miami_2023_R32_Rybakina_Badosa,151.66666666666666,26.923535706481502,17.75,2399.2800744184433,1.7986842105263157,474,203,424,479,903,9.453569848949508,259,337,326,350,2.0,12.69,15.94,28.44,23.97,16.96,BADOSA
Madrid_2023_R64_Cocciaretto_Badosa,149.85,30.795866666666665,20.55,2402.152399934695,1.7326003824091778,522,194,387,362,749,10.421123293454567,282,258,320,302,4.69,9.56,17.67,28.25,22.06,17.76,BADOSA
Madrid_2023_R16_Badosa_Sakkari,87.63333333333334,17.900166666666667,20.43,1497.8257842278924,1.8802698145025296,298,116,273,202,475,25.712553983782605,156,169,206,201,5.9,9.42,16.96,27.71,21.99,18.04,BADOSA
Madrid_2023_R32_Gauff_Badosa,70.86666666666666,16.322366666666667,23.03,1451.1178979787717,1.918450184501845,258,87,240,227,467,10.978305116246977,144,160,180,192,4.3,7.83,14.21,25.68,24.19,23.79,BADOSA
Indian-Wells_2023_R32_Rybakina_Badosa,94.45,16.988561513111115,17.99,1334.5340706060717,1.7463898916967509,268,126,243,256,499,10.65675290570676,164,150,185,165,5.84,17.95,17.94,28.37,19.68,10.22,BADOSA
Indian-Wells_2023_R64_Parrizas-Diaz_Badosa,95.96666666666667,19.850719291915205,20.69,1740.2343871245082,1.6850589777195282,382,132,321,312,633,10.665245508607219,219,195,230,287,4.02,13.66,31.89,30.46,15.3,4.68,BADOSA
Rome_2022_R16_Kasatkina_Badosa,105.78333333333333,30.619811127081984,28.95,2358.8395472311654,1.5743027888446215,523,144,486,426,912,8.392001821681191,304,216,361,362,3.35,13.68,18.87,35.12,22.24,6.75,BADOSA
Rome_2022_R32_Sasnovich_Badosa,76.85,19.80533353946564,25.77,1337.9985604717137,1.537785016286645,307,114,262,255,517,11.770634523569454,161,147,200,218,2.47,11.63,15.67,26.33,32.64,11.26,BADOSA
Madrid_2022_R64_Kudermetova_Badosa,64.7,12.846568464623058,19.86,1021.2054663348032,1.6632075471698113,207,84,169,215,384,9.99701800145926,147,127,140,150,5.12,12.74,12.56,17.99,36.24,15.35,BADOSA
Madrid_2022_R32_Halep_Badosa,76.35,18.34805112643941,24.03,1588.8323418878053,1.7805337519623234,325,99,332,238,570,8.313729328891233,205,179,215,227,4.59,13.9,20.14,31.35,21.74,8.27,BADOSA
AO_2022_R16_Keys_Badosa,69.33333333333333,13.085586528141073,18.87,985.0181549634308,1.3888888888888888,264,117,247,197,444,8.739539423195302,154,113,136,177,2.85,16.79,23.1,27.38,29.79,0.09,BADOSA
AO_2022_R64_Trevisan_Badosa,70.65,15.75307091074285,22.3,1150.2645638087852,1.4848101265822786,262,95,158,326,484,7.976767030699099,127,122,186,191,2.08,11.91,24.61,42.48,18.92,0.0,BADOSA
AO_2022_1st_Tomljanovic_Badosa,82.18333333333334,19.949220134605714,24.27,1744.4901941796695,1.6567144719687092,387,112,287,358,645,10.389189923596057,226,188,250,288,4.04,11.75,15.83,41.32,22.05,5.01,BADOSA
AO_2022_R32_Kostyuk_Badosa,139.21666666666667,29.766649746278663,21.38,2362.0243104474957,1.571062271062271,548,195,542,364,906,9.904028610822188,299,279,319,365,4.01,15.79,22.17,32.59,18.99,6.45,BADOSA
Adelaide1_2022_R32_Badosa_Azarenka,60.13333333333333,11.498263678245316,19.12,852.6520904537321,1.791279069767442,167,73,134,178,312,12.195713102126517,90,90,120,114,3.96,13.68,18.21,35.72,20.55,7.87,BADOSA
San_Jose_2022_QF_Gauff_Badosa,85.71666666666667,16.498169232350744,19.25,1221.2017297444413,1.6076923076923078,264,118,269,188,457,11.553705493820932,174,113,172,158,3.6,12.71,21.55,24.66,30.24,7.23,BADOSA
Adelaide2_2023_QF_Haddad-Maia_Badosa,153.81666666666666,29.644799790187353,19.27,2353.022971523048,1.7457380457380458,483,173,364,481,845,26.9853017486936,284,222,339,304,5.35,15.8,21.25,38.04,14.93,4.63,BADOSA
Doha_2022_R16_Badosa_Gauff,77.38333333333334,17.956502563459164,23.2,1480.770400509899,1.7277504105090313,314,113,367,183,550,11.154422265238457,190,147,182,218,6.75,17.31,21.68,28.18,20.99,5.09,BADOSA
Sydney_2022_R16_Badosa_Tomljanovic,89.16666666666667,20.454448110486222,22.94,1654.958222856163,1.6144594594594595,362,116,242,365,607,8.757551338191588,189,177,250,253,3.69,13.56,14.64,32.18,25.11,10.81,BADOSA
Sydney_2022_F_Krejcikova_Badosa,142.61666666666667,24.79766787091827,17.39,1966.9766601552838,1.7295081967213115,429,193,401,356,757,9.685688819638488,235,233,296,297,4.43,19.73,22.17,34.92,13.13,5.61,BADOSA
Sydney_2022_QF_Badosa_Bencic,155.18333333333334,27.19108737411901,17.52,2377.3731530465616,1.815752741774676,478,214,347,558,905,11.009375866599596,300,284,302,369,4.84,12.79,18.61,41.32,18.02,4.42,BADOSA
Sydney_2022_SF_Badosa_Kasatkina,74.76666666666667,18.61214043983968,24.89,1601.8173179335047,1.7016129032258065,336,105,235,368,603,10.705565149470672,199,178,241,229,3.93,13.75,22.08,33.77,17.67,8.8,BADOSA
AO_2024_1st_Townsend_Badosa,57.85,9.922883333333335,17.15,641.195910356051,1.3497093023255815,169,90,100,179,279,9.567636114436052,81,67,106,112,4.14,21.55,18.47,38.62,12.39,4.82,BADOSA
Adelaide_2024_1st_Badosa_Pera,119.01666666666667,18.0732,15.19,1690.9151414629566,1.4424379232505644,450,170,379,271,650,10.89417797920984,162,230,287,289,3.8,18.09,26.96,30.37,13.53,7.26,BADOSA
Miami_2024_R64_Badosa_Sabalenka,83.73333333333333,14.728066666666667,17.59,1348.5842241802227,1.684313725490196,297,124,304,182,486,11.31995182897804,182,146,169,190,7.99,25.34,27.21,25.53,10.18,3.76,BADOSA
Miami_2024_1st_Halep_Badosa,118.65,24.58438333333333,20.72,2011.81942573176,1.6334857142857142,440,179,333,413,746,11.907682416811593,267,192,261,274,6.14,22.7,36.66,21.82,9.83,2.85,BADOSA
Madrid_2024_1st_Bouzas-Maneiro_Badosa,125.56666666666666,29.582833333333333,23.56,2785.67209654946,1.8024884792626727,541,177,534,356,890,26.525395626626494,302,308,370,403,5.1,13.67,22.64,31.27,18.19,9.13,BADOSA
Rome_2024_1st_Andreeva_Badosa,145.75,24.611983333333335,16.89,2315.0891976634366,1.8199519230769232,415,124,384,340,724,13.384925919983388,261,180,303,331,7.04,16.75,16.04,33.39,17.24,9.55,BADOSA
Rome_2024_R32_Badosa_Shnaider,155.96666666666667,37.97376666666666,24.35,3345.4176467847633,1.82428810720268,587,211,484,489,973,13.610336577069123,336,317,441,430,5.79,15.19,17.37,25.88,22.78,12.99,BADOSA
Rome_2024_R16_Gauff_Badosa,147.16666666666666,30.159516666666665,20.49,2863.550496737265,1.990255905511811,488,190,391,485,876,28.128802491433348,314,256,318,359,4.02,12.34,17.01,20.7,30.21,15.72,BADOSA
Rome_2024_R64_Navarro_Badosa,116.53333333333333,28.722016666666665,24.65,2306.3614304640564,1.68,464,177,407,390,797,12.250725487538649,277,224,328,365,4.2,16.07,20.81,38.64,16.68,3.59,BADOSA
Cincinnati_2024_R16_Badosa_Putintseva,113.35,20.15775,17.78,1783.4827494599792,1.7073924731182795,382,137,361,266,627,12.515959832464372,250,179,219,268,6.39,18.78,29.27,28.75,12.56,4.25,BADOSA
Cincinnati_2024_R32_Kalinskaya_Badosa,63.93333333333333,11.315949999999999,17.7,995.4440067601904,1.6695961995249406,224,102,218,150,368,8.967128390508186,154,79,156,107,5.56,21.29,20.88,35.26,13.53,3.49,BADOSA
Cincinnati_2024_QF_Pavlyuchenkova_Badosa,66.01666666666667,10.813799999999999,16.38,866.2632296237284,1.5760309278350515,195,97,187,129,316,12.892386895223918,128,89,93,138,5.07,18.44,22.22,36.12,12.6,5.55,BADOSA
Cincinnati_2024_R64_Stearns_Badosa,88.88333333333334,14.915783333333334,16.78,1312.1639336462745,1.6340579710144927,269,127,216,237,453,10.608235064312368,174,148,164,218,3.8,15.43,22.62,34.41,17.03,6.71,BADOSA
Cincinnati_2024_SF_Pegula_Badosa,207.3,22.089066666666668,10.66,1746.932687177249,1.5442379182156134,410,185,322,344,666,10.063705675877186,250,183,227,252,6.58,21.8,28.31,31.22,9.44,2.65,BADOSA
Rogers_cup_2024_R64_Badosa_Tauson,83.61666666666666,16.012916666666666,19.15,1270.5046207605749,1.6554934823091247,258,119,221,269,490,9.58112271900904,177,121,163,194,6.28,15.25,19.89,36.44,13.46,8.69,BADOSA
Rogers_cup_2024_R32_Badosa_Ostapenko,124.41666666666667,20.1114,16.16,1450.5482254272886,1.6104687500000001,318,185,306,264,570,9.738963138447,228,152,190,214,4.09,25.33,24.9,31.89,10.36,3.44,BADOSA
US_Open_2024_QF_Badosa_Navarro,72.3,16.03645,22.18,1038.2391787983788,1.4043478260869564,270,99,193,226,419,12.2829992220059,144,125,156,148,7.47,19.72,25.87,30.15,14.24,2.55,BADOSA
AO_2025_SF_Sabalenka_Badosa,86.3,11.21255,12.99,1171.50024684632,1.5039451114922813,299,121,281,177,458,9.150048646468491,122,156,179,196,4.0,21.52,20.41,18.85,24.67,10.54,BADOSA
AO_2025_QF_Gauff_Badosa,103.41666666666667,15.194833333333332,14.69,1408.231417978735,1.3650793650793651,359,148,247,331,578,12.63790248416535,168,162,228,243,5.19,12.97,19.05,26.37,29.76,6.66,BADOSA
Adelaide_2025_R64_Krueger_Badosa,148.18333333333334,19.638616666666667,13.25,1690.9059681395304,1.2501472031403338,504,220,339,387,726,9.46666769356654,199,208,280,287,4.92,15.02,17.59,19.81,34.01,8.65,BADOSA
Adelaide_2025_1st_Stearns_Badosa,162.48333333333332,24.55995,15.12,2330.580508540402,1.449013157894737,609,226,464,438,902,9.280410413305336,261,277,361,393,5.05,16.87,23.02,33.07,14.93,7.06,BADOSA
RG_2025_1st_Osaka_Badosa,140.93333333333334,29.18295,20.71,2268.1217178678826,1.5314258911819887,520,198,448,354,802,9.24767573814308,199,245,317,365,4.69,13.74,20.65,30.65,20.24,10.04,BADOSA
Queens_2025_R32_Norrie_Mensik,120.48333333333333,21.15095,17.56,1699.2096334009934,1.632133676092545,404,183,372,331,703,11.61915925835661,360,154,246,311,8.16,16.81,21.03,20.31,19.87,13.81,MENSIK
Halle_2025_R32_Tsitsipas_Darderi,120.01666666666667,12.737862966666667,10.61,1472.1168805041245,1.721060382916053,346,181,289,298,587,9.243326977375412,301,172,194,190,9.34,11.6,27.65,17.43,21.9,12.07,TSITSIPAS
Queens_2025_R32_Rune_O'Connell,77.1,13.894316666666667,18.02,915.6326861211273,1.5407079646017698,219,117,174,201,375,11.95192980154645,178,118,128,131,9.33,14.18,22.61,14.89,28.87,10.12,O'CONNELL
Halle_2025_R32_Altmaier_Medvedev,63.31666666666667,9.6025691,15.17,1205.922039445896,1.9802966101694917,236,104,209,223,432,12.428084080077786,231,100,153,199,8.82,10.36,12.35,11.85,20.94,35.67,ALTMAIER
Halle_2025_R32_Marozsan_Kecmanovic,131.08333333333334,18.088897383333336,13.8,1865.2447224414477,1.5597713097713097,470,230,468,341,809,11.56115249806054,407,235,269,314,7.44,18.09,33.64,24.59,13.52,2.72,KECMANOVIC
Halle_2025_R32_Marozsan_Kecmanovic,131.08333333333334,18.088897383333336,13.8,1893.7267330342956,1.5964656964656965,492,230,341,468,809,8.711291621193178,419,144,259,316,8.8,14.06,22.45,21.62,25.11,7.96,MAROZSAN
Halle_2025_R32_Fonseca_Cobolli,164.25,22.924173816666666,13.96,2467.4093745930136,1.6990662139219015,612,258,537,453,990,12.478903766771811,434,288,358,348,6.7,13.95,22.24,14.77,22.82,19.52,COBOLLI
Halle_2025_R32_Fonseca_Cobolli,164.25,22.924173816666666,13.96,2409.2830174507194,1.6371816638370118,566,258,453,537,990,11.81771019389231,475,256,338,409,7.73,14.55,20.24,19.84,22.73,14.9,FONSECA
Halle_2025_R32_Martinez_Etcheverry,90.71666666666667,10.7129796,11.81,1160.993005048684,1.7050656660412757,251,100,169,310,479,10.288852860209206,201,101,181,179,8.64,12.95,13.6,18.79,33.08,12.94,ETCHEVERRY
Queens_2025_R32_Nakashima_Mpetshi-Perricard,150.8,23.8743,15.83,1740.839999845612,1.521395881006865,421,235,371,399,770,11.879552902398736,437,153,218,256,9.04,15.63,20.64,15.18,24.46,15.05,NAKASHIMA
Halle_2025_R32_Martinez_Etcheverry,90.71666666666667,10.7129796,11.81,1245.260420823418,1.8716697936210132,282,100,310,169,479,9.673506712032015,223,130,166,185,9.5,12.11,23.86,20.37,22.1,12.05,MARTINEZ
Halle_2025_R32_Sinner_Hanfmann,90.18333333333334,9.756699866666667,10.82,1189.8254316187363,1.866728280961183,268,128,207,258,465,10.796480607951423,256,128,173,183,6.09,14.52,21.44,18.77,20.18,19.0,SINNER
Halle_2025_R32_Bergs_Khachanov,94.46666666666667,10.453663566666668,11.07,1362.1898806130664,1.9066202090592337,311,133,305,175,480,11.089022863191088,287,142,186,236,11.16,16.65,22.57,13.79,17.27,18.57,BERGS
Queens_2025_R16_Bautista-Agut_Mensik,140.78333333333333,30.771566666666665,21.86,2209.988824727417,1.6377416073245168,513,191,376,399,775,11.780498739873089,368,238,315,368,6.52,13.74,16.2,18.17,25.1,20.28,MENSIK
Halle_2025_R16_Michelsen_Tsitsipas,102.41666666666667,10.315457233333332,10.07,1168.9974543186668,1.6675392670157068,297,150,237,245,482,12.263993470897535,243,126,172,135,10.6,10.34,31.19,16.1,18.26,13.51,TSITSIPAS
Queens_2025_R16_Evans_Nakashima,115.65,19.40576666666667,16.78,1475.9236306796981,1.5289548022598871,347,149,311,292,603,11.93468185846664,275,197,220,218,4.16,15.01,28.11,21.93,19.68,11.11,NAKASHIMA
Wimbledon_2024_1st_Andreescu_Cristian,77.21666666666667,14.233433333333332,18.43,1154.9002518500672,1.714503816793893,257,106,221,226,447,9.174152488863404,184,127,152,162,7.38,14.92,45.88,19.39,9.28,3.14,ANDREESCU
Wimbledon_2024_R64_Andreescu_Noskova,93.26666666666667,16.532149999999998,17.73,1187.4824683697232,1.735239852398524,270,149,249,219,468,12.592553972865993,201,118,171,160,11.75,19.03,46.67,15.87,4.61,2.08,ANDREESCU
Wimbledon_2023_R64_Andreescu_Kalinina,166.01666666666668,31.425400000000003,18.93,2485.6939123208635,1.7911214953271029,534,218,404,484,888,9.240931977704973,397,247,341,295,12.0,14.91,43.62,18.36,6.71,4.39,ANDREESCU
Wimbledon_2023_R32_Jabeur_Andreescu,158.31666666666666,19.119666666666667,12.08,1686.452638995403,1.8740947075208911,348,162,227,268,495,9.757451754479236,179,160,226,233,9.64,17.21,43.73,17.98,7.03,4.42,ANDREESCU
Halle_2025_R16_Rublev_Etcheverry,180.55,23.503859833333333,13.02,2682.972148780034,1.805643153526971,578,223,467,613,1080,9.098363273463567,380,267,398,427,3.89,12.05,12.12,11.92,33.74,26.27,ETCHEVERRY
Brisbane_2025_R32_Mensik_Kukushkin,93.91666666666667,12.894772633333334,13.73,1393.0254712540818,1.6368804664723033,348,144,255,345,600,9.594494051015442,279,166,218,247,5.43,13.66,26.84,25.27,24.34,4.46,MENSIK
Brisbane_2025_R16_Mensik_Lajovic,64.78333333333333,9.425542083333333,14.55,1131.292579101765,1.8989669421487603,242,106,190,234,424,12.693310720846544,209,116,160,178,10.09,14.57,22.39,20.11,21.32,11.52,MENSIK
Brisbane_2025_QF_Mpetshi-Perricard_Mensik,418.76666666666665,10.676802516666667,2.55,1219.2932236583308,1.7054700854700855,296,150,310,233,543,9.388046798530915,302,99,157,226,16.96,14.03,22.47,13.82,16.8,15.91,MENSIK
Rome_2025_R32_Mensik_Marozsan,88.8,17.322633333333332,19.51,1224.139125310051,1.561512027491409,291,136,232,267,499,11.574629044714635,245,130,177,230,7.02,17.41,18.88,16.6,22.17,17.92,MENSIK
Rome_2025_R64_Mensik_Gigante,102.05,19.627433333333332,19.23,1305.4616626204433,1.5666666666666667,314,144,278,277,555,14.115363539137654,277,146,192,211,9.15,20.28,19.98,19.88,20.44,10.26,MENSIK
Miami_2025_1st_Bautista-Agut_Mensik,111.81666666666666,20.780383333333337,18.58,1811.671967478673,1.6463892288861688,427,157,347,302,649,13.527354942904092,288,184,256,350,5.56,13.04,17.63,25.12,29.05,9.61,MENSIK
Miami_2025_R64_Mensik_Draper,114.43333333333334,24.88265,21.74,1676.2873530885104,1.724763193504736,367,167,265,404,669,9.080857786999076,319,171,256,269,9.82,15.57,18.65,20.0,23.59,12.36,MENSIK
Miami_2025_R32_Safiullin_Mensik,72.63333333333334,11.376033333333334,15.66,887.3928625253982,1.6717073170731707,204,105,183,185,368,8.65590355461018,177,96,120,166,10.27,17.27,17.8,16.78,21.98,15.9,MENSIK
Miami_2025_SF_Mensik_Fritz,145.13333333333333,29.18435,20.11,2098.041731866842,1.5687074829931973,507,214,371,501,872,12.078145363075036,388,237,329,408,5.54,11.93,15.78,21.79,28.05,16.9,MENSIK
Acapulco_2025_R32_Mensik_Machac,134.38333333333333,23.702266666666667,17.64,1944.0235944695703,1.674696132596685,464,166,412,372,784,11.082955065446129,364,225,271,365,8.97,17.12,23.9,21.42,22.5,6.1,MENSIK
Auckland_2025_QF_Mensik_Borges,147.38333333333333,22.502497016666666,15.27,2523.0408026748914,1.7519327731092438,624,222,514,507,1021,12.23768577390816,505,281,338,464,9.81,12.56,22.69,24.61,23.58,6.75,MENSIK
Munich_2025_R32_Hanfmann_Mensik,151.23333333333332,16.441376066666667,10.87,1846.2682177180807,1.7173714285714285,445,203,327,354,681,10.226174730520912,373,182,270,325,7.9,15.65,22.91,14.09,19.08,20.36,MENSIK
Madrid_2025_R16_Mensik_Bublik,55.766666666666666,8.728533333333333,15.65,694.4627145913826,1.5746875,161,94,121,153,274,11.6629494399429,165,59,83,101,10.83,18.52,22.1,16.35,15.37,16.82,MENSIK
Madrid_2025_QF_Cerundolo_Mensik,131.1,25.21575,19.23,1783.8064871740685,1.6088377723970946,416,184,348,367,715,10.726035740518116,356,166,262,287,11.46,17.32,19.84,19.13,21.56,10.69,MENSIK
Indian_Wells_2025_R64_Khachanov_Mensik,119.08333333333333,22.396133333333335,18.81,1867.5171681235552,1.6752037252619325,436,156,384,284,668,11.137760440921344,312,190,258,342,7.67,14.67,19.48,21.18,26.41,10.59,MENSIK
Rotterdam_2025_R16_Mensik_de-Minaur,88.4,17.712466666666668,20.04,1489.3690009400818,1.7113432835820894,356,128,288,307,595,14.022806379349216,282,158,209,269,12.03,15.51,24.72,26.82,17.78,3.15,MENSIK
Rotterdam_2025_R32_Bublik_Mensik,58.9,10.832383333333333,18.39,754.6515322820591,1.544215938303342,185,108,114,215,329,9.11109718954218,174,77,115,130,7.46,17.8,25.22,25.24,20.91,3.38,MENSIK
Rome_2024_1st_Mensik_Hanfmann,87.48333333333333,16.78555,19.19,1498.3745387826668,1.9080560420315236,309,124,269,163,432,12.940090956952655,174,131,190,157,9.06,16.32,25.12,14.71,20.98,13.81,MENSIK
Miami_2024_Q_Mensik_Klein,103.86666666666666,16.31645,15.71,1475.9294511789553,1.7450549450549449,332,151,320,230,550,10.048783023472607,272,173,192,201,9.09,17.31,22.96,20.1,23.8,6.74,MENSIK
Miami_2024_Q_Mensik_Nardi,70.18333333333334,13.400333333333332,19.09,1283.9527796504065,1.95010395010395,246,98,216,208,424,11.421120407062148,182,128,161,162,8.47,15.87,23.05,22.26,21.82,8.54,MENSIK
Rogers_cup_2024_Q_Mensik_Baadi,96.78333333333333,17.796583333333334,18.39,1842.002821881591,1.8700581395348836,354,155,308,319,627,14.38192727066106,273,147,201,232,14.06,15.53,22.84,16.64,22.24,8.69,MENSIK
Rogers_cup_2024_Q_Mensik_Coric,153.88333333333333,30.004683333333332,19.5,2582.41698629432,1.74521327014218,540,197,491,373,864,12.26561581495444,342,247,340,321,4.98,11.57,18.75,17.79,25.58,21.32,MENSIK
Vienna_2024_Q_Mensik_Muller,68.98333333333333,16.321,23.66,1516.1822935194393,1.9238970588235293,281,107,217,275,492,27.355213927753567,215,117,172,192,12.79,11.76,21.65,20.83,26.92,6.05,MENSIK
Vienna_2024_QF_Mensik_de-Minaur,154.73333333333332,35.4592,22.92,3146.250221594253,1.8617283950617285,618,215,455,576,1031,13.59665651901361,467,256,377,471,10.74,10.5,20.39,25.79,26.66,5.92,MENSIK
Vienna_2024_Q_Mensik_Ritschard,82.45,17.701766666666668,21.47,1648.440439898509,1.95088,320,121,278,296,574,11.802978346278216,229,170,201,234,8.24,11.53,17.03,16.4,27.6,19.19,MENSIK
Vienna_2024_R32_Popyrin_Mensik,102.03333333333333,21.806233333333335,21.37,1968.9637454869899,2.0347517730496456,337,146,246,388,634,14.206831493432944,279,192,253,262,9.69,13.58,21.12,17.29,25.48,12.84,MENSIK
Madrid_2024_R64_Dimitrov_Mensik,154.05,30.960449999999998,20.1,2951.5800719863296,2.0483430799220272,535,213,499,341,840,11.747167540485536,349,281,389,311,8.45,17.42,20.56,12.44,17.67,23.46,MENSIK
Madrid_2024_1st_Hanfmann_Mensik,121.55,24.583816666666667,20.23,2144.0203573785716,1.836713286713287,432,159,411,271,682,10.826878048878491,300,225,301,268,6.56,17.39,21.86,20.11,24.99,9.09,MENSIK
Madrid_2024_R32_Mensik_Auger-Aliassime,35.266666666666666,5.96705,16.92,521.9562585823206,1.9353535353535354,98,39,82,96,178,10.63192737268688,69,60,80,63,2.41,15.45,20.18,20.58,25.79,15.59,MENSIK
Cincinnati_2024_Q_Vukic_Mensik,79.26666666666667,15.153799999999999,19.12,1350.3637374858492,1.7152603231597845,278,130,225,286,511,10.52271986134448,245,121,167,177,5.14,12.81,22.31,15.88,23.78,20.07,MENSIK
Umag_2024_R32_Mensik_Popyrin,83.1,13.710183333333333,16.5,1298.3780954327922,1.829268292682927,251,114,249,175,424,10.76843562685538,199,122,143,159,9.76,15.53,23.76,17.41,19.31,14.25,MENSIK
Umag_2024_R16_Darderi_Mensik,86.83333333333333,16.91283333333333,19.48,1871.8596392293045,2.0774343122102006,335,115,286,265,551,11.671283742440725,227,156,220,221,10.58,11.0,21.44,19.4,25.27,12.31,MENSIK
Umag_2024_QF_Mensik_Tseng,79.86666666666666,16.94545,21.22,1389.5891824514842,1.8328871892925431,266,102,208,261,469,13.221953885584831,217,113,188,159,13.0,15.66,23.46,24.63,19.26,4.01,MENSIK
Umag_2024_SF_Mensik_Musetti,76.21666666666667,15.73485,20.64,1706.7494090848186,2.0803191489361703,293,84,215,286,501,11.906969112030438,215,147,208,180,12.41,12.5,20.96,21.24,19.57,13.32,MENSIK
Shanghai_2024_R32_Mensik_Shevchenko,116.06666666666666,25.558483333333335,22.02,2403.1103485487097,1.8762312633832978,462,165,357,457,814,11.632685311382724,338,249,293,325,6.82,12.78,21.4,19.9,28.24,10.86,MENSIK
Shanghai_2024_R16_Mensik_Dimitrov,123.2,22.986,18.66,1954.8128094742863,1.9249673202614377,377,168,358,340,698,10.126529395766358,285,195,247,298,6.17,12.35,22.83,18.03,29.55,11.07,MENSIK
Shanghai_2024_R64_Rublev_Mensik,150.11666666666667,28.37248333333333,18.9,2459.526167441467,1.8915132924335378,488,201,391,449,840,9.92999144192252,311,247,335,329,5.03,11.2,20.95,19.88,31.62,11.33,MENSIK
Shanghai_2024_QF_Mensik_Djokovic,139.25,27.3476,19.64,2665.77940924722,1.8912835249042146,545,189,560,378,938,10.062038777592363,354,259,329,420,6.65,13.16,20.66,21.32,29.26,8.94,MENSIK
Doha_2024_F_Mensik_Khachanov,108.61666666666666,17.550383333333333,16.16,1904.8644374309965,1.9633471645919778,370,146,285,303,588,13.255861864618527,261,168,242,239,9.43,11.71,21.48,19.04,29.24,9.1,MENSIK
Doha_2024_R16_Murray_Mensik,203.46666666666667,34.629000000000005,17.02,3495.0527917841596,1.9078889700511323,695,245,657,570,1227,11.893678523759345,517,345,478,458,12.34,14.58,27.05,26.76,16.34,2.93,MENSIK
Doha_2024_SF_Mensik_Monfils,114.61666666666666,25.462716666666665,22.22,2715.3624657536193,2.010569105691057,492,157,420,445,865,16.05891124625579,370,231,332,316,10.78,14.31,27.2,23.53,19.26,4.91,MENSIK
Doha_2024_QF_Rublev_Mensik,96.53333333333333,17.966933333333333,18.61,1844.142428310945,1.8765729585006692,375,146,357,276,633,9.168068801877936,280,185,262,220,8.25,15.27,24.63,23.38,23.01,5.46,MENSIK
Indian_Wells_2024_1st_Mensik_Hong,79.31666666666666,15.991999999999999,20.16,1374.223941677784,1.8217785843920145,279,113,233,272,505,10.315923700284236,257,115,173,165,16.67,22.02,27.2,19.96,11.64,2.51,MENSIK
Newport_2024_R32_Mensik_Bolt,70.5,11.7798,16.71,1019.9619151958419,1.8108641975308641,209,102,158,199,357,10.8115823425988,190,82,136,133,13.0,19.1,30.07,21.82,14.59,1.41,MENSIK
Dubai_2024_R16_Mensik_Davidovich-Fokina,73.08333333333333,13.851233333333333,18.95,1267.2821300348674,1.8709349593495934,255,102,255,207,462,8.10146078709093,216,132,153,170,13.98,15.29,23.01,21.16,20.87,5.69,MENSIK
Dubai_2024_R32_Mensik_Coric,173.8,35.137116666666664,20.22,3183.1607920187867,1.8665610142630744,638,219,511,636,1147,11.38980471606204,504,324,423,467,9.11,12.91,23.7,25.2,24.24,4.84,MENSIK
Mallorca_2024_QF_Mensik_Tabilo,90.7,14.43205,15.91,1422.487422014087,1.8407871198568873,289,124,289,219,508,12.29821766870992,259,120,207,183,10.35,14.9,22.11,21.76,20.08,10.81,MENSIK
Paris_2024_Q_Mensik_Moutet,60.916666666666664,8.906066666666668,14.62,897.3599440607135,1.9105740181268882,164,76,164,144,308,11.112009034614958,151,75,113,110,13.29,16.77,26.79,21.99,16.56,4.6,MENSIK
Paris_2024_Q_Mensik_Lajovic,111.85,21.86655,19.55,2120.909755603162,1.822603550295858,439,178,425,347,772,12.151164078634732,360,178,279,310,9.75,16.15,23.11,17.61,23.9,9.49,MENSIK
Beijing_2024_Q_Rinderknech_Mensik,139.78333333333333,21.784483333333334,15.58,1993.2562296515887,1.7324675324675325,409,184,316,444,760,10.275749196166569,363,189,280,263,7.21,14.95,23.76,18.63,24.33,11.12,MENSIK
Beijing_2024_R32_Cerundolo_Mensik,99.58333333333333,21.015683333333335,21.1,1889.9493937513607,1.8441215323645972,370,145,246,435,681,16.972863063502523,264,190,246,275,5.54,10.78,20.0,22.34,31.25,10.09,MENSIK
Beijing_2024_Q_Gaston_Mensik,98.63333333333334,22.47103333333333,22.78,1971.8500407191632,1.9094101123595506,355,135,288,361,649,16.028925307465023,327,157,240,259,14.55,18.02,30.3,25.39,9.55,2.18,MENSIK
Halle_2025_R16_Sinner_Bublik,121.85,13.38609005,10.99,1577.26580618896,1.7715862068965518,360,181,355,306,661,9.870283114333317,382,151,204,257,8.63,17.86,20.17,16.36,18.3,18.68,SINNER
Halle_2025_R16_Shapovalov_Cobolli,152.91666666666666,20.1401098,13.17,2228.654167771309,1.6884398496240602,528,225,502,363,865,11.718603442113876,344,275,334,314,8.23,13.59,23.82,17.22,19.03,18.1,COBOLLI
Queens_2025_R32_Kvitova_Haddad-Maia,137.65,20.031683333333334,14.55,1608.889172685331,1.6997304582210244,351,188,236,373,609,13.355868367265952,270,166,246,208,6.79,16.6,45.56,21.41,7.6,2.04,HADDAD MAIA
Queens_2025_R16_Navarro_Haddad-Maia,173.01666666666668,33.005966666666666,19.08,2872.932687206064,1.778677685950413,590,196,296,629,925,16.954400863865693,431,267,436,424,9.94,12.56,37.22,27.86,10.13,2.29,HADDAD MAIA
Eastbourne_2025_Q_Bellucci_Gengel,82.6,15.21095,18.42,1338.4329196089,1.5548183254344392,289,132,198,350,548,9.109078796607188,276,154,211,208,3.38,10.19,17.63,25.62,28.56,14.63,BELLUCCI
Queens_2025_QF_Nakashima_Draper,142.15,22.135366666666666,15.57,1775.5194452746475,1.577883472057075,418,207,382,375,757,10.1313710435731,381,192,256,234,7.11,15.56,22.42,19.39,24.86,10.67,NAKASHIMA
Halle_2025_QF_Etcheverry_Khachanov,72.16666666666667,10.5042606,14.56,1258.9667887085786,1.8635658914728683,259,93,279,155,434,14.40658967510741,171,124,168,193,7.36,13.82,11.32,11.91,31.01,24.59,ETCHEVERRY
Mallorca_2025_Q_Basavareddy_Van-de-zandschulp,212.43333333333334,21.13310591666667,9.95,2241.106984057531,1.6187443946188342,546,252,500,463,963,17.529069793192523,394,230,320,378,9.29,20.46,25.59,19.2,18.56,6.9,BASAVAREDDY
Mallorca_2025_Q_Crawford_Quinn,169.9,17.447492383333334,10.27,1994.3831942640995,1.6751289989680083,479,239,378,443,821,10.259480047005098,503,196,282,321,10.31,15.61,23.07,20.6,22.97,7.43,QUINN
Eastbourne_2025_Q_O'Connell_Monday,111.66666666666667,18.055850000000003,16.17,1334.477762435364,1.5550304878048782,317,156,263,330,593,9.104826338244314,226,143,216,168,5.76,12.67,20.36,16.5,17.47,27.24,O'CONNELL
Eastbourne_2025_R32_Bergs_Fonseca,128.06666666666666,24.641450000000003,19.24,1669.524154105001,1.541687041564792,390,192,328,408,736,11.570727586442736,312,193,228,308,6.16,15.18,22.11,21.35,21.62,13.58,FONSECA
Eastbourne_2025_R32_Bergs_Fonseca,128.06666666666666,24.641450000000003,19.24,1859.285960623011,1.717359413202934,428,192,408,328,736,12.663134599514366,391,196,252,365,9.77,19.86,18.11,18.75,17.6,15.91,BERGS
Eastbourne_2025_Q_Bellucci_Tseng,60.81666666666667,12.1835,20.03,925.0340311780881,1.6629901960784315,206,86,184,182,366,11.870463207573115,183,101,166,121,10.07,16.35,19.29,22.68,23.9,7.72,BELLUCCI
Eastbourne_2025_R32_Bellucci_Halys,68.46666666666667,10.881366666666667,15.89,753.9828976878745,1.6664705882352941,169,90,186,127,313,13.501824401758103,162,91,113,118,6.85,22.19,26.43,17.1,17.81,9.63,BELLUCCI
Mallorca_2025_Q_Navone_Basavareddy,75.48333333333333,11.398194933333334,15.1,1179.6624600442294,1.6433098591549296,288,94,252,243,495,12.698081643429354,194,137,176,201,7.58,19.26,24.47,24.31,18.38,6.0,BASAVAREDDY
Mallorca_2025_R32_Basavareddy_Medjedovic,63.6,6.925987266666667,10.89,704.3284444543297,1.5077127659574467,186,94,179,127,306,10.18734756715792,127,78,105,101,8.61,18.81,22.89,15.2,19.54,14.95,BASAVAREDDY
Mallorca_2025_Q_Kopriva_Quinn,179.03333333333333,19.754412316666667,11.03,2212.31480044429,1.6761633428300096,526,239,392,533,925,9.730430425799709,504,217,317,394,8.54,14.72,21.27,20.66,26.87,7.95,QUINN
Mallorca_2025_R32_Ugo-carabelli_Quinn,65.5,8.1226553,12.4,908.0513430683321,1.655373831775701,213,105,203,197,400,11.41766902950122,246,75,132,127,14.53,17.37,19.24,20.38,22.26,6.22,QUINN
Halle_2025_QF_Cobolli_Zverev,101.25,14.425399216666667,14.25,1600.3361981560597,1.7810320781032078,361,139,298,321,619,9.622346710938524,256,167,236,237,4.67,11.42,18.57,15.02,26.98,23.35,COBOLLI
Queens_2025_R32_Rinderknech_Shelton,108.4,15.419616666666666,14.22,1255.12635958511,1.699099099099099,286,158,282,232,514,9.916452042651152,325,113,172,177,11.29,17.99,19.11,18.44,21.64,11.54,SHELTON
Mallorca_2025_R16_Quinn_Griekspoor,89.6,8.198871983333333,9.15,934.9960792755012,1.6640591966173361,242,138,238,195,433,11.271302804306266,263,76,119,171,10.34,19.22,24.82,18.21,23.54,3.88,QUINN
Mallorca_2025_R32_Etcheverry_Bautista-agut,153.76666666666668,18.049316716666667,11.74,1926.6389073609,1.6764900662251656,466,169,375,356,731,10.896028215358408,316,198,311,296,7.56,14.24,11.15,16.68,33.91,16.45,ETCHEVERRY
Eastbourne_2025_R32_Fearnley_Cobolli,64.96666666666667,15.127066666666668,23.28,949.1663084346577,1.5392116182572613,252,107,226,145,371,9.358617363893972,169,112,130,151,8.17,16.73,25.38,16.55,25.53,7.64,COBOLLI
Eastbourne_2025_R32_Brooksby_Comesana,105.33333333333333,20.498683333333336,19.46,1707.7152879884786,1.6655033557046979,378,142,338,306,644,16.012399525686853,326,143,246,246,8.93,15.04,15.38,16.77,26.32,17.56,COMESANA
Eastbourne_2025_R16_Mensik_Opelka,86.08333333333333,14.474,16.81,981.1635044878169,1.5716356107660456,231,135,163,244,407,10.136418030711557,211,94,149,165,7.52,17.19,21.99,17.21,15.27,20.81,MENSIK
Mallorca_2025_R16_Shelton_Tien,99.53333333333333,10.22685335,10.27,1252.8079319419246,1.8164579606440072,284,148,270,243,513,9.024101360904618,313,116,211,147,9.58,14.48,19.42,15.14,19.88,21.5,SHELTON
Mallorca_2025_R16_Moutet_Altmaier,134.1,16.019393083333334,11.95,1971.288831468905,1.937131882202305,395,158,399,334,733,12.148759936915004,394,175,274,312,16.49,13.7,15.82,17.06,20.17,16.76,ALTMAIER
Mallorca_2025_R32_Fognini_Altmaier,106.75,13.788937216666666,12.92,1622.542277351599,1.7893351800554018,362,167,321,298,619,11.795422137995756,333,171,208,287,5.89,13.36,16.24,11.35,20.86,32.29,ALTMAIER
Eastbourne_2025_R16_Evans_Paul,134.06666666666666,28.431616666666667,21.21,1889.8653742150004,1.5303743315508023,485,173,401,328,729,10.20315502647297,372,161,304,264,6.74,13.92,26.45,22.69,17.61,12.58,PAUL
Eastbourne_2025_R16_Harris_Bellucci,89.46666666666667,16.235416666666666,18.15,1384.8124735687188,1.6579804560260587,300,118,225,313,538,11.368059486642432,235,153,249,203,2.99,13.39,15.77,23.87,28.82,15.17,BELLUCCI
Eastbourne_2025_R16_Fritz_Fonseca,1056.55,20.92635,1.98,1592.3175195024392,1.5412345679012347,398,196,317,335,652,9.772803923149862,347,168,229,265,5.44,17.2,22.84,21.01,20.22,13.3,FONSECA
Eastbourne_2025_QF_Mensik_Davidovich-Fokina,104.6,22.881083333333333,21.87,1525.8474519855993,1.616011235955056,355,159,321,298,619,12.749416420673006,292,151,209,257,13.06,14.35,21.1,19.25,21.75,10.49,MENSIK
Rome_2023_R16_Zverev_Medvedev,115.66666666666667,27.246516666666665,23.56,2031.974136431421,1.5981047937569677,465,121,390,410,800,11.290334610912844,335,169,287,291,9.72,10.26,15.41,19.03,25.9,19.69,ZVEREV
Rome_2023_R64_Goffin_Zverev,145.55,28.098866666666666,19.31,2222.7764156373605,1.6536307053941908,487,175,362,500,862,12.846519925704175,369,203,328,292,7.88,11.34,17.24,13.67,16.49,33.36,ZVEREV
Rome_2023_R32_Wolf_Zverev,1133.45,22.793400000000002,2.01,1719.5601319451312,1.7115714285714285,349,120,234,389,623,43.01504890578144,253,159,216,251,4.96,9.98,12.88,10.49,20.46,41.23,ZVEREV
Rome_2024_R64_Zverev_Vukic,79.26666666666667,15.1573,19.12,1561.0336447885802,2.0015384615384613,252,105,181,284,465,21.10164083824508,210,109,172,192,6.54,10.06,14.22,11.81,14.59,42.78,ZVEREV
Rome_2024_F_Zverev_Jarry,101.08333333333333,20.52061666666667,20.3,1841.4283334303132,2.1384347826086954,270,121,177,342,519,45.34683043869714,189,163,189,235,4.6,10.38,12.57,6.89,11.75,53.81,ZVEREV
Rome_2024_R16_Zverev_Borges,86.01666666666667,15.930383333333333,18.52,1536.369350263342,1.8130508474576272,295,112,209,276,485,14.170101163560313,225,144,197,187,4.64,10.54,13.93,9.86,14.05,46.98,ZVEREV
Rome_2024_R32_Zverev_Darderi,107.23333333333333,20.805383333333335,19.4,1938.9038260537434,1.9269452449567723,349,127,286,315,601,13.816282032449676,283,194,236,249,8.33,11.61,15.6,10.52,11.74,42.2,ZVEREV
Rome_2024_SF_Tabilo_Zverev,136.9,26.458283333333334,19.33,2108.09965221072,1.8750321750321752,382,167,340,335,675,15.028254852668727,280,194,256,289,7.41,11.45,13.97,8.23,15.84,43.11,ZVEREV
Rome_2024_QF_Zverev_Fritz,89.9,18.662699999999997,20.76,1789.373008682783,1.938591117917305,323,103,246,303,549,11.677713096288905,227,153,245,237,8.51,8.55,11.28,9.51,14.98,47.17,ZVEREV
Los_Cabos_2024_R16_Zverev_Nishioka,60.083333333333336,12.546833333333332,20.88,1162.3891625536903,1.8728260869565216,226,83,154,221,375,13.337620094105304,147,98,177,139,7.13,9.57,16.97,22.41,33.16,10.76,ZVEREV
Los_Cabos_2024_SF_Zverev_Thompson,220.18333333333334,48.03195,21.81,4162.390421265695,1.86090458488228,796,241,697,757,1454,12.843384213010806,636,368,562,550,10.36,12.66,19.09,18.44,25.18,14.27,ZVEREV
Los_Cabos_2024_QF_Zverev_Kokkinakis,117.45,24.76878333333333,21.09,2268.059373274924,1.8822093023255815,441,135,516,249,765,21.409360942875985,319,219,300,304,8.04,12.61,20.9,16.96,22.73,18.76,ZVEREV
Miami_2024_R64_Zverev_Auger-Aliassime,76.05,10.904583333333333,14.34,929.5039982442729,1.770448548812665,178,87,126,228,354,7.871980318033064,133,91,118,134,4.37,11.77,18.08,13.23,17.3,35.26,ZVEREV
Miami_2024_R16_Zverev_Khachanov,68.73333333333333,12.866666666666667,18.72,1080.6526026898011,1.7632829373650107,232,86,190,209,399,8.18589156895564,191,81,138,161,12.39,9.53,17.62,14.51,21.41,24.54,ZVEREV
Miami_2024_R32_Zverev_Eubanks,104.28333333333333,16.941033333333333,16.25,1456.1835017554886,1.7667796610169493,294,137,296,226,522,9.800574345861088,213,168,186,212,5.49,12.69,18.06,8.96,15.28,39.51,ZVEREV
Miami_2024_SF_Dimitrov_Zverev,156.63333333333333,27.18715,17.36,2652.8766017233747,1.9150870406189555,504,188,457,462,919,11.732557509604158,370,275,365,370,6.59,8.78,19.52,16.83,17.25,31.03,ZVEREV
Miami_2024_QF_Zverev_Marozsan,97.8,16.966616666666667,17.35,1554.345303170411,1.7840944881889764,303,135,251,321,572,13.677521306410105,226,166,204,227,5.92,9.94,17.49,16.37,23.25,27.04,ZVEREV
Miami_2023_R64_Daniel_Zverev,74.78333333333333,15.124721541772002,20.22,1245.679676036232,1.6951923076923077,262,92,199,233,432,10.796836671577667,178,115,170,196,4.35,10.51,17.46,18.34,29.33,20.02,ZVEREV
Rogers_cup_2024_R16_Rune_Zverev,103.23333333333333,13.800266666666666,13.37,1380.9220655028896,1.9005882352941175,247,108,193,269,462,11.439473149578491,243,90,153,194,14.35,9.0,12.23,18.83,23.94,21.65,ZVEREV
Rogers_cup_2024_QF_Korda_Zverev,138.53333333333333,23.132033333333332,16.7,2361.1068110034084,1.8993189557321226,440,191,411,391,802,13.200570395021511,379,219,304,312,10.08,13.83,16.21,15.89,18.92,25.07,ZVEREV
Rogers_cup_2024_R32_Thompson_Zverev,62.9,10.149083333333333,16.14,927.6489173852148,1.7808785529715763,192,76,147,210,357,11.789485167742995,189,52,125,139,13.08,14.03,17.11,19.04,21.32,15.42,ZVEREV
Chengdu_2023_R16_Zverev_Kotov,132.83333333333334,15.67435,11.8,1151.6725704814596,1.7433476394849785,230,103,201,229,430,17.175303826394636,195,91,147,142,11.26,12.9,14.6,11.65,21.74,27.86,ZVEREV
Chengdu_2023_F_Zverev_Safiullin,142.81666666666666,24.7214,17.31,1929.7348608248096,1.7289637952559302,389,172,377,370,747,15.803980724282276,323,190,221,324,8.65,13.41,14.01,9.92,22.76,31.25,ZVEREV
Chengdu_2023_SF_Zverev_Dimitrov,108.38333333333334,7.97335,7.36,307.13087230829416,1.4986301369863015,71,36,60,63,123,8.672190849733337,45,33,45,55,4.53,16.21,19.87,20.32,24.24,14.82,ZVEREV
Chengdu_2023_QF_Zverev_Kecmanovic,168.38333333333333,25.444,15.11,779.6794753431294,1.3504784688995215,199,82,101,212,313,6.382050937244962,108,74,112,114,4.56,8.25,10.84,16.75,33.14,26.46,ZVEREV
Vienna_2024_R16_Zverev_Giron,72.56666666666666,12.60235,17.37,1283.7486259954446,1.8364356435643563,244,105,122,306,428,10.529961667674748,196,102,172,174,9.21,7.76,12.39,18.74,27.94,23.96,ZVEREV
Vienna_2024_R32_Zverev_Schwaerzler,67.5,12.678733333333334,18.78,1132.6013769302615,1.8219679633867278,208,93,120,276,396,20.12065250022745,187,78,142,160,10.64,10.25,12.72,10.83,18.89,36.67,ZVEREV
Vienna_2024_QF_Zverev_Musetti,156.51666666666668,35.37443333333333,22.6,3197.2348515677595,1.9541918755401901,569,200,423,622,1045,11.63409019129947,469,267,392,446,12.08,10.12,15.89,13.62,20.62,27.67,ZVEREV
Vienna_2023_R32_Zverev_Ofner,77.86666666666666,15.235466666666667,19.57,1418.4343419570291,1.8350442477876105,278,100,188,330,518,10.419817514172456,180,149,175,211,3.94,9.31,12.2,15.69,23.27,35.58,ZVEREV
Vienna_2023_R16_Zverev_Norrie,79.01666666666667,13.5887,17.2,1228.1179279781559,1.8080321285140561,247,107,211,189,400,9.563260805491216,178,111,174,169,6.17,12.91,14.58,17.12,25.94,23.28,ZVEREV
Vienna_2023_QF_Zverev_Rublev,149.93333333333334,26.049416666666666,17.37,2531.2527406013983,1.8047036688617122,533,190,412,549,961,10.976620000947255,319,274,313,399,4.46,10.52,15.01,14.52,20.92,34.57,ZVEREV
Acapulco_2024_R32_Zverev_Altmaier,145.93333333333334,28.86935,19.78,2401.063623976171,1.890805902383655,425,158,305,500,805,13.734275425481396,349,208,275,333,10.88,10.98,13.75,11.1,23.24,30.05,ZVEREV
Halle_2023_R16_Zverev_Shapovalov,74.36666666666666,13.23725,17.8,1039.885939088842,1.7604705882352942,211,102,203,180,383,10.540360672787742,185,97,131,163,8.99,14.16,18.01,9.58,17.98,31.28,ZVEREV
Halle_2023_QF_Zverev_Jarry,117.1,17.486449999999998,14.93,1618.8563338551073,1.7063235294117647,349,146,356,228,584,11.355592786074784,226,160,202,268,5.51,14.15,17.6,9.03,20.96,32.75,ZVEREV
Halle_2023_R32_Zverev_Thiem,78.36666666666666,11.72795,14.97,1127.9729347787775,1.7926991150442477,224,111,182,211,393,9.193439966878884,203,87,132,168,9.44,13.8,16.12,11.1,16.88,32.66,ZVEREV
Halle_2023_SF_Bublik_Zverev,87.0,13.973266666666666,16.06,1143.5926342784253,1.8193023255813952,209,108,219,154,373,13.421852968579634,184,83,133,142,16.44,15.95,18.79,9.9,17.07,21.85,ZVEREV
Turin_2024_RR_Zverev_Ruud,86.01666666666667,16.229300000000002,18.87,1497.5122757816196,1.8755671902268762,293,117,242,291,533,10.942767734290909,270,109,187,214,11.79,13.51,16.58,14.65,16.06,27.4,ZVEREV
Turin_2024_RR_Zverev_Rublev,72.0,13.776,19.13,1278.8467963012715,1.8703777335984095,255,99,208,240,448,10.499757584326863,188,139,144,189,6.35,11.77,16.69,13.76,22.47,28.95,ZVEREV
Turin_2024_RR_Zverev_Alcaraz,117.26666666666667,20.676583333333333,17.63,2129.8805120588386,1.9636919315403423,398,157,339,403,742,11.973388411879537,338,185,276,314,9.98,11.05,12.66,13.91,21.03,31.37,ZVEREV
Turin_2024_SF_Zverev_Fritz,141.81666666666666,25.966966666666668,18.31,2533.239198959236,1.8026974951830443,512,194,417,472,889,11.684265129646002,391,225,338,379,7.66,11.56,12.15,9.71,21.88,37.04,ZVEREV
Turin_2023_RR_Rublev_Zverev,100.95,19.480583333333335,19.3,1887.7261916664477,2.010970464135021,351,133,283,348,631,9.9158037239497,206,222,207,282,2.83,9.14,13.55,8.11,13.42,52.95,ZVEREV
Turin_2023_RR_Alcaraz_Zverev,150.9,24.465500000000002,16.21,2222.5637852827613,1.9819830713422006,412,189,384,331,715,11.295831275414702,291,229,276,341,8.37,11.5,16.6,12.38,17.62,33.53,ZVEREV
Turin_2023_RR_Medvedev_Zverev,105.33333333333333,21.133816666666668,20.06,2079.959088044684,2.024026845637584,375,134,332,335,667,10.034609328306791,272,179,228,315,10.57,8.18,13.07,12.08,19.32,36.77,ZVEREV
Madrid_2023_R16_Alcaraz_Zverev,81.93333333333334,8.178566666666667,9.98,599.0035177194547,1.9147321428571427,118,55,94,92,186,11.04324467148321,98,47,76,71,8.44,13.99,14.09,6.45,12.53,44.5,ZVEREV
Madrid_2023_R32_Grenier_Zverev,56.016666666666666,11.709249999999999,20.9,997.6347370540032,1.837037037037037,185,74,122,232,354,11.551291768846202,184,72,119,127,15.48,12.3,15.12,15.05,18.39,23.65,ZVEREV
Madrid_2023_R64_Carballes-Baena_Zverev,77.26666666666667,15.692383333333334,20.31,1466.886203648608,1.8631192660550457,274,78,179,298,477,10.737662366614549,241,115,188,192,8.23,7.86,11.29,10.79,14.11,47.73,ZVEREV
Cincinnati_2023_R16_Zverev_Medvedev,152.76666666666668,31.236150000000002,20.45,2955.769953170165,1.8097495527728085,569,193,540,438,978,17.885678178697816,448,246,350,419,13.55,12.68,15.35,18.64,22.36,17.41,ZVEREV
Cincinnati_2023_R64_Zverev_Dimitrov,71.78333333333333,13.595633333333334,18.94,1071.3802356717056,1.7336343115124153,212,102,204,175,379,7.726901107865283,162,114,150,132,5.67,13.28,14.55,13.17,16.32,37.0,ZVEREV
Cincinnati_2023_QF_Mannarino_Zverev,72.0,13.308266666666666,18.48,1201.82192972445,1.7398809523809524,238,102,185,214,399,11.066234415026246,181,114,174,155,6.73,11.81,14.52,21.07,35.56,10.3,ZVEREV
Cincinnati_2023_R32_Zverev_Nishioka,116.68333333333334,21.238016666666667,18.2,1963.3677625886487,1.7240694789081885,397,156,320,350,670,10.98878794783092,265,199,269,236,7.33,12.03,16.01,17.67,30.52,16.44,ZVEREV
Cincinnati_2023_SF_Zverev_Djokovic,124.58333333333333,22.531299999999998,18.09,2119.0305735805177,1.8693928128872366,405,160,343,379,722,10.192996857475976,303,199,261,323,8.67,10.9,12.4,11.54,25.77,30.71,ZVEREV
Madrid_2024_R16_Cerundolo_Zverev,89.3,20.549833333333332,23.01,1791.791290717964,1.7257062146892654,344,115,278,354,632,12.168645051407577,262,165,244,261,6.75,10.6,12.16,12.45,17.64,40.4,ZVEREV
Madrid_2024_R64_Coric_Zverev,86.48333333333333,17.551433333333332,20.29,1623.3522070908698,1.9354954954954955,265,108,135,338,473,13.534522884282818,218,162,205,206,7.91,7.66,11.58,9.5,13.79,49.56,ZVEREV
Madrid_2024_R32_Shapovalov_Zverev,104.35,17.92278333333333,17.18,1771.2744242582528,1.9728731942215088,294,146,198,343,541,11.70302890185338,244,165,216,225,7.97,11.53,13.31,7.32,9.25,50.62,ZVEREV
Cincinnati_2024_R16_Zverev_Carreno-Busta,123.03333333333333,22.693233333333335,18.44,1833.432511174131,1.7428954423592493,374,157,342,327,669,9.916963650514596,333,159,232,279,8.06,13.57,16.63,16.56,21.72,23.46,ZVEREV
Cincinnati_2024_R32_Zverev_Khachanov,81.46666666666667,12.039066666666667,14.78,1245.1528312817495,1.8297188755020082,248,107,205,234,439,10.821062828130982,228,106,158,171,11.6,12.12,14.28,8.42,19.68,33.9,ZVEREV
Cincinnati_2024_SF_Sinner_Zverev,210.43333333333334,29.88628333333333,14.2,2785.527875364206,1.768,577,242,528,510,1038,12.698978297646084,503,261,366,402,8.37,13.61,16.92,12.86,18.27,29.96,ZVEREV
Cincinnati_2024_QF_Zverev_Shelton,178.45,23.167466666666666,12.98,2141.1943869843185,1.7672371638141808,400,183,349,393,742,18.22113686763015,390,158,246,317,7.65,12.18,15.23,10.6,12.53,41.81,ZVEREV
Shanghai_2023_R64_Safiullin_Zverev,74.56666666666666,13.415533333333334,17.99,1245.465413183992,1.9903846153846154,228,101,239,201,440,10.870840623679069,183,116,151,199,8.06,15.84,15.58,10.13,13.46,36.92,ZVEREV
Doha_2023_R16_Zverev_Murray,182.2,34.769450759624945,19.08,3161.66454413242,1.8093260188087772,638,216,480,693,1173,14.775191496362364,525,237,427,424,11.85,11.08,15.91,20.13,23.67,17.36,ZVEREV
Shanghai_2024_R16_Goffin_Zverev,116.5,24.432033333333333,20.97,2306.274351049338,2.0172885572139303,401,148,300,434,734,14.690702673013211,325,186,273,338,9.03,12.57,15.35,16.51,20.84,25.7,ZVEREV
Shanghai_2024_R64_Bellucci_Zverev,95.85,22.320183333333333,23.29,1849.1675439685002,1.8339971550497867,338,117,206,426,632,18.975754673236263,269,141,262,241,9.27,7.99,11.08,16.04,27.98,27.65,ZVEREV
Shanghai_2024_R32_Griekspoor_Zverev,167.73333333333332,29.6955,17.7,2945.054416733062,2.0457971014492755,515,220,458,487,945,15.794228779943708,495,202,332,433,12.76,13.16,16.97,12.84,16.1,28.16,ZVEREV
Toronto_2023_R64_Zverev_Griekspoor,103.7,17.884466666666665,17.25,1793.7709306679476,1.8915929203539823,326,144,259,332,591,11.201663985687132,234,169,196,248,7.59,11.29,14.12,16.26,22.47,28.27,ZVEREV
Toronto_2023_R32_Zverev_Davidovich-Fokina,60.45,11.61205,19.21,880.5532057334647,1.7069518716577539,189,81,150,184,334,10.89916362888055,139,77,100,129,6.75,10.36,14.65,13.2,30.33,24.71,ZVEREV
Indian_Wells_2023_R32_Ruusuvuori_Zverev,160.71666666666667,30.575803435056635,19.02,2846.420565059011,1.7847079037800688,591,193,537,488,1025,12.283385737050278,373,306,391,413,3.16,9.25,14.79,10.79,18.15,43.86,ZVEREV
Indian_Wells_2023_R16_Medvedev_Zverev,196.8,45.57239725505546,23.16,3514.8282646987755,1.9323232323232324,642,251,485,707,1192,15.731674506325394,517,290,430,499,7.51,10.33,15.91,18.24,26.11,21.9,ZVEREV
Indian_Wells_2023_R64_Cachin_Zverev,223.48333333333332,11.495302457270812,5.14,668.8205298188692,1.4865853658536585,157,105,114,151,265,8.355049998087326,139,52,81,95,6.82,16.23,23.23,15.71,18.54,19.47,ZVEREV
Rotterdam_2023_R32_Kwon_Zverev,100.0,17.47100606245504,17.47,1678.0176236755542,1.7750728862973761,346,145,322,312,634,10.8801484251388,285,157,222,210,9.89,12.69,17.97,16.34,17.97,25.16,ZVEREV
Rotterdam_2023_R16_Griekspoor_Zverev,123.7,19.717108728884075,15.94,1810.5357545940255,1.8675832127351664,339,157,314,318,632,13.36669970366721,331,149,226,245,10.49,14.38,18.32,14.71,16.5,25.61,ZVEREV
Indian_Wells_2024_R16_Zverev_de-Minaur,166.96666666666667,33.50675,20.07,2926.632691891138,1.7760233918128656,605,192,670,327,997,11.709007561774015,419,308,377,383,8.4,9.49,20.29,15.88,21.31,24.64,ZVEREV
Indian_Wells_2024_QF_Zverev_Alcaraz,186.43333333333334,15.711783333333333,8.43,1634.3766673793566,1.865629860031104,333,102,340,235,575,12.526470892124845,227,166,199,229,10.08,9.29,18.8,17.05,21.25,23.54,ZVEREV
Indian_Wells_2024_R32_Zverev_Griekspoor,103.2,17.193116666666665,16.66,1662.4972062679074,1.738517441860465,338,141,349,266,615,12.000276123961024,250,186,192,279,7.51,8.9,20.36,13.81,20.44,28.97,ZVEREV
Indian_Wells_2024_R64_Zverev_O'Connell,116.4,20.199883333333332,17.35,1818.1133070541914,1.8944687045123727,338,135,271,332,603,13.541120300759834,280,163,212,255,8.86,9.96,22.48,13.03,16.51,29.15,ZVEREV
Dubai_2023_R32_Zverev_Lehecka,125.41666666666667,20.191701284669367,16.1,1848.469883271002,1.763157894736842,372,173,302,378,680,11.460378184248103,246,172,229,254,5.05,11.32,12.88,7.75,18.73,44.26,ZVEREV
Dubai_2023_R16_Zverev_O'Connell,78.75,13.136316644316025,16.68,1271.346156423118,1.8541751527494907,250,106,195,245,440,10.505503878472688,210,97,158,178,8.69,10.1,15.98,14.62,28.04,22.57,ZVEREV
Dubai_2023_QF_Zverev_Sonego,112.0,16.861530340056103,15.05,1615.4069484022136,1.8831460674157303,302,130,227,345,572,11.20471354324082,244,126,206,225,9.35,12.06,12.97,10.96,24.16,30.5,ZVEREV
Dubai_2023_SF_Zverev_Rublev,118.13333333333334,20.507436990654654,17.36,1930.9407539618412,1.825,396,153,349,355,704,13.25644628228487,282,203,248,253,6.85,12.62,15.47,15.94,25.51,23.6,ZVEREV
Hamburg_2024_R16_Zverev_Gaston,157.33333333333334,43.8006,27.84,3374.9030353994335,1.9203524229074889,572,197,560,432,992,18.29808146280836,548,199,389,408,21.36,14.11,19.38,15.97,11.93,17.25,ZVEREV
Hamburg_2024_F_Zverev_Fils,212.85,51.45726666666667,24.18,4050.100252359909,1.897721179624665,725,258,547,788,1335,21.956977657583163,531,334,520,578,6.63,8.18,11.79,9.23,14.6,49.56,ZVEREV
Hamburg_2024_R32_Zverev_de-Jong,76.98333333333333,14.842666666666666,19.28,1234.675279161597,1.711377245508982,248,102,194,251,445,11.566465528758709,226,80,170,176,11.6,15.04,16.6,13.52,17.71,25.53,ZVEREV
Hamburg_2024_SF_Zverev_Martinez,84.03333333333333,19.077683333333333,22.7,1437.3934502014638,1.944400785854617,252,107,142,327,469,34.12493081898662,232,85,182,171,10.71,9.35,13.09,12.42,14.99,39.43,ZVEREV
Hamburg_2024_QF_Zverev_Zhang,65.61666666666666,11.031433333333332,16.81,1049.7740434780972,1.9005141388174807,189,98,122,219,341,10.840078452810513,168,50,130,145,9.01,11.89,12.61,5.39,6.87,54.23,ZVEREV
Paris_2023_R16_Tsitsipas_Zverev,118.73333333333333,22.540016666666666,18.98,2283.81059630438,1.9937198067632849,411,148,402,319,721,11.12578863305908,322,208,272,327,9.61,13.22,16.57,12.83,14.56,33.2,ZVEREV
Paris_2023_R32_Humbert_Zverev,208.98333333333332,39.15273333333334,18.73,3760.9214973722565,1.9988200589970502,670,253,605,615,1220,11.731421156777277,468,352,504,542,6.07,12.58,12.47,9.0,16.71,43.17,ZVEREV
Paris_2023_R64_Fucsovics_Zverev,157.13333333333333,29.426133333333333,18.73,2689.950264940271,1.9142576204523107,493,182,350,545,895,10.789845073704006,389,289,353,383,6.91,10.93,14.22,14.29,18.97,34.69,ZVEREV
Paris_2024_F_Zverev_Humbert,74.65,13.0397,17.47,1252.2707603699223,1.900625,226,89,161,260,421,9.017834852252388,175,123,172,161,6.83,10.91,13.0,14.75,27.9,26.61,ZVEREV
Paris_2024_R16_Zverev_Fils,128.86666666666667,22.47641666666667,17.44,1985.9263614694576,1.8529411764705883,375,174,330,359,689,18.527977926273135,342,180,254,268,5.27,12.93,15.35,10.85,17.94,37.67,ZVEREV
Paris_2024_R32_Zverev_Griekspoor,91.96666666666667,14.519283333333334,15.79,1353.6243324457566,1.8413533834586466,265,130,263,226,489,11.467173497571777,252,114,149,197,9.92,14.55,19.08,14.88,17.29,24.28,ZVEREV
Paris_2024_SF_Rune_Zverev,105.28333333333333,22.472766666666665,21.35,1822.2826822578854,1.8512534818941504,351,142,314,321,635,11.88421529716203,309,158,237,264,10.05,12.4,14.75,14.47,22.05,26.28,ZVEREV
Paris_2024_QF_Zverev_Tsitsipas,100.9,16.6651,16.52,1583.25085215828,1.8850162866449514,295,131,255,255,510,12.247356796027656,275,131,199,211,7.99,12.67,13.65,9.21,18.98,37.51,ZVEREV
Monte_Carlo_2024_R32_Zverev_Ofner,77.03333333333333,15.418716666666667,20.02,1592.4330281801554,1.9049152542372882,281,105,192,317,509,15.761157272514264,172,135,208,220,4.19,8.0,15.71,13.15,21.28,37.69,ZVEREV
Monte_Carlo_2024_R16_Zverev_Tsitsipas,126.55,26.00275,20.55,2331.2073618809227,1.9297076023391815,420,162,342,356,698,13.41817126294017,265,201,266,310,6.5,10.8,14.6,11.65,16.86,39.58,ZVEREV
Beijing_2023_R32_Zverev_Schwartzman,146.23333333333332,30.723116666666666,21.01,2708.294998533867,1.7428318584070797,564,172,450,566,1016,10.912897430186876,384,245,384,422,10.77,11.55,14.96,23.68,31.57,7.48,ZVEREV
Beijing_2023_R16_Zverev_Davidovich-Fokina,154.16666666666666,34.37695,22.3,2940.4233969490397,1.8225232853513973,571,193,475,609,1084,20.65551359722483,363,254,405,463,5.7,10.28,13.42,16.8,36.19,17.61,ZVEREV
Beijing_2023_QF_Zverev_Jarry,138.05,18.829833333333333,13.64,1689.5142586235206,1.6656992084432716,374,173,359,325,684,10.752314195511111,231,191,247,250,5.84,15.14,14.02,13.17,31.09,20.74,ZVEREV
Beijing_2023_SF_Zverev_Medvedev,85.21666666666667,19.23186666666667,22.57,1498.4284667992958,1.7966442953020134,284,89,251,287,538,12.33447576411162,171,122,220,235,6.47,8.4,12.74,20.02,35.8,16.57,ZVEREV
Monte_Carlo_2023_R64_Bublik_Zverev,120.33333333333333,28.5703,23.74,2018.0967833860245,1.9453216374269005,324,155,310,308,618,25.8995123031851,312,138,246,243,15.86,14.02,17.68,10.51,9.99,31.94,ZVEREV
Monte_Carlo_2023_R16_Medvedev_Zverev,184.43333333333334,50.0304,27.13,4080.3063614286352,1.855197853789403,749,218,816,565,1381,18.62250900533204,585,347,560,587,10.07,11.06,14.83,17.07,21.13,25.84,ZVEREV
Monte_Carlo_2023_R32_Bautista-Agut_Zverev,106.9,26.98895,25.25,2011.869058429441,1.6929008567931456,409,131,269,450,719,13.009077785456864,290,133,288,270,8.64,7.73,12.59,12.75,23.77,34.51,ZVEREV
Rome_2025_R16_Fils_Zverev,105.06666666666666,26.655533333333334,25.37,1669.874938465122,1.6275097783572359,368,139,312,347,659,12.555546730127997,277,166,243,273,4.64,9.05,12.62,12.07,18.3,43.33,ZVEREV
Rome_2025_R64_Ugo-Carabelli_Zverev,66.3,15.534316666666665,23.43,1295.4610791741147,1.616696269982238,289,89,252,231,483,14.264315315610268,286,91,188,191,16.71,9.67,17.17,13.38,12.99,30.07,ZVEREV
Rome_2025_QF_Musetti_Zverev,135.53333333333333,36.623016666666665,27.02,2540.5113731808456,1.6994146341463416,508,147,441,484,925,14.950095471390975,430,218,336,387,11.65,9.45,14.55,14.02,17.98,32.36,ZVEREV
Rome_2025_R32_Gaubas_Zverev,85.45,19.894483333333334,23.28,1416.4833870190214,1.4922734026745914,329,111,218,359,577,12.07872748601832,254,134,230,214,5.48,7.86,13.62,14.85,20.98,37.22,ZVEREV
Rio_de_Janeiro_2025_R16_Zverev_Shevchenko,148.48333333333332,28.356916666666667,19.1,2076.5755653843153,1.555353319057816,444,190,355,475,830,11.857255784090404,364,170,314,293,8.46,9.47,13.97,8.32,12.72,47.06,ZVEREV
Rio_de_Janeiro_2025_R32_Zverev_Bu,124.13333333333334,22.481583333333333,18.11,1588.0991366731414,1.3688757396449704,427,148,306,432,738,7.94831512849556,280,149,288,248,3.87,10.11,14.66,10.05,17.91,43.39,ZVEREV
Rio_de_Janeiro_2025_QF_Zverev_Comesana,150.98333333333332,26.256733333333333,17.39,1990.1927794961596,1.5489409141583055,438,169,341,451,792,12.854306201591491,367,157,286,295,9.14,11.43,16.74,11.06,7.47,44.16,ZVEREV
Miami_2025_R16_Zverev_Fils,119.93333333333334,26.120066666666666,21.78,1683.5470162875101,1.5265807962529274,424,155,384,359,743,9.819297561228735,305,208,250,283,4.25,11.84,15.22,11.63,21.18,35.88,ZVEREV
Miami_2025_R32_Zverev_Thompson,87.21666666666667,17.127566666666667,19.64,1142.395251584449,1.597962962962963,265,115,193,290,483,12.470761839713356,256,98,153,167,7.99,14.47,16.57,14.96,17.69,28.33,ZVEREV
Miami_2025_R64_Zverev_Fearnley,74.3,15.260699999999998,20.54,1086.768400412466,1.4989031078610602,266,108,198,242,440,10.967252977584142,216,110,182,172,4.8,12.63,13.42,13.1,22.51,33.54,ZVEREV
Stuttgart_2025_R16_Zverev_Moutet,110.6,13.085488216666667,11.83,1399.0758398768617,1.7107828655834565,336,147,323,297,620,11.54425307495574,309,151,205,253,10.18,14.53,16.05,15.45,24.01,19.78,ZVEREV
Stuttgart_2025_F_Zverev_Fritz,163.25,11.017984799999999,6.75,1088.1319591818706,1.5828264758497317,287,122,253,238,491,8.517530558584115,235,123,162,208,5.05,13.15,13.28,9.06,20.11,39.34,ZVEREV
Stuttgart_2025_SF_Zverev_Shelton,121.1,11.24094425,9.28,1138.9850845586254,1.5672413793103448,272,172,223,308,531,13.580401840466806,262,106,169,202,3.97,14.47,18.32,8.14,12.48,42.63,ZVEREV
Stuttgart_2025_QF_Zverev_Nakashima,90.56666666666666,10.780173966666666,11.9,1138.1826406396149,1.6122994652406417,284,130,252,245,497,8.033499945036237,245,110,163,214,7.66,15.09,19.43,11.92,18.09,27.81,ZVEREV
Halle_2025_R16_Sonego_Zverev,143.5,17.466015000000002,12.17,2020.1721279582928,1.8333718244803696,421,186,336,379,715,9.314945385336689,420,161,284,326,8.4,12.28,15.45,16.72,24.35,22.8,ZVEREV
Halle_2025_QF_Cobolli_Zverev,101.25,14.425399216666667,14.25,1514.2640463208072,1.6562064156206415,356,139,321,298,619,10.476651204400484,301,152,221,259,7.13,10.83,15.46,17.98,24.98,23.6,ZVEREV
Halle_2025_R32_Giron_Zverev,78.86666666666666,10.073599416666667,12.77,1056.73700695561,1.6234251968503939,239,109,139,270,409,9.756016721904556,200,123,159,187,6.08,9.8,14.22,19.19,24.56,26.15,ZVEREV
Halle_2025_SF_Medvedev_Zverev,179.53333333333333,27.3212246,15.22,2792.1959634444997,1.6501152959262106,638,230,597,576,1173,9.731389417011274,502,317,427,470,6.5,10.39,13.0,10.65,23.3,36.16,ZVEREV
Acapulco_2025_R16_Zverev_Tien,88.01666666666667,20.769266666666667,23.6,1537.0461132303105,1.5712034383954154,352,117,293,326,619,10.518245416803154,290,179,232,238,8.97,10.4,13.27,15.57,25.8,25.99,ZVEREV
Acapulco_2025_R32_Zverev_Arnaldi,163.15,27.769816666666667,17.02,2059.9804745027604,1.6240043057050593,469,184,431,358,789,13.381334016031076,421,188,299,277,11.78,15.5,17.4,12.99,15.85,26.48,ZVEREV
Buenos_Aires_2025_R16_Zverev_Lajovic,97.1,20.838466666666665,21.46,1636.2383082334259,1.560483870967742,368,144,312,346,658,10.339137383703164,291,132,263,256,6.31,10.43,14.05,12.8,12.93,43.48,ZVEREV
Buenos_Aires_2025_QF_Zverev_Cerundolo,157.63333333333333,26.42256666666667,16.76,1833.1512769611818,1.4660249150622877,439,169,319,437,756,11.531841097574093,354,173,282,301,5.91,9.86,15.02,9.58,13.74,45.9,ZVEREV
Munich_2025_R16_Zverev_Altmaier,79.51666666666667,11.112422783333333,13.97,968.1900868427344,1.7726651480637814,191,90,158,225,383,12.518350014077258,134,96,158,139,8.97,5.47,6.26,8.77,9.93,60.59,ZVEREV
Munich_2025_F_Zverev_Shelton,70.8,9.742727816666667,13.76,1026.7975215237298,1.7105831533477323,223,98,222,195,417,12.771090793874446,183,98,142,158,9.29,9.74,14.41,6.33,8.01,52.22,ZVEREV
Munich_2025_R32_Zverev_Muller,80.5,12.859026883333334,15.97,1381.3242580806902,1.716211878009631,309,113,179,394,573,12.638244087225257,291,103,200,225,7.7,5.96,14.18,9.21,16.57,46.38,ZVEREV
Munich_2025_SF_Zverev_Marozsan,91.6,11.698174383333333,12.77,1303.2225250768713,1.7186241610738253,293,131,247,250,497,15.896226024260669,244,121,183,207,5.66,9.41,18.15,5.51,10.69,50.57,ZVEREV
Munich_2025_QF_Zverev_Griekspoor,193.93333333333334,27.3029917,14.08,2998.3097449305383,1.783720930232558,635,237,645,526,1171,12.748512757701578,537,290,382,487,9.59,8.65,17.22,10.89,11.47,42.16,ZVEREV
Madrid_2025_R16_Zverev_Cerundolo,89.43333333333334,20.212516666666666,22.6,1501.0046932026112,1.5119444444444443,343,117,252,383,635,8.668362330400589,266,161,252,247,6.04,6.15,11.52,10.19,17.94,48.15,ZVEREV
Madrid_2025_R32_Zverev_Davidovich-Fokina,164.41666666666666,28.807416666666665,17.52,2303.905538833361,1.6150853889943073,524,198,400,508,908,12.35883483931651,392,201,363,361,4.46,8.2,13.12,6.48,10.73,57.02,ZVEREV
Madrid_2025_R64_Zverev_Bautista-Agut,70.26666666666667,15.810533333333332,22.5,1006.4926628421134,1.4011650485436893,261,93,160,234,394,10.29878839515072,196,81,158,155,3.83,7.83,12.61,11.03,19.93,44.77,ZVEREV
Indian_Wells_2025_R64_Zverev_Griekspoor,187.41666666666666,39.16395,20.9,2797.3472193639564,1.6905814905814904,598,238,549,554,1103,14.594984755623658,543,258,392,441,9.53,11.26,14.64,12.47,16.42,35.69,ZVEREV
Hamburg_2025_R16_Zverev_Muller,160.9,26.490399833333335,16.46,2568.4779206250623,1.5824659727782227,626,194,588,532,1120,12.023432112001997,472,275,425,429,4.83,9.37,16.61,13.89,21.4,33.9,ZVEREV
Hamburg_2025_R32_Zverev_Kovacevic,94.13333333333334,13.0436081,13.86,1426.2408435330005,1.748531684698609,302,123,203,344,547,12.374759659708944,256,90,210,228,7.17,9.03,13.33,7.15,12.09,51.23,ZVEREV
Monte_Carlo_2025_R32_Zverev_Berrettini,148.03333333333333,28.01921666666667,18.93,2228.2415234122054,1.622649140546006,492,172,477,371,848,13.949683553514664,408,177,329,346,8.89,11.83,15.82,12.2,10.26,41.0,ZVEREV
Wimbledon_2025_1st_Haddad-Maia_Sramkova,122.78333333333333,20.689733333333333,16.85,1896.3884797321725,1.9096815286624202,382,167,249,387,636,10.482234005929678,288,165,240,265,7.6,19.82,35.69,28.13,7.76,1.0,HADDAD MAIA
Wimbledon_2025_1st_Gaston_Mensik,124.68333333333334,20.810183333333335,16.69,2107.3933179233663,2.035030303030303,414,192,299,409,708,12.483113072294826,413,168,271,306,17.29,17.83,30.86,25.04,7.55,1.42,MENSIK
Wimbledon_2025_1st_Kvitova_Navarro,60.666666666666664,9.990333333333332,16.47,815.2672161389053,1.7941988950276244,161,93,148,160,308,9.912755366251012,53,112,131,105,5.72,8.81,23.57,28.09,17.71,16.11,NAVARRO
Wimbledon_2025_1st_Swiatek_Kudermetova,69.15,10.975133333333334,15.87,906.9498678526793,1.7489260143198089,207,101,185,180,365,11.307369552566318,157,97,104,131,7.75,13.58,26.99,26.13,22.45,3.11,SWIATEK
Wimbledon_2025_1st_Sinner_Nardi,108.11666666666666,14.951166666666667,13.83,1512.901976267352,1.97328125,299,149,213,317,530,11.873997862982964,294,107,195,192,10.22,12.81,19.86,21.32,19.66,16.13,SINNER
Wimbledon_2025_R64_Haddad-Maia_Galfi,102.76666666666667,17.9827,17.5,1761.164579497778,1.9806966618287374,338,145,214,310,524,15.050103093729142,262,156,237,219,14.82,22.49,33.9,23.71,4.21,0.88,HADDAD MAIA
Wimbledon_2025_R64_Sinner_Vukic,99.7,19.137999999999998,19.2,1718.8553795503583,2.025925925925926,341,145,333,293,626,11.070048740794912,324,127,208,218,11.28,13.38,22.34,22.87,16.52,13.61,SINNER
Wimbledon_2025_R32_Sinner_Martinez,114.95,20.316583333333334,17.67,2074.2161408724623,2.0561298076923076,427,153,331,434,765,10.601591662168886,392,155,288,256,14.06,13.73,27.91,26.35,13.21,4.74,SINNER
Wimbledon_2025_R32_Cobolli_Mensik,228.61666666666667,18.248583333333332,7.98,1570.3561035802682,1.9941262848751835,348,172,320,285,605,7.964034629841147,332,143,210,247,14.63,16.9,27.37,18.61,18.66,3.83,MENSIK
Wimbledon_2025_R64_Giron_Mensik,171.11666666666667,31.354983333333333,18.32,3139.9238304766645,2.050363783346807,633,256,481,620,1101,11.840298329259904,504,243,385,453,13.72,12.28,24.4,25.06,20.47,4.07,MENSIK
Wimbledon_2025_R32_Krejcikova_Navarro,156.26666666666668,26.734583333333333,17.11,2416.998861579518,1.746966731898239,505,182,574,278,852,13.192505385730106,165,345,374,339,3.5,7.73,21.36,27.57,23.2,16.63,NAVARRO
Wimbledon_2025_R16_Andreeva_Navarro,75.58333333333333,19.599033333333335,25.93,1851.8716293024045,1.8171983356449377,361,108,329,266,595,10.142461413273171,146,188,244,240,6.9,7.65,20.3,26.39,25.19,13.58,NAVARRO
Wimbledon_2025_R64_Kudermetova_Navarro,74.3,14.44045,19.44,1377.7157175300804,1.7202283849918434,301,106,268,227,495,12.338924187260744,109,181,203,181,2.07,6.21,21.69,22.75,30.77,16.51,NAVARRO
Wimbledon_2025_R16_Swiatek_Tauson,65.4,10.358416666666667,15.84,919.148307856813,1.8962765957446808,184,82,123,220,343,9.32201028154924,161,82,105,138,8.31,12.8,28.36,29.66,15.37,5.51,SWIATEK
Wimbledon_2025_R32_Swiatek_Collins,75.36666666666666,10.866933333333332,14.42,1005.311774111735,1.7703125,220,103,182,166,348,8.77155041585835,150,93,123,163,5.01,10.19,23.16,26.83,27.4,7.4,SWIATEK
Wimbledon_2025_R64_Swiatek_Mcnally,144.68333333333334,23.932166666666667,16.54,2098.9690317810123,1.727253446447508,489,185,433,382,815,13.364271385604711,347,206,254,312,8.0,14.91,25.84,32.88,14.91,3.46,SWIATEK
Wimbledon_2025_R16_Sinner_Dimitrov,120.55,18.99745,15.76,1617.818142359558,2.0388973966309343,309,144,257,357,614,9.032306434566804,270,126,228,199,7.36,10.56,22.27,21.57,21.16,17.09,SINNER
Wimbledon_2025_R16_Andreeva_Navarro,75.58333333333333,19.599033333333335,25.93,1779.688360234035,1.8005547850208046,360,108,266,329,595,29.62351962680009,243,190,228,255,6.58,5.89,16.14,26.11,35.48,9.8,ANDREEVA
Wimbledon_2025_QF_Sinner_Shelton,138.5,25.7322,18.58,2301.0401240923807,2.012962962962963,447,187,396,436,832,17.69197584656316,401,217,293,303,10.84,11.32,24.94,20.84,15.93,16.13,SINNER
Wimbledon_2025_QF_Sinner_Shelton,138.5,25.7322,18.58,2335.919530277334,2.06437908496732,471,187,436,396,832,11.3133261374828,399,220,351,281,8.1,9.14,21.37,15.72,25.35,20.32,SHELTON
Wimbledon_2025_QF_Swiatek_Samsonova,108.7,17.315800000000003,15.93,1568.0865860505978,1.8190684133915576,343,134,322,270,592,15.790664654291673,242,173,194,240,2.47,9.89,24.12,26.62,27.42,9.48,SWIATEK
Wimbledon_2025_SF_Bencic_Swiatek,70.96666666666667,10.808266666666666,15.23,882.9566207142601,1.8210526315789475,191,87,164,178,342,13.15230657141048,126,86,97,136,5.86,10.23,28.38,28.24,19.67,7.62,SWIATEK
Wimbledon_2025_SF_Sinner_Djokovic,114.58333333333333,16.764216666666666,14.63,1748.5216373436128,2.072766570605187,335,165,256,375,631,13.484363417464444,315,133,196,223,10.85,9.68,20.41,21.94,19.81,17.3,SINNER
Wimbledon_2025_F_Sinner_Alcaraz,183.03333333333333,26.335283333333333,14.39,2712.35509247296,2.0762849413886384,544,237,530,474,1004,11.543802912168132,517,258,322,362,12.4,14.45,25.45,19.69,17.54,10.47,SINNER
Gstaad_2025_R16_Cazaux_Etcheverry,150.06666666666666,17.91315825,11.94,2050.5988027088697,1.765429234338747,409,183,303,451,754,11.659996566835996,344,188,301,306,5.94,11.66,10.51,10.67,17.12,44.08,ETCHEVERRY
Kitzbuhel_2025_R32_Misolic_Etcheverry,162.65,21.972488183333333,13.51,2444.6050706304154,1.83330078125,504,201,465,379,844,14.623776976139805,374,210,367,349,6.2,13.56,13.42,11.62,12.1,43.1,ETCHEVERRY
Washington_2025_R32_Cobolli_Nishioka,89.1,17.565033333333336,19.71,1231.533269300462,1.4797406807131281,309,130,209,247,456,10.792968293582994,223,103,189,170,9.26,12.35,15.9,11.66,23.49,27.34,COBOLLI
Washington_2025_R64_Evans_Bergs,148.86666666666667,18.748116666666665,12.59,1593.4940686674702,1.6451831750339212,386,182,332,284,616,10.855957304002851,392,136,201,292,10.19,21.72,25.54,23.21,11.94,7.39,BERGS
Washington_2025_R64_Svajda_Kecmanovic,88.2,15.886183333333333,18.01,1159.9557750174865,1.3809825673534073,310,150,238,263,501,10.288268272086562,258,131,173,196,7.16,21.38,34.59,28.57,7.35,0.95,KECMANOVIC
Washington_2025_R32_Nakashima_Quinn,80.53333333333333,15.1275,18.78,1052.42861769194,1.5894628099173553,242,113,224,211,435,9.68077764853808,240,94,154,149,8.7,17.15,20.13,19.64,20.95,13.43,QUINN
Washington_2025_R64_Quinn_O'Connell,71.48333333333333,10.333016666666667,14.46,814.9297649370783,1.685372340425532,191,103,176,159,335,7.974760194572527,197,72,109,127,13.4,19.44,21.7,17.06,18.26,10.15,QUINN
Washington_2025_R32_Nakashima_Quinn,80.53333333333333,15.1275,18.78,976.0823982956905,1.481198347107438,242,113,211,224,435,10.969478980156898,194,123,150,128,4.2,13.91,21.43,18.38,25.34,16.75,NAKASHIMA
Kitzbuhel_2025_R16_Bautista-agut_Seyboth-wild,117.55,18.319690333333334,15.58,1973.7410418082366,1.7241420118343196,413,154,256,406,662,11.929742972599527,319,201,310,251,3.02,8.36,13.44,12.35,21.39,41.45,SEYBOTH WILD
Kitzbuhel_2025_R32_Seyboth-wild_Engel,96.58333333333333,13.493024100000001,13.97,1453.3132413448905,1.7258258258258259,316,131,213,339,552,10.132210782844838,234,164,229,181,3.02,9.05,15.76,14.1,20.6,37.46,SEYBOTH WILD
Bastad_2025_Q_Seyboth-wild_Budkov-kjaer,91.48333333333333,13.967527383333334,15.27,1402.653600278576,1.591654465592972,350,121,301,235,536,13.47563887674577,233,163,233,188,4.78,11.59,22.55,19.97,22.99,18.12,SEYBOTH WILD
Washington_2025_R64_Quinn_O'Connell,71.48333333333333,10.333016666666667,14.46,695.0151800221048,1.4452127659574467,185,103,159,176,335,7.201309229554556,152,78,120,112,3.83,19.0,27.8,13.29,22.74,13.34,O'CONNELL
Washington_2025_R64_Arnaldi_Altmaier,161.31666666666666,29.572233333333333,18.33,2327.90381706641,1.812759336099585,490,208,523,288,811,12.964036901956211,448,261,336,339,12.56,15.67,21.52,18.63,16.45,15.18,ALTMAIER
Gstaad_2025_R32_Buse_Djere,142.06666666666666,19.375533633333337,13.64,2125.497561623249,1.7424657534246575,474,176,500,378,878,11.36852623389052,334,237,321,383,3.25,14.4,17.4,8.83,13.13,42.99,BUSE
Gstaad_2025_Q_Buse_Zahraj,117.21666666666667,13.8347575,11.8,1557.4039245440895,1.689645390070922,337,158,276,332,608,13.461570721685776,297,150,235,262,5.37,12.59,14.78,7.06,10.32,49.88,BUSE
Gstaad_2025_R16_Majchrzak_Buse,110.75,16.506013983333336,14.9,1759.3695105132458,1.6526004728132386,416,163,351,335,686,9.54245304021998,309,167,299,304,4.18,14.87,15.89,8.79,13.44,42.83,BUSE
Gstaad_2025_SF_Cerundolo_Buse,81.86666666666666,14.15233425,17.29,1552.0711701211792,1.8831715210355986,317,108,295,248,543,9.262067964130136,265,122,207,227,9.92,11.77,16.27,11.88,9.6,40.56,BUSE
Kitzbuhel_2025_R32_Cazaux_Buse,134.63333333333333,17.121822366666667,12.72,1904.8727715747114,1.7049763033175356,405,174,367,349,716,12.184969358270326,366,174,251,315,6.02,13.1,16.06,9.3,11.46,44.06,BUSE
Kitzbuhel_2025_R16_Hanfmann_Baez,161.71666666666667,21.56036165,13.33,2314.000636367253,1.6995408631772269,547,222,463,437,900,13.78503415654716,339,247,345,385,3.82,12.17,18.91,9.78,14.41,40.92,BAEZ
Bastad_2025_R16_Baez_Budkov-kjaer,124.2,22.815789916666667,18.37,2275.6311792899246,1.6067211625794733,543,182,356,526,882,9.82715773137355,368,195,378,379,3.94,10.72,15.11,12.84,19.49,37.9,BAEZ
Bastad_2025_QF_Baez_Darderi,64.71666666666667,10.619959916666666,16.41,1058.7081034974174,1.6052,253,89,261,169,430,12.031804918065852,160,105,169,150,7.44,15.1,16.82,16.03,16.6,28.01,BAEZ
Gstaad_2025_R16_Comesana_Carballes-baena,73.26666666666667,9.260488316666665,12.64,1070.9494918935975,1.8390519187358918,222,97,153,226,379,9.541500800206157,206,57,156,151,11.35,12.54,12.39,5.32,6.83,51.56,COMESANA
Gstaad_2025_QF_Comesana_Bublik,71.41666666666667,7.962953766666667,11.15,901.889773332922,1.6912832929782082,196,115,177,202,379,11.602991288704978,186,78,117,135,10.72,15.59,14.59,12.75,17.41,28.94,COMESANA
Gstaad_2025_R32_Comesana_Trungelliti,76.5,9.949670283333335,13.01,1124.6413899964184,1.7464503042596349,241,110,157,269,426,12.319882160636189,180,96,180,156,4.88,11.73,12.22,7.26,11.62,52.29,COMESANA
Kitzbuhel_2025_R32_Comesana_Boyer,388.25,12.95768215,3.34,1476.6014465363203,1.7573954983922828,312,128,304,248,552,11.369688724494788,240,137,214,197,10.48,14.91,13.55,8.19,10.2,42.67,COMESANA
Kitzbuhel_2025_R16_Comesana_Cazaux,105.56666666666666,10.23907245,9.7,1065.9146706707818,1.5009328358208955,271,142,243,226,469,10.899936111934782,233,111,144,176,6.43,17.71,20.84,11.9,20.13,22.99,COMESANA
Washington_2025_R16_Nakashima_Norrie,107.08333333333333,19.483133333333335,18.19,1447.7102815014841,1.5560518731988473,344,134,232,379,611,11.395196743831017,261,174,227,207,4.04,12.71,20.5,22.58,27.59,12.58,NAKASHIMA
Kitzbuhel_2025_QF_Seyboth-wild_Van-de-zandschulp,110.03333333333333,15.417576216666667,14.01,1488.668499289088,1.5770053475935828,382,143,301,307,608,11.383176669346668,217,164,252,213,4.24,12.19,20.74,13.5,17.73,31.61,SEYBOTH WILD
Washington_2025_R16_Cobolli_Tiafoe,72.55,12.135483333333333,16.73,854.8990625216203,1.4213675213675214,230,115,119,261,380,10.017649905205577,149,97,139,138,3.0,15.55,19.12,15.09,25.92,21.32,COBOLLI
Washington_2025_R16_Raducanu_Osaka,80.55,13.527966666666666,16.79,1183.4708471106537,1.765995975855131,260,109,198,217,415,11.66515908251787,183,80,139,153,4.08,11.33,30.27,35.89,16.0,2.44,OSAKA
Washington_2025_R32_Osaka_Putintseva,91.83333333333333,17.867466666666665,19.46,1519.0652857192567,1.79609375,327,130,259,306,565,18.236174272710937,195,130,198,225,3.9,12.26,21.94,45.41,15.54,0.94,OSAKA
Washington_2025_R16_Sakkari_Navarro,118.63333333333334,23.094366666666666,19.47,877.7946116751907,1.8242666666666667,177,73,129,179,308,7.340221918437291,48,120,140,116,2.84,8.96,21.54,25.27,24.1,17.29,NAVARRO
Wimbledon_2025_R32_Nakashima_Sonego,304.1,45.55225,14.98,4637.337458031842,1.970151679306609,929,386,794,624,1418,11.503568631218243,667,409,608,605,9.82,12.47,27.11,24.28,20.98,5.34,NAKASHIMA
Washington_2025_QF_de-Minaur_Nakashima,158.61666666666667,21.304066666666664,13.43,1391.7318748500231,1.5666666666666667,340,122,298,307,605,7.670025643308062,275,165,211,215,5.02,14.79,21.74,26.49,25.72,6.23,NAKASHIMA
Rogers_cup_2025_1st_Herbert_Etcheverry,138.38333333333333,20.746883333333336,14.99,1467.551546036822,1.6028248587570622,333,179,350,259,609,12.504725492742589,255,194,211,211,5.9,21.51,19.26,21.34,22.82,9.18,ETCHEVERRY
Rogers_cup_2025_1st_Nava_Bergs,85.81666666666666,14.513416666666666,16.91,895.6733992323258,1.5015555555555558,238,128,245,148,393,7.130956009107785,242,88,125,156,6.84,21.61,22.57,19.54,16.96,12.48,BERGS
Rogers_cup_2025_1st_Kecmanovic_Halys,137.3,29.213833333333334,21.28,1767.1049956827223,1.459070796460177,462,212,476,314,790,11.024963098931938,398,215,221,307,8.3,20.94,29.56,19.67,15.21,6.32,KECMANOVIC
Rogers_cup_2025_Q_Blockx_Ajdukovic,1084.0,18.428116666666664,1.7,1434.552348394409,1.6405159332321697,314,130,269,232,501,12.433582328979956,215,193,201,222,3.91,14.86,23.91,22.12,24.24,10.96,BLOCKX
Los-Cabos_2025_R16_Altmaier_Schoolkate,77.3,15.430266666666666,19.96,1131.516996815177,1.6744635193133046,224,109,164,261,425,12.771998195353392,219,85,151,168,11.25,14.35,14.89,6.59,7.61,45.31,ALTMAIER
Rogers_cup_2025_1st_Watanuki_Altmaier,103.68333333333334,19.537266666666667,18.84,1074.3017017031418,1.5644736842105262,271,141,290,196,486,9.518764673046912,272,138,140,180,6.51,21.96,29.16,19.61,10.75,12.01,ALTMAIER
Rogers_cup_2025_1st_Comesana_Dzumhur,86.63333333333334,17.30445,19.97,1352.5822914374307,1.6034426229508196,309,117,240,301,541,12.023404794718402,262,141,191,201,10.89,12.51,14.07,18.92,26.47,17.14,COMESANA
Rogers_cup_2025_1st_O'Connell_Tseng,75.16666666666667,13.917483333333333,18.52,1041.2908504228908,1.574,248,113,154,271,425,13.78543844411754,184,126,154,173,3.55,12.36,24.39,21.78,28.51,9.4,O'CONNELL
Rogers_cup_2025_1st_Blockx_Svrcina,78.33333333333333,16.799,21.45,1391.2476569588925,1.627491961414791,310,110,262,280,542,12.947246910476212,219,141,217,208,8.38,11.1,17.7,25.09,27.35,10.38,BLOCKX
Rogers_cup_2025_1st_Quinn_Nishioka,101.36666666666666,17.10335,16.87,1230.271051901812,1.565546218487395,287,141,203,247,450,12.707333415137125,268,121,195,177,8.98,17.11,20.82,22.45,21.05,9.59,QUINN
Rogers_cup_2025_1st_Bellucci_Gaston,113.86666666666666,21.096366666666665,18.53,1545.415242056354,1.6380261248185775,345,147,304,302,606,11.793451986011526,348,160,265,204,11.17,18.67,24.62,22.87,18.4,4.26,BELLUCCI
Washington_2024_R64_Bellucci_McDonald,123.56666666666666,20.76975,16.81,1971.3222299797062,1.848109517601043,376,165,314,328,642,11.199573606901414,311,177,280,255,10.17,14.67,22.4,23.11,21.79,7.87,BELLUCCI
Washington_2024_R32_Michelsen_Bellucci,97.23333333333333,20.230849999999997,20.81,1895.9435637415945,1.9404558404558405,360,140,282,346,628,10.649990678745413,244,166,283,239,6.69,11.45,16.57,17.98,29.52,17.79,BELLUCCI
Washington_2024_Q_Riedi_Bellucci,166.31666666666666,26.968433333333333,16.22,2372.265823840412,1.797857142857143,482,234,422,401,823,13.198583885144096,417,228,328,290,6.11,15.84,23.68,18.63,23.41,12.34,BELLUCCI
Washington_2024_Q_Boyer_Bellucci,105.83333333333333,15.487733333333333,14.63,1563.7243251162167,1.7523219814241486,313,140,301,271,572,8.242137871713302,266,168,193,222,4.97,17.23,22.07,20.27,21.35,14.11,BELLUCCI
Tokyo_2024_R32_Draper_Bellucci,70.28333333333333,12.386833333333334,17.62,1177.5890733431904,1.7673728813559324,239,99,238,171,409,13.820195279027285,193,105,169,148,6.81,15.84,24.36,25.21,16.99,10.8,BELLUCCI
Tokyo_2024_Q_Bellucci_Hijikata,71.03333333333333,14.19315,19.98,1392.3084840100976,1.8651685393258426,265,92,227,225,452,10.8418492048421,199,125,193,181,8.39,10.99,18.63,25.15,25.42,11.42,BELLUCCI
Tokyo_2024_Q_Muller_Bellucci,141.01666666666668,26.5381,18.82,2715.3161505442113,1.937523992322457,525,201,335,568,903,12.76142252717551,390,236,383,386,5.9,13.17,22.28,26.82,22.73,9.1,BELLUCCI
Shanghai_2024_1st_Bellucci_Harris,78.33333333333333,16.303283333333333,20.81,1553.6016771298594,1.9792682926829266,285,108,212,279,491,11.340790532647995,216,156,218,215,5.9,13.06,16.68,15.2,25.86,23.3,BELLUCCI
Shanghai_2024_Q_Bellucci_Shimizu,109.6,25.561466666666664,23.32,2318.769015694685,1.8331797235023042,429,162,336,417,753,18.439362840599408,340,176,357,280,8.92,12.85,18.13,24.96,25.14,9.98,BELLUCCI
Shanghai_2024_Q_Bellucci_Karatsev,92.28333333333333,17.425166666666666,18.88,1567.0463854635648,1.8908629441624365,295,131,215,301,516,11.258039291760646,247,143,201,235,4.02,13.23,19.44,20.74,26.18,16.39,BELLUCCI
Atlanta_2024_Q_Walton_Bellucci,210.78333333333333,23.402449999999998,11.1,2367.010168181443,1.9289772727272727,442,173,334,430,764,10.293756621609,348,176,344,333,7.47,13.83,22.15,25.15,22.73,8.67,BELLUCCI
Atlanta_2024_R16_Bellucci_Mannarino,187.05,31.104066666666665,16.63,2907.7740654397276,1.8367620751341682,564,205,432,499,931,12.172629910424208,382,254,444,357,6.28,14.31,20.62,27.27,25.3,6.23,BELLUCCI
Atlanta_2024_R32_Bellucci_Vukic,107.45,16.423516666666664,15.28,1715.3981006586837,1.8285714285714287,316,133,206,378,584,11.283821180327744,228,154,241,226,3.47,12.32,20.16,28.31,24.79,10.94,BELLUCCI
Atlanta_2024_QF_Rinderknech_Bellucci,142.85,23.76043333333333,16.63,2417.05624146129,1.831573275862069,457,182,447,380,827,11.221735494252668,333,270,338,312,6.69,14.54,18.72,16.34,25.5,18.21,BELLUCCI
Atlanta_2024_Q_Yevseyev_Bellucci,43.81666666666667,5.755683333333334,13.14,466.5874271591691,2.097241379310345,68,37,40,78,118,13.172249010480412,46,32,60,57,5.62,15.68,15.17,22.86,30.1,10.58,BELLUCCI
Rome_2025_1st_Bellucci_Martinez,92.23333333333333,18.038116666666667,19.56,1471.8759373872153,1.5426724137931036,361,117,264,331,595,9.531293781649085,279,132,233,222,4.61,15.86,17.59,21.83,24.1,16.02,BELLUCCI
Miami_2025_1st_Tseng_Bellucci,91.31666666666666,19.110683333333334,20.93,1312.2596951492253,1.495968992248062,336,123,288,266,554,9.646755475561363,281,137,213,211,5.52,16.22,20.45,21.97,20.09,15.74,BELLUCCI
Acapulco_2025_Q_Bellucci_Diallo,69.95,13.751583333333334,19.66,1012.0796712874833,1.5236220472440944,267,95,326,135,461,6.181718028544738,191,154,182,156,1.9,18.16,20.93,18.79,21.62,18.61,BELLUCCI
Barcelona_2025_Q_Bellucci_Coric,95.61666666666666,13.5079131,14.13,1514.5771777372483,1.7758139534883723,323,112,249,309,558,10.692687087604542,271,123,235,223,5.41,11.79,13.83,12.8,14.95,41.23,BELLUCCI
Madrid_2025_1st_Dzumhur_Bellucci,154.4,31.40468333333333,20.34,2652.907858554665,1.7436966824644549,539,185,461,482,943,13.43041848380859,457,211,374,365,8.83,16.54,19.51,19.19,17.53,18.4,BELLUCCI
Marrakech_2025_R16_Herbert_Bellucci,84.03333333333333,14.79755,17.61,1139.428943962406,1.7291666666666667,224,109,193,213,406,11.277129554816812,228,93,175,141,8.92,17.06,17.79,14.21,15.87,26.15,BELLUCCI
Marrakech_2025_R32_Kotov_Bellucci,102.91666666666667,19.201016666666664,18.66,1429.2713564935011,1.6698653198653197,304,118,201,329,530,11.993159504036512,264,106,227,199,5.92,14.36,14.11,16.82,21.49,27.29,BELLUCCI
Marrakech_2025_QF_Griekspoor_Bellucci,84.23333333333333,13.813600000000001,16.4,1089.8816974189424,1.593186372745491,253,121,244,218,462,8.819430811937268,249,121,158,151,3.84,19.18,19.46,16.24,15.23,26.06,BELLUCCI
Indian_Wells_2025_Q_Bellucci_Watanuki,79.91666666666667,16.05323333333333,20.09,1242.0176076478583,1.7099815157116451,258,110,179,302,481,10.936334575181183,231,121,187,178,4.51,12.45,16.38,21.96,24.38,20.33,BELLUCCI
Rotterdam_2025_R16_Bellucci_Medvedev,173.78333333333333,42.65233333333333,24.54,3154.5993270737604,1.7773643410852715,660,221,776,402,1178,11.920360796410815,593,301,449,433,11.21,17.2,20.99,19.37,18.43,12.8,BELLUCCI
Rotterdam_2025_R32_Bellucci_Rottgering,102.21666666666667,21.063283333333334,20.61,1593.1784943353323,1.5963165075034105,360,121,265,360,625,11.480051019654608,282,197,270,224,5.12,12.18,16.42,18.2,27.84,20.23,BELLUCCI
Rotterdam_2025_Q_Bellucci_Brouwer,48.55,8.160033333333335,16.81,727.6114477479236,1.6422018348623852,162,79,149,148,297,10.02613918523302,145,82,135,91,1.56,15.85,19.04,16.51,29.16,17.89,BELLUCCI
Rotterdam_2025_SF_de-Minaur_Bellucci,66.66666666666667,17.78855,26.68,1215.769266261498,1.5751304347826087,288,89,256,256,512,10.833258315387814,234,134,201,182,5.09,15.34,17.99,22.77,22.74,16.06,BELLUCCI
Rotterdam_2025_Q_Bellucci_Boogaard,66.6,13.592533333333334,20.41,1026.2736149974955,1.5420118343195266,252,95,190,227,417,9.432347708798067,210,105,176,154,3.49,14.08,15.55,20.5,27.39,18.97,BELLUCCI
Montpellier_2025_R32_Bellucci_Pouille,100.13333333333334,17.552966666666666,17.53,1464.4825326466703,1.7864353312302839,316,139,309,278,587,11.249210043903725,314,149,231,205,10.17,18.1,21.89,17.61,18.93,13.3,BELLUCCI
Montpellier_2025_R16_Bellucci_Kovacevic,98.03333333333333,19.241266666666668,19.63,1321.0635174591303,1.674915824915825,298,130,272,242,514,9.955204530168892,267,141,224,185,7.95,16.94,19.8,19.18,19.57,16.56,BELLUCCI
Monte_Carlo_2025_Q_Norrie_Bellucci,118.78333333333333,26.626616666666667,22.42,2271.2807740417443,1.7142708333333334,484,163,375,483,858,10.331888547370944,385,200,344,318,6.45,15.79,14.27,20.77,22.3,20.43,BELLUCCI
Monte_Carlo_2025_Q_Marozsan_Bellucci,69.83333333333333,13.557466666666667,19.41,1142.3068999442241,1.6837890625,265,104,263,169,432,9.182716861153652,212,126,187,170,5.38,17.75,14.07,15.62,27.68,19.5,BELLUCCI
Rogers_cup_2025_R64_Muller_Kecmanovic,127.11666666666666,22.795433333333335,17.93,1590.7263728541081,1.4784764207980654,406,172,296,431,727,8.346465182779061,297,207,247,289,1.54,17.57,29.85,30.59,17.17,3.28,KECMANOVIC
Rogers_cup_2025_1st_Schoolkate_Fonseca,92.36666666666666,15.7253,17.02,778.3225907495563,1.2438034188034188,241,140,210,180,390,9.341415419198649,174,91,126,143,4.48,17.23,27.77,16.51,17.74,16.28,FONSECA
Rogers_cup_2025_R64_Zverev_Walton,102.75,19.7067,19.18,1372.8495071723153,1.4736091298145506,340,142,271,337,608,12.12108306593603,323,130,216,217,6.39,12.08,14.59,17.9,24.5,24.53,ZVEREV
Rogers_cup_2025_R64_Griekspoor_Etcheverry,119.36666666666666,19.756050000000002,16.55,1562.618159897616,1.7308931185944363,327,157,329,300,629,14.057595949101586,271,165,221,225,9.4,17.4,12.44,14.79,21.63,24.34,ETCHEVERRY
Rogers_cup_2025_R64_Marino_Navarro,63.0,8.605881783333333,13.66,778.0315066921846,1.3762013729977116,205,97,120,184,304,7.321947080900208,63,143,133,116,2.9,9.15,24.88,17.16,25.25,20.66,NAVARRO
Rogers_cup_2025_1st_Arseneault_Osaka,75.38333333333334,8.644121366666667,11.47,818.9182771051496,1.3504347826086958,238,116,167,205,372,9.928602913238487,163,70,134,132,5.6,21.69,28.17,31.29,12.49,0.76,OSAKA
Rogers_cup_2025_R64_Samsonova_Osaka,156.96666666666667,16.893144366666668,10.76,1662.4660263895714,1.5217036172695448,416,191,293,319,612,9.640092671059506,223,140,273,274,2.09,13.34,13.77,33.3,31.82,5.68,OSAKA
Rogers_cup_2025_R64_Gauff_Collins,174.48333333333332,19.52273896666667,11.19,2019.4717614905544,1.568921568627451,507,234,328,485,813,11.930945136925374,382,211,293,309,4.35,10.2,18.3,14.27,37.1,15.78,GAUFF
Rogers_cup_2025_R64_Lamens_Haddad-Maia,140.73333333333332,16.711730483333334,11.87,1598.848781502327,1.534474327628362,421,161,329,290,619,12.020752816589926,299,143,293,244,8.97,13.41,30.47,29.99,12.87,4.28,HADDAD MAIA
Rogers_cup_2025_R64_Boyer_Mensik,88.83333333333333,14.894016666666666,16.77,1136.9107442892762,1.5917398945518455,291,127,181,269,450,9.729742189181868,239,130,168,177,12.01,17.99,20.35,21.28,20.89,7.48,MENSIK
Rogers_cup_2025_R64_Cobolli_Galarneau,196.75,26.517833333333332,13.48,1810.1108100485276,1.5029900332225914,467,194,376,345,721,10.553789080713411,327,173,255,269,8.2,15.3,19.69,12.14,18.52,26.15,COBOLLI
Rogers_cup_2025_R64_Comesana_de-Minaur,90.05,16.67025,18.51,1114.3290441614163,1.4632508833922262,288,111,231,266,497,8.87012014291823,229,114,184,168,4.42,12.68,11.17,9.66,21.7,40.37,COMESANA
Rogers_cup_2025_R64_Fils_Carreno-Busta,88.11666666666666,17.493983333333333,19.85,1345.7209839842558,1.5753869969040248,331,131,273,277,550,13.872926262074484,260,143,211,218,4.54,11.54,27.26,26.38,25.21,5.07,FILS
Rogers_cup_2025_R64_Nakashima_Quinn,160.91666666666666,19.70061666666667,12.24,1341.9940772913167,1.4927641099855282,328,162,251,369,620,9.09956836838509,296,154,191,197,5.46,15.53,22.86,20.34,24.17,11.65,NAKASHIMA
Rogers_cup_2025_R64_Nakashima_Quinn,160.91666666666666,19.70061666666667,12.24,1381.702539284073,1.5280752532561506,363,162,369,251,620,9.749472925090576,317,147,205,217,7.12,17.83,22.85,18.79,16.69,16.71,QUINN
Rogers_cup_2025_R64_Tsitsipas_O'Connell,121.2,21.93365,18.1,1404.9877631335467,1.540843023255814,339,169,215,331,546,9.90123072400024,293,143,231,161,6.93,10.88,29.26,21.66,24.09,7.17,TSITSIPAS
Rogers_cup_2025_R64_Tsitsipas_O'Connell,121.2,21.93365,18.1,1402.066780011462,1.5505813953488372,349,169,331,215,546,9.029295459740505,287,175,201,182,4.66,16.56,27.79,15.72,24.33,10.94,O'CONNELL
Rogers_cup_2025_R32_Yastremska_Navarro,101.88333333333334,13.92827775,13.67,1243.6473681134933,1.3997183098591548,339,150,201,333,534,8.277040315221408,105,232,214,223,2.11,8.34,23.57,27.1,20.36,18.52,NAVARRO
Rogers_cup_2025_R32_Gauff_Kudermetova,151.98333333333332,20.2116524,13.3,1992.7086805130775,1.54814453125,515,208,355,448,803,8.556750013448207,343,200,292,334,5.71,13.07,25.48,22.94,26.1,6.71,GAUFF
Rogers_cup_2025_R32_Zverev_Arnaldi,165.71666666666667,34.763000000000005,20.98,2306.5066851640013,1.579115710253998,522,210,467,434,901,14.05352242100081,473,255,339,360,8.62,13.73,14.02,14.12,22.48,27.03,ZVEREV
Rogers_cup_2025_R32_Etcheverry_Cerundolo,109.16666666666667,24.28095,22.24,1915.3628383281455,1.6047180667433831,429,135,344,406,750,9.741813124110058,256,223,315,305,5.08,12.0,11.99,19.59,28.09,23.26,ETCHEVERRY
Rogers_cup_2025_R32_Fils_Lehecka,112.11666666666666,19.63726666666667,17.52,1395.1731563529765,1.5146272855133616,339,163,312,231,543,13.13808868943216,258,153,222,225,3.65,9.97,21.88,15.31,23.58,25.62,FILS
Rogers_cup_2025_R64_Marozsan_Auger-Aliassime,100.0,15.658716666666667,15.66,1099.4296005072429,1.5342342342342343,278,123,203,220,423,10.057100776057416,208,121,164,153,6.79,14.95,17.77,14.54,20.33,25.63,MAROZSAN
Rogers_cup_2025_1st_Marozsan_Dellien,62.666666666666664,11.585916666666666,18.49,764.6309786207185,1.4506172839506173,194,93,124,205,329,10.907629352056862,163,78,126,116,5.69,15.25,20.05,23.16,30.41,5.43,MAROZSAN
Rogers_cup_2025_R32_Cobolli_Marozsan,109.96666666666667,25.380333333333333,23.08,1558.4032950058238,1.4528985507246377,417,181,331,307,638,11.146097221938124,253,177,249,235,5.9,16.64,19.06,16.17,20.8,21.43,MAROZSAN
Rogers_cup_2025_R32_Cobolli_Marozsan,109.96666666666667,25.380333333333333,23.08,1614.5455612311378,1.4974637681159422,411,181,307,331,638,8.648610841545231,266,199,273,234,4.81,14.28,17.86,14.67,23.71,24.67,COBOLLI
Rogers_cup_2025_R32_Nakashima_Shelton,155.56666666666666,34.51501666666666,22.19,2014.9577586549376,1.53659793814433,469,215,451,406,857,10.8550287905792,398,238,292,265,6.34,15.52,21.81,17.72,24.25,14.37,NAKASHIMA
Rogers_cup_2025_R32_Nakashima_Shelton,155.56666666666666,34.51501666666666,22.19,2263.8176134318046,1.7449484536082474,501,215,406,451,857,11.593001776542971,493,216,370,275,9.37,13.24,17.9,13.27,18.25,27.98,SHELTON
Rogers_cup_2025_R32_Davidovich-Fokina_Mensik,76.4,14.922583333333334,19.53,1004.0535686919598,1.5353413654618475,259,105,193,247,440,10.736733672768086,207,122,149,172,8.15,16.04,21.71,23.21,20.21,10.68,MENSIK
Rogers_cup_2025_R32_Osaka_Ostapenko,71.75,8.1799193,11.4,811.3491648708875,1.5479809976247032,205,101,182,164,346,10.363185705169084,108,67,127,151,3.32,15.71,17.49,33.18,29.21,1.1,OSAKA
Rogers_cup_2025_R16_Gauff_Mboko,62.483333333333334,7.7503287,12.4,724.0426720843619,1.403827751196172,218,97,164,185,349,8.960037879718444,182,66,107,114,7.43,11.89,23.55,16.68,31.71,8.74,GAUFF
Rogers_cup_2025_R64_Guo_Swiatek,71.36666666666666,7.19973065,10.09,729.2194566135439,1.5038363171355498,196,100,157,129,286,7.334784813136248,128,106,112,142,3.5,11.99,28.07,27.09,22.71,6.63,SWIATEK
Rogers_cup_2025_R32_Lys_Swiatek,72.45,9.07938405,12.53,883.9366970742316,1.4963906581740976,237,101,178,193,371,9.266755924499869,146,124,121,186,3.81,10.92,28.5,29.92,21.68,5.16,SWIATEK
Rogers_cup_2025_R16_Tauson_Swiatek,113.13333333333334,11.690850433333333,10.33,1217.7924911644516,1.5530612244897959,292,141,205,287,492,9.577110277664708,213,127,173,215,7.6,10.69,24.3,20.93,29.97,6.52,SWIATEK
Rogers_cup_2025_R16_Osaka_Sevastova,49.016666666666666,8.7996082,17.95,720.2075003644834,1.3097560975609757,208,74,183,114,297,12.357174450564363,93,59,126,132,3.9,14.83,18.62,42.6,19.38,0.67,OSAKA
Rome_2025_1st_Marozsan_Fonseca,87.66666666666667,15.339033333333333,17.5,1159.6358647015325,1.4916805324459235,295,135,259,244,503,10.626633841059933,231,122,183,176,5.35,18.56,17.29,14.16,17.34,27.29,MAROZSAN
Rome_2025_R64_Marozsan_Rublev,141.91666666666666,24.634133333333335,17.36,1854.8983957682462,1.4395683453237411,480,212,346,489,835,7.513218618824485,372,164,303,297,6.2,16.38,14.19,12.13,14.26,36.84,MAROZSAN
Rome_2025_R32_Mensik_Marozsan,88.8,17.322633333333332,19.51,1071.6946719161358,1.3628865979381444,291,136,267,232,499,10.892405372192613,251,136,157,161,7.37,20.26,21.63,16.61,12.08,22.05,MAROZSAN
Washington_2025_R32_Marozsan_Diallo,73.55,10.98565,14.94,769.0786352611447,1.3935483870967742,227,122,173,165,338,8.736850869377877,157,77,118,113,6.86,21.85,27.12,13.34,10.46,20.36,MAROZSAN
Washington_2025_R64_Bonzi_Marozsan,76.93333333333334,14.880283333333333,19.34,863.6146360531668,1.420879120879121,229,117,175,195,370,9.401386496234062,166,100,133,121,4.75,16.98,22.06,23.02,25.52,7.66,MAROZSAN
Miami_2025_1st_Monfils_Marozsan,105.26666666666667,21.913366666666665,20.82,1653.8913712189753,1.4537102473498233,425,176,401,285,686,8.989158815049084,357,180,271,245,9.7,20.07,24.73,26.11,15.88,3.51,MAROZSAN
Geneva_2025_R16_Arnaldi_Marozsan,219.55,20.267100000000003,9.23,1510.6290919379935,1.5370967741935482,378,151,291,288,579,9.959971062415711,324,126,223,219,10.89,17.51,18.96,18.3,15.43,18.91,MAROZSAN
Geneva_2025_R32_Sell_Marozsan,45.45,7.246566666666666,15.94,546.5583102581433,1.4308219178082193,142,71,81,157,238,9.376421376028787,130,56,105,70,6.14,17.37,23.3,22.46,22.26,8.48,MAROZSAN
Halle_2025_R16_Marozsan_Machac,59.016666666666666,7.965810966666667,13.5,805.9673339610164,1.5809744779582366,221,91,186,164,350,6.9071982255712125,169,91,126,114,6.34,15.79,28.14,20.41,20.85,8.47,MAROZSAN
Hong_Kong_2025_R16_Rublev_Marozsan,118.06666666666666,23.694616666666665,20.07,1597.3391516869283,1.4855278766310793,422,188,356,357,713,7.977352943992437,326,185,236,262,6.64,21.52,27.87,26.4,14.85,2.71,MAROZSAN
Hong_Kong_2025_R32_Safiullin_Marozsan,93.0,19.206183333333335,20.65,1236.5009121737019,1.4993788819875777,323,142,228,302,530,8.450340791810795,225,135,180,215,6.14,15.99,22.79,30.56,22.24,2.28,MAROZSAN
Hong_Kong_2025_QF_Marozsan_Shang,103.91666666666667,21.286683333333333,20.48,1332.8473580518303,1.4301652892561982,360,158,269,322,591,7.979696867475516,260,133,238,204,5.85,17.45,25.67,33.04,16.36,1.64,MAROZSAN
Munich_2025_R16_Humbert_Marozsan,83.5,13.036235166666668,15.61,1362.8130526701523,1.6391705069124423,325,118,285,286,571,7.704486355951366,253,120,224,199,6.79,14.18,16.62,17.62,15.26,29.53,MAROZSAN
Munich_2025_R32_Engel_Marozsan,68.1,7.562994766666666,11.11,797.0701623990162,1.5330143540669856,200,105,166,188,354,9.554397439271858,171,92,128,124,3.35,16.03,15.64,14.8,21.49,28.68,MAROZSAN
Munich_2025_SF_Zverev_Marozsan,91.6,11.698174383333333,12.77,1183.8366753586697,1.5931208053691275,303,131,250,247,497,7.668990357527571,265,106,179,156,7.01,14.29,18.08,14.13,12.46,34.03,MAROZSAN
Munich_2025_QF_Marozsan_Bergs,99.43333333333334,14.793677783333333,14.88,1516.8445021182863,1.61334214002642,382,152,306,350,656,9.082168354271856,305,136,222,250,9.16,15.75,16.5,13.81,16.06,28.72,MAROZSAN
Madrid_2025_1st_Marozsan_Cobolli,115.66666666666667,24.20895,20.93,1661.2142493167617,1.5138923654568208,402,178,315,327,642,9.797138371349584,301,139,262,203,7.06,16.98,17.81,10.54,13.22,34.39,MAROZSAN
Dubai_2025_R32_Marozsan_Bautista-Agut,155.45,32.9756,21.21,2178.5920236535644,1.5399624765478424,548,211,303,466,769,8.278707619934288,367,207,321,339,5.92,14.01,24.4,35.02,18.24,2.41,MAROZSAN
Eastbourne_2025_R32_Marozsan_Sonego,78.55,14.622000000000002,18.61,1013.6951321886465,1.5453061224489797,238,106,186,186,372,8.249197296596266,225,99,151,155,9.39,16.04,21.01,24.47,22.46,6.62,MAROZSAN
Doha_2025_R16_Marozsan_Lehecka,63.63333333333333,10.292883333333332,16.18,743.9812342587255,1.4672727272727273,199,104,169,107,276,13.43358620867066,163,79,99,108,9.12,23.58,26.67,23.48,15.21,1.94,MAROZSAN
Doha_2025_R32_Marozsan_Dougaz,88.68333333333334,18.1298,20.44,1195.4334489065511,1.5082077051926297,304,136,200,313,513,9.828498493960954,244,112,187,177,6.69,16.01,28.29,27.93,17.25,3.84,MAROZSAN
Indian_Wells_2025_R64_Marozsan_Mpetshi-Perricard,41.81666666666667,5.63695,13.48,298.41704857564855,1.277450980392157,104,62,79,74,153,5.082941420757931,82,17,33,46,14.53,26.39,23.16,10.11,16.52,9.28,MAROZSAN
Indian_Wells_2025_1st_Marozsan_Martinez,63.11666666666667,10.662483333333334,16.89,822.1901119063009,1.5094202898550724,209,95,127,191,318,11.107314821212086,174,76,130,122,8.26,20.5,31.13,29.63,10.01,0.47,MAROZSAN
Rotterdam_2025_R16_Rublev_Marozsan,105.46666666666667,18.976366666666667,17.99,1333.2284910921996,1.5393939393939393,326,156,222,326,548,10.784742810674908,256,136,200,197,6.2,17.67,23.33,24.85,22.69,5.26,MAROZSAN
Monte_Carlo_2025_Q_Bergs_Marozsan,84.5,17.526416666666666,20.74,1272.728028658392,1.5338187702265371,304,120,271,274,545,8.656737063541017,228,131,202,196,6.28,15.34,18.59,23.43,23.15,13.21,MAROZSAN
Monte_Carlo_2025_Q_Marozsan_Bellucci,69.83333333333333,13.557466666666667,19.41,1933.023786811177,1.4337890625,494,104,338,526,864,7.537439760989569,352,170,330,258,6.73,13.8,17.97,27.03,29.45,5.02,MAROZSAN
Monte_Carlo_2025_R64_Monfils_Marozsan,102.45,22.771816666666666,22.23,1789.0103822356434,1.5218713450292398,431,153,381,304,685,10.128142573912584,338,161,269,249,11.23,16.39,18.41,22.39,21.57,10.01,MAROZSAN
Rogers_cup_2025_QF_Svitolina_Osaka,68.43333333333334,11.79949425,17.24,1068.1268617580017,1.4248730964467005,292,95,262,212,474,10.652933772702111,111,97,180,223,3.34,12.63,17.88,37.45,28.03,0.66,OSAKA
Rogers_cup_2025_SF_Osaka_Tauson,105.55,13.283380666666666,12.58,1245.1801832324938,1.4376119402985075,345,143,276,257,533,9.833297082495324,172,113,183,226,4.63,17.32,21.13,30.18,25.67,1.08,OSAKA
Rogers_cup_2025_F_Mboko_Osaka,123.48333333333333,17.95097498333333,14.54,1576.035786757129,1.3516093229744728,448,177,388,386,774,11.007325721012682,208,145,262,316,2.83,14.45,18.18,28.17,34.83,1.53,OSAKA
Cincinnati_2025_1st_Bergs_Fearnley,80.76666666666667,12.876066666666667,15.94,927.8975919880916,1.654942528735632,223,107,206,152,358,9.479419174559933,221,93,118,159,8.08,16.62,18.97,22.14,22.56,11.63,BERGS
Cincinnati_2025_1st_Fonseca_Bu,138.73333333333332,20.24845,14.6,1502.569634224201,1.4475159235668789,387,179,250,399,649,10.637103931004368,296,159,244,260,4.5,14.7,19.62,13.95,24.85,22.37,FONSECA
Cincinnati_2025_1st_Martinez_Jarry,151.93333333333334,21.8439,14.38,1473.2636590845675,1.6572700296735905,337,166,360,242,602,8.632012718535456,282,207,186,218,3.13,16.02,20.74,17.3,18.47,24.34,MARTINEZ
Cincinnati_2025_1st_Smith_Marozsan,132.58333333333334,23.23325,17.52,1651.9328125255058,1.429888888888889,452,189,274,426,700,10.158745854277376,333,148,238,254,7.42,15.15,23.0,24.5,23.82,6.1,MAROZSAN
Cincinnati_2025_Q_Nardi_Blockx,82.96666666666667,16.274716666666666,19.62,1269.4081426089986,1.7080500894454382,271,116,242,188,430,9.752965342405526,213,158,183,172,5.99,16.41,22.83,20.33,21.76,12.68,BLOCKX
Cincinnati_2025_1st_Etcheverry_Shang,275.76666666666665,38.15158333333333,13.83,2782.3287782454104,1.6080188679245284,644,234,560,525,1085,10.817591250928828,398,303,411,435,4.44,15.55,13.75,19.16,30.77,16.34,ETCHEVERRY
Cincinnati_2025_1st_Baez_Goffin,76.45,15.158983333333333,19.83,1316.2840023738886,1.6928333333333334,297,120,269,232,501,7.939074818397483,252,122,197,195,5.69,13.31,17.13,23.79,30.19,9.89,BAEZ
Cincinnati_2025_Q_Eubanks_Basilashvili,119.98333333333333,21.170783333333336,17.64,1027.778880691675,1.3425460636515913,284,190,222,300,522,8.50738256236687,261,121,145,162,5.48,26.49,21.19,13.73,20.2,12.91,EUBANKS
Cincinnati_2025_1st_Bellucci_Dzumhur,142.66666666666666,31.7389,22.25,2253.2833043137607,1.5892644135188867,510,196,436,485,921,10.768076984382631,449,219,367,342,8.15,17.28,23.29,27.98,17.53,5.77,BELLUCCI
Cincinnati_2025_1st_Comesana_Munar,105.06666666666666,19.041666666666668,18.12,1650.654763270488,1.707,362,124,332,301,633,11.710381198530738,310,179,230,223,10.31,14.04,15.99,15.47,19.06,25.14,COMESANA
Cincinnati_2025_1st_Giron_Blockx,111.26666666666667,21.984849999999998,19.76,1506.5185788375597,1.5974285714285714,345,154,272,286,558,10.876286277900435,285,189,194,261,6.9,18.18,22.49,17.92,22.51,11.99,BLOCKX
Cincinnati_2025_1st_Kecmanovic_Quinn,97.91666666666667,15.422816666666668,15.75,1226.2432717636282,1.6673647469458988,289,140,198,298,496,10.200303100117448,286,121,172,190,8.24,19.57,24.09,17.41,15.34,15.35,QUINN
Cincinnati_2025_1st_Kecmanovic_Quinn,97.91666666666667,15.422816666666668,15.75,995.949475203448,1.3771378708551483,284,140,298,198,496,8.775679402276912,260,120,155,172,6.39,22.58,28.68,22.92,13.36,6.07,KECMANOVIC
Cincinnati_2025_1st_Vukic_Basavareddy,99.96666666666667,16.257533333333335,16.26,1326.5283965382357,1.4941353383458646,319,156,245,352,597,10.120950873703364,260,165,202,194,5.45,26.36,23.13,16.0,18.39,10.67,BASAVAREDDY
Cincinnati_2025_R64_Joint_Haddad-Maia,176.66666666666666,26.372866666666667,14.93,2106.7494782697004,1.5251565762004173,498,213,463,382,845,10.238492956715596,364,222,304,302,3.89,19.61,35.06,29.91,9.65,1.89,HADDAD MAIA
Cincinnati_2025_R64_Bergs_Sonego,101.35,12.225999999999999,12.06,1071.5958240950918,1.7324210526315789,244,130,213,165,378,8.902126199542302,282,79,139,177,12.02,23.0,22.64,14.9,10.91,16.52,BERGS
Cincinnati_2025_R64_Etcheverry_Auger-Aliassime,117.53333333333333,15.177316666666666,12.91,1347.6754702915564,1.6147967479674796,312,132,301,243,544,11.94677930834897,227,156,224,182,5.61,18.24,14.62,18.52,25.12,17.9,ETCHEVERRY
Cincinnati_2025_R64_Tsitsipas_Marozsan,83.83333333333333,12.273249999999999,14.64,943.4480159485934,1.535667396061269,224,125,183,153,336,9.989716646041606,196,121,131,130,4.7,16.36,27.31,20.51,22.61,8.51,TSITSIPAS
Cincinnati_2025_R64_Tsitsipas_Marozsan,83.83333333333333,12.273249999999999,14.64,909.3566576992154,1.4641137855579869,233,125,153,183,336,11.932156357501206,179,99,114,123,9.29,17.15,25.17,16.41,18.23,13.76,MAROZSAN
Cincinnati_2025_R64_Atmane_Cobolli,134.35,26.588166666666666,19.79,1928.3808486162611,1.6398383371824479,430,200,323,420,743,13.037714346980454,313,209,300,237,8.2,13.73,16.47,11.48,14.29,35.83,COBOLLI
Cincinnati_2025_R64_Davidovich-Fokina_Fonseca,96.9,14.989116666666666,15.47,1031.155580702247,1.3439236111111112,282,133,205,250,455,8.743951954044507,160,112,161,195,2.39,12.92,22.6,18.61,22.86,20.63,FONSECA
Cincinnati_2025_R64_Baez_Diallo,90.75,15.1704,16.72,996.9230555021444,1.52,256,123,263,197,460,6.647050615313084,199,132,144,160,3.65,20.17,21.37,13.89,19.43,21.49,BAEZ
Cincinnati_2025_R64_Martinez_Paul,90.81666666666666,14.78245,16.28,1207.1511090323677,1.6540983606557378,278,120,153,296,449,10.01642459824786,232,107,162,179,10.15,12.45,28.97,23.33,15.56,9.53,PAUL
Cincinnati_2025_R64_Martinez_Paul,90.81666666666666,14.78245,16.28,1178.3884148698683,1.6260473588342441,271,120,296,153,449,9.487395906933273,229,136,160,182,5.97,14.18,22.69,17.12,19.8,20.23,MARTINEZ
Cincinnati_2025_R64_Sinner_Galan,59.416666666666664,9.33935,15.72,720.6439405132666,1.5761904761904764,170,84,124,195,319,9.776863872035795,171,67,100,107,4.77,15.99,18.84,19.94,15.46,24.99,SINNER
Cincinnati_2025_R64_Mensik_Quinn,72.75,9.479716666666667,13.03,727.7993407457167,1.487153652392947,206,107,183,173,356,12.399330430887428,207,69,119,149,6.52,17.2,29.7,15.09,13.4,18.08,MENSIK
Cincinnati_2025_R64_Mensik_Quinn,72.75,9.479716666666667,13.03,854.9106293597421,1.7732997481108312,191,107,173,183,356,9.45872375681508,243,70,108,107,17.84,23.23,24.96,19.21,11.46,3.31,QUINN
Cincinnati_2025_R64_Nakashima_Blockx,142.46666666666667,27.313483333333334,19.17,2213.0895414716338,1.5873429951690823,518,199,461,443,904,10.523143922940672,418,268,317,295,8.66,18.41,22.88,19.8,17.33,12.92,NAKASHIMA
Cincinnati_2025_R64_Nakashima_Blockx,142.46666666666667,27.313483333333334,19.17,2475.55423547551,1.783768115942029,517,199,443,461,904,10.109502700756108,387,290,323,368,8.17,11.97,19.05,15.11,19.82,25.88,BLOCKX
Cincinnati_2025_R64_Comesana_Darderi,52.11666666666667,8.518516666666667,16.35,449.5364985255823,1.4217021276595745,105,76,79,132,211,7.8877916762629665,107,44,47,78,0.85,12.39,14.87,8.58,11.0,52.31,COMESANA
Cincinnati_2025_R64_Basavareddy_Zverev,66.66666666666667,11.158083333333334,16.74,883.0708597603867,1.581710213776722,218,101,189,168,357,10.142567330317886,162,103,114,141,6.8,24.45,19.03,16.14,18.97,14.61,BASAVAREDDY
Cincinnati_2025_R64_Basavareddy_Zverev,66.66666666666667,11.158083333333334,16.74,876.9783393915855,1.5646080760095014,203,101,168,189,357,9.714343226097704,204,88,125,140,4.04,14.52,13.16,16.01,21.61,30.66,ZVEREV
Cincinnati_2025_R32_Mannarino_Paul,158.83333333333334,31.14105,19.61,2369.8547758299787,1.6595940959409594,542,199,352,493,845,8.92361580212474,379,203,328,342,6.02,10.15,29.65,30.31,13.58,10.29,PAUL
Cincinnati_2025_R32_Fonseca_Atmane,78.21666666666667,12.915666666666668,16.51,948.2639112556789,1.548870636550308,238,113,219,166,385,12.481651701855958,145,100,151,154,8.43,16.97,24.66,13.74,18.63,17.58,FONSECA
Cincinnati_2025_R32_Tsitsipas_Bonzi,215.31666666666666,20.635716666666667,9.58,1495.1392321505375,1.5360526315789476,391,199,274,346,620,8.45332963756832,357,120,227,197,9.39,14.29,24.6,12.2,16.63,22.89,TSITSIPAS
Cincinnati_2025_R32_Sinner_Diallo,112.4,18.197433333333333,16.19,1054.0900274648607,1.5817843866171004,257,141,220,271,491,12.233596084168742,279,132,140,159,3.35,18.34,22.91,21.51,18.65,15.24,SINNER
Cincinnati_2025_R64_Navarro_Seidel,136.08333333333334,26.34626666666667,19.36,2180.1577283793067,1.7147379912663756,444,168,344,406,750,11.137942155983524,145,298,317,269,4.46,5.05,21.11,17.35,27.72,24.32,NAVARRO
Cincinnati_2025_R64_Wang_Gauff,70.15,12.993083333333335,18.52,1005.9532587482942,1.669787234042553,242,104,211,170,381,10.746644105905403,176,109,119,139,6.09,10.09,19.63,22.01,30.66,11.52,GAUFF
Cincinnati_2025_R16_Comesana_Rublev,64.01666666666667,9.043416666666667,14.13,723.2108596718176,1.65,181,99,175,143,318,9.9485977964905,155,84,93,114,4.06,17.95,17.04,7.08,17.44,36.44,COMESANA
Cincinnati_2025_R32_Opelka_Comesana,225.1,19.434366666666666,8.63,1496.7349187274824,1.5834710743801652,344,211,329,332,661,11.38870489133059,353,151,211,199,4.29,18.8,17.79,12.51,14.15,32.45,COMESANA
Cincinnati_2025_R16_Khachanov_Zverev,66.55,14.388200000000001,21.62,980.0757223183235,1.5564270152505446,221,88,131,219,350,11.862507787121771,212,87,144,168,7.65,9.1,7.95,10.98,20.58,43.74,ZVEREV
Cincinnati_2025_R32_Nakashima_Zverev,1077.2166666666667,15.981466666666668,1.48,1264.2771257442548,1.5531456953642384,303,120,247,258,505,7.085435710904854,261,122,209,187,4.31,12.65,12.78,11.97,20.04,38.24,ZVEREV
Cincinnati_2025_R16_Sinner_Mannarino,277.81666666666666,16.46235,5.93,1320.9080885120013,1.5331851851851854,331,145,204,364,568,9.125213663539302,310,146,222,197,3.76,14.67,20.25,24.19,22.18,14.95,SINNER
Cincinnati_2025_R32_Nakashima_Zverev,1077.2166666666667,15.981466666666668,1.48,1250.1031942621962,1.5380794701986755,301,120,258,247,505,7.482331733583937,196,179,190,178,3.35,13.07,19.19,18.88,28.05,17.44,NAKASHIMA
Cincinnati_2025_QF_Sinner_Auger-Aliassime,71.15,9.896483333333332,13.91,777.8181612734896,1.67,177,84,138,191,329,8.700064994161139,171,96,117,99,3.95,17.67,19.9,21.46,20.5,16.51,SINNER
Cincinnati_2025_R16_Bronzetti_Gauff,79.61666666666666,16.80495,21.11,1259.1968815524074,1.5609715242881073,302,113,249,275,524,8.083864737358274,250,119,169,160,5.57,12.35,19.08,27.56,28.13,7.3,GAUFF
Cincinnati_2025_R64_Swiatek_Potapova,72.78333333333333,11.4471,15.73,926.1995065702725,1.6573809523809524,213,97,177,171,348,14.700496245759252,136,85,109,120,5.06,9.63,27.15,31.52,20.46,6.18,SWIATEK
Cincinnati_2025_R16_Swiatek_Cirstea,94.68333333333334,16.163016666666667,17.07,1243.5749358364205,1.676843910806175,299,117,180,301,481,9.774357463815551,156,118,165,200,4.62,10.81,22.76,28.85,29.21,3.74,SWIATEK
Cincinnati_2025_QF_Swiatek_Kalinskaya,94.05,14.443816666666667,15.36,1264.9441010287992,1.8158790170132326,258,116,199,234,433,10.614690094318457,152,119,168,161,6.69,7.78,23.23,27.25,28.11,6.94,SWIATEK
Cincinnati_2025_SF_Sinner_Atmane,85.38333333333334,16.064416666666666,18.81,1026.4542552657235,1.6106694560669454,245,116,200,222,422,11.920010345014008,226,99,124,131,8.18,18.1,21.64,18.09,13.27,20.72,SINNER
Cincinnati_2025_QF_Paolini_Gauff,122.76666666666667,23.839166666666664,19.42,2029.0084133221894,1.7412924424972618,469,171,360,409,769,10.58754558201785,326,227,265,284,4.88,12.21,20.95,26.78,25.21,9.97,GAUFF
Cincinnati_2025_SF_Rybakina_Swiatek,98.45,16.188033333333333,16.44,1327.1103249219136,1.752054794520548,279,124,218,281,499,12.904840840440489,174,136,171,169,3.13,8.87,17.66,20.79,32.65,16.9,SWIATEK
Winston_Salem_2025_Q_Schoolkate_Basavareddy,96.0,14.559050000000001,15.17,1117.099655901608,1.573545966228893,253,126,194,282,476,9.607263455861505,231,118,164,172,10.46,27.72,23.1,18.75,16.19,3.79,BASAVAREDDY
Winston_Salem_2025_R64_Collignon_Basavareddy,97.83333333333333,17.571166666666667,17.96,1182.21190212843,1.4426517571884985,321,129,281,259,540,9.111450714946812,259,121,183,209,9.46,25.28,24.41,22.15,14.84,3.86,BASAVAREDDY
Winston_Salem_2025_Q_Rybakov_Basavareddy,54.18333333333333,8.731666666666666,16.12,656.1890582962889,1.490273556231003,160,82,119,152,271,8.30653634055047,140,70,105,111,12.48,23.46,20.13,20.46,17.68,5.78,BASAVAREDDY
Winston_Salem_2025_R32_Mpetshi-Perricard_Martinez,111.25,17.488016666666667,15.72,1337.890013431245,1.5815112540192926,301,163,269,296,565,11.595969599656993,278,150,166,204,6.84,14.07,22.26,17.78,22.85,16.19,MARTINEZ
Winston_Salem_2025_R64_Goffin_Martinez,92.73333333333333,15.018066666666666,16.19,1299.7379010642956,1.7029411764705882,287,119,281,190,471,10.901983500448436,228,159,177,177,4.61,13.03,23.39,19.72,21.94,17.3,MARTINEZ
Winston_Salem_2025_R32_Kecmanovic_Kovacevic,91.96666666666667,15.883000000000001,17.27,1212.769279154291,1.5362179487179488,309,141,272,240,512,10.889493010670746,211,161,187,208,3.87,17.94,28.93,27.97,17.75,3.54,KECMANOVIC
Winston_Salem_2025_R32_Baez_Carreno-Busta,106.78333333333333,24.4525,22.9,1991.5349051637015,1.6448390677025526,463,141,484,277,761,12.576389854211955,297,203,317,321,4.17,15.48,19.97,19.11,25.13,16.14,BAEZ
Winston_Salem_2025_R32_Tsitsipas_Bu,87.6,16.279999999999998,18.58,1266.2369229473957,1.6543739279588336,301,117,193,296,489,11.087750664981876,223,122,200,175,5.56,11.7,26.53,20.44,23.11,12.67,TSITSIPAS
Winston_Salem_2025_R32_Bellucci_Munar,88.63333333333334,17.420183333333334,19.65,1509.010463119629,1.615068493150685,330,103,301,276,577,11.737981490714969,250,151,203,234,9.41,14.54,26.31,26.52,15.53,7.68,BELLUCCI
Winston_Salem_2025_R64_Comesana_Bellucci,80.21666666666667,14.6829,18.3,1331.5006436486951,1.7163043478260869,267,109,245,261,506,10.976574128688206,267,136,188,182,13.62,16.24,21.31,18.92,19.64,10.27,BELLUCCI
Winston_Salem_2025_R64_Comesana_Bellucci,80.21666666666667,14.6829,18.3,1351.6957497188494,1.75,285,109,261,245,506,11.674236929118196,246,141,196,169,11.62,12.67,13.23,9.72,20.91,31.85,COMESANA
Winston_Salem_2025_R64_Safiullin_O'Connell,81.46666666666667,14.106599999999998,17.32,998.1498970035477,1.4930188679245282,270,120,274,177,451,8.300559478240274,194,149,146,157,3.51,16.84,27.27,18.98,25.71,7.7,O'CONNELL
Winston_Salem_2025_R16_Kecmanovic_Darderi,58.15,10.900616666666668,18.75,775.0596493068049,1.4041062801932367,195,91,157,203,360,8.457675177786067,171,97,109,138,5.37,17.68,31.27,32.83,10.53,2.32,KECMANOVIC
Winston_Salem_2025_R16_Baez_van-de-Zandschulp,109.61666666666666,21.469283333333333,19.59,1700.247557767853,1.5199046483909417,415,134,381,331,712,9.30473848011736,275,204,290,306,1.53,11.76,13.89,19.43,31.07,22.32,BAEZ
Cincinnati_2025_F_Swiatek_Paolini,109.08333333333333,18.4812,16.94,1549.4467688150023,1.7372661870503598,367,142,301,297,598,10.89324518068534,234,150,208,210,5.29,15.28,24.34,31.22,16.69,7.17,SWIATEK
US_Open_2025_1st_Navarro_Wang,119.46666666666667,23.470466666666667,19.65,1686.4496569095957,1.4390022675736962,452,162,297,287,584,14.270864799450054,160,229,252,264,4.18,9.9,26.04,33.34,18.14,8.39,NAVARRO
US_Open_2025_1st_Fonseca_Kecmanovic,146.25,21.07313333333333,14.41,1608.3620858117633,1.5375709421112371,445,224,433,268,701,8.40134995673639,379,201,222,251,6.51,17.52,34.44,24.92,13.06,3.55,KECMANOVIC
US_Open_2025_1st_Fonseca_Kecmanovic,146.25,21.07313333333333,14.41,1680.6407219054593,1.5894438138479001,436,224,268,433,701,11.04277285772848,330,174,264,292,5.72,11.64,24.51,16.07,25.37,16.69,FONSECA
US_Open_2025_1st_Nakashima_de-Jong,223.5,39.10733333333334,17.5,2880.350723467621,1.5991724137931036,727,296,637,649,1286,8.909376834700407,606,308,443,430,8.05,12.19,23.9,21.25,24.36,10.25,NAKASHIMA
US_Open_2025_1st_Arango_Swiatek,60.016666666666666,11.756983333333332,19.59,907.1293995950407,1.513103448275862,222,86,163,160,323,7.224456986765362,175,73,125,132,11.09,11.09,21.89,25.72,23.24,6.97,SWIATEK
US_Open_2025_1st_Haddad-Maia_Kartal,134.65,31.00041666666667,23.02,2269.8951005628023,1.5234957020057305,531,156,390,396,786,10.363184623868833,281,189,380,360,9.27,9.4,25.65,38.09,12.33,5.25,HADDAD MAIA
US_Open_2025_1st_Sinner_Kopriva,98.53333333333333,19.749166666666667,20.04,1463.666166114231,1.6523809523809523,340,131,279,284,563,11.223943275872356,290,157,209,177,9.83,12.52,23.11,27.29,18.59,8.67,SINNER
US_Open_2025_1st_Mensik_Jarry,144.3,22.786416666666664,15.79,1612.5198852812332,1.6781565656565656,390,201,363,331,694,12.077882839243577,336,187,231,300,6.7,12.64,19.78,14.56,20.87,25.46,MENSIK
US_Open_2025_R64_Navarro_Mcnally,76.68333333333334,15.948383333333334,20.8,1221.5472382362868,1.4308510638297873,323,101,217,299,516,9.146437831964011,122,172,216,199,2.62,7.18,19.88,32.17,27.11,11.05,NAVARRO
US_Open_2025_R64_Fonseca_Machac,118.23333333333333,21.620266666666666,18.29,1636.2341714970783,1.659125,385,172,294,372,666,11.785624965683066,301,155,245,272,6.35,10.48,20.69,16.24,25.38,20.87,FONSECA
US_Open_2025_R64_Nakashima_Kym,259.6,48.725566666666666,18.77,3369.930256476443,1.5243365330321852,896,366,781,743,1524,12.140012829568294,663,388,523,549,5.53,11.93,21.7,17.15,28.19,15.51,NAKASHIMA
US_Open_2025_R64_Mensik_Blanchet,263.31666666666666,50.216816666666666,19.07,3978.334995545471,1.6495322245322244,964,367,762,908,1670,10.562011119938104,818,432,577,738,8.57,10.84,22.48,24.36,19.92,13.83,MENSIK
US_Open_2025_1st_Bondar_Svitolina,100.08333333333333,21.162533333333332,21.14,1612.528871655036,1.5831003811944093,381,146,347,246,593,9.537960062110676,271,191,232,273,6.15,10.3,23.37,24.31,25.83,10.04,BONDAR
US_Open_2025_R64_Sakkari_Bondar,75.43333333333334,15.3971,20.41,1232.5375726581142,1.6109612141652614,301,101,251,229,480,8.50713518541634,183,131,203,209,4.41,6.85,22.06,28.35,26.57,11.75,BONDAR
US_Open_2025_R64_Lamens_Swiatek,125.93333333333334,25.124233333333333,19.95,1863.488495520261,1.5297093649085036,462,171,340,360,700,11.430671124387668,292,195,280,290,6.19,8.38,20.47,26.5,30.88,7.58,SWIATEK
US_Open_2025_R64_Haddad-Maia_Golubic,93.1,23.978783333333336,25.76,2141.4211532926406,1.6529665587918014,453,107,375,363,738,11.600171407396276,264,213,355,346,8.36,7.15,18.72,38.16,21.44,6.18,HADDAD MAIA
US_Open_2025_R64_Tsitsipas_Altmaier,261.5,47.35696666666667,18.11,3419.872681921347,1.7848178137651822,760,335,494,748,1242,13.445122924852098,696,210,490,403,14.16,12.13,24.6,17.07,19.03,13.02,TSITSIPAS
US_Open_2025_R64_Sinner_Popyrin,120.61666666666666,20.06425,16.63,1779.2639042142214,1.7806733167082294,396,156,385,338,723,8.955682516426606,378,172,246,259,7.66,16.56,22.02,25.29,15.63,12.85,SINNER
US_Open_2025_R64_Vekic_Gauff,98.63333333333334,15.275450000000001,15.49,1224.1781962376485,1.541826923076923,300,124,197,230,427,11.630472107095333,161,131,172,212,3.29,6.05,17.9,26.02,37.11,9.63,GAUFF
US_Open_2025_1st_Tomljanovic_Gauff,176.48333333333332,40.45603333333334,22.92,3136.007372906455,1.456073619631902,806,226,446,660,1106,11.906086253525125,431,319,467,556,4.14,5.77,14.67,23.75,40.17,11.5,GAUFF
US_Open_2025_R32_Navarro_Krejcikova,150.31666666666666,30.023183333333336,19.97,1977.2623470508174,1.3756410256410256,533,204,380,337,717,9.610968065609836,155,334,331,324,1.78,6.97,24.21,31.06,25.16,10.82,NAVARRO
US_Open_2025_R32_Frech_Gauff,73.45,18.485400000000002,25.17,1512.4532868464094,1.5158839779005524,352,93,299,264,563,11.28418227843466,213,150,244,241,5.08,7.44,17.17,27.85,36.14,6.31,GAUFF
US_Open_2025_R32_Kalinskaya_Swiatek,116.56666666666666,19.81755,17.0,1366.8552401834181,1.4788903924221923,371,163,241,339,580,11.173231435922087,211,143,210,245,2.82,8.7,20.88,21.32,36.52,9.76,SWIATEK
US_Open_2025_R32_Sinner_Shapovalov,191.36666666666667,35.420833333333334,18.51,2983.2309112615612,1.8089257503949447,615,236,619,471,1090,15.038247036088023,568,292,438,352,8.22,13.31,19.09,23.71,17.97,17.7,SINNER
US_Open_2025_R32_Haddad-Maia_Sakkari,70.66666666666667,13.6242,19.28,1035.782757448761,1.5088631984585743,257,90,230,185,415,8.50493148058109,121,121,194,172,3.18,8.01,19.43,37.54,26.6,5.24,HADDAD MAIA
US_Open_2025_R16_Sinner_Bublik,81.61666666666666,15.384233333333333,18.85,1227.7811285347002,1.7318815331010453,270,129,183,335,518,11.502846587701749,284,95,166,174,7.35,12.1,19.99,32.08,16.56,11.92,SINNER
US_Open_2025_R16_Osaka_Gauff,64.5,11.921866666666666,18.48,781.4802757698665,1.3806741573033707,225,88,177,152,329,10.291143268803935,141,79,117,132,7.01,10.05,22.44,24.14,31.87,4.49,GAUFF
US_Open_2025_R16_Osaka_Gauff,64.5,11.921866666666666,18.48,818.7012973658278,1.432134831460674,220,88,152,177,329,10.330095280555993,122,79,125,157,2.26,11.42,17.0,29.0,33.38,6.95,OSAKA
US_Open_2025_R16_Alexandrova_Swiatek,64.43333333333334,10.141933333333332,15.74,724.2154769046475,1.496401028277635,193,97,139,168,307,9.407714793140242,127,72,100,138,3.82,10.03,23.74,21.36,28.99,12.05,SWIATEK
US_Open_2025_R16_Anisimova_Haddad-Maia,75.08333333333333,11.80655,15.72,849.0442191572339,1.4448351648351647,230,103,199,110,309,10.264627021634777,94,98,139,134,2.05,10.83,27.43,33.25,22.54,3.9,HADDAD MAIA
US_Open_2025_QF_Sinner_Musetti,119.38333333333334,23.340449999999997,19.55,2027.0502332606352,1.8532451923076925,421,141,399,331,730,11.372462151524068,357,188,271,256,9.31,12.52,22.58,29.09,15.0,11.5,SINNER
US_Open_2025_QF_Anisimova_Swiatek,96.6,15.010316666666666,15.54,1084.9535326313974,1.6018587360594794,262,121,224,170,394,11.789602136920674,147,143,136,184,2.22,9.38,24.33,21.14,28.57,14.36,SWIATEK
US_Open_2025_SF_Sinner_Auger-Aliassime,200.83333333333334,29.3749,14.63,2624.8419935051875,1.8185787671232876,585,219,537,515,1052,12.801507258326144,518,284,367,366,5.89,13.6,21.71,25.7,16.52,16.59,SINNER
US_Open_2025_F_Sinner_Alcaraz,161.95,28.55956666666667,17.63,2366.1157973388795,1.806992337164751,535,199,575,345,920,12.133456124508376,466,244,313,307,9.35,17.91,23.91,23.51,14.82,10.5,SINNER
Chengdu_2025_R32_Bergs_Shang,130.16666666666666,18.804816666666667,14.45,1595.9212479058392,1.7524079320113315,360,161,296,341,637,12.351099136675126,326,142,239,239,8.69,16.73,20.25,22.72,18.6,13.02,BERGS
Hangzhou_2025_Q_Basavareddy_Onclin,65.93333333333334,8.243633333333333,12.5,565.6264992208703,1.3961783439490445,162,78,131,123,254,9.836492335247062,131,62,87,84,8.37,28.64,24.04,23.19,11.18,4.58,BASAVAREDDY
Hangzhou_2025_Q_Basavareddy_Zhukayev,88.23333333333333,13.987150000000002,15.85,697.6928013779977,1.432981530343008,185,99,129,183,312,8.750811021383171,157,74,106,108,5.71,26.12,19.93,16.82,21.13,10.28,BASAVAREDDY
Hangzhou_2025_Q_Hijikata_Eubanks,132.53333333333333,16.8616,12.72,1216.072144929558,1.4491283676703646,326,185,245,312,557,8.382426699278453,302,106,179,173,5.91,27.78,19.86,16.32,17.48,12.66,EUBANKS
Chengdu_2025_R32_Halys_O'Connell,131.23333333333332,22.98755,17.52,1731.7282405682574,1.702788844621514,371,181,314,364,678,10.7575709985287,288,164,245,237,10.69,16.38,21.58,11.21,16.38,23.75,O'CONNELL
Chengdu_2025_R32_Giron_Quinn,90.61666666666666,19.05003333333333,21.02,1288.8279328339083,1.6508650519031143,286,130,231,256,487,10.98344901821279,270,124,177,198,11.5,19.59,23.83,19.51,15.85,9.72,QUINN
Chengdu_2025_R16_Zhou_O'Connell,92.88333333333334,16.77028333333333,18.06,1305.9277261674788,1.6144927536231883,304,132,261,221,482,13.41721298369685,222,146,215,200,6.56,13.49,24.77,15.23,21.18,18.77,O'CONNELL
Hangzhou_2025_R32_Basavareddy_Cilic,153.21666666666667,23.994333333333334,15.66,1608.9761334646764,1.5384520884520885,402,182,395,219,614,14.084983774622367,279,196,239,246,2.95,21.78,16.48,11.46,18.7,28.64,BASAVAREDDY
Hangzhou_2025_R32_Bu_Zhang,167.0,27.40823333333333,16.41,2082.429188138687,1.504747774480712,513,221,406,488,894,12.244590970531265,392,180,329,294,4.69,15.45,15.12,12.53,20.67,31.54,ZHANG
Hangzhou_2025_R32_Dzumhur_Etcheverry,75.2,11.2035,14.9,977.7701492473359,1.6217002237136464,211,97,190,218,408,11.374361860568875,163,95,143,152,8.23,15.96,13.41,22.43,33.79,6.19,ETCHEVERRY
Beijing_2025_Q_Rinderknech_Basavareddy,74.61666666666666,11.3846,15.26,878.0977473299829,1.611566265060241,206,104,228,124,352,12.666410809628715,165,84,116,115,11.39,23.33,19.9,15.12,14.08,16.19,BASAVAREDDY
Hangzhou_2025_R16_Basavareddy_Medvedev,75.7,16.669283333333333,22.02,1342.562070741981,1.6939965694682677,292,100,321,186,507,11.242072020009138,223,127,192,182,8.93,16.97,16.45,19.76,23.28,14.61,BASAVAREDDY
Beijing_2025_R32_Atmane_Zhang,71.68333333333334,12.951933333333333,18.07,903.9538806448144,1.5812796208530804,219,109,225,131,356,10.723465697015373,153,92,145,104,7.64,19.98,24.39,12.96,9.56,25.47,ZHANG
Hangzhou_2025_R16_Svrcina_Zhang,92.46666666666667,16.66415,18.02,1414.3814053971987,1.5710682492581605,356,125,348,238,586,9.047806013865728,278,119,216,204,10.17,18.14,20.36,17.36,20.78,13.2,ZHANG
Beijing_2025_R32_Bonzi_Marozsan,91.66666666666667,17.589116666666666,19.19,1181.3729554973133,1.5197019867549668,286,137,144,343,487,8.270097806480692,227,104,169,186,5.53,15.63,18.49,23.44,24.41,12.5,MAROZSAN
Beijing_2025_R32_Kecmanovic_Mensik,111.75,19.496100000000002,17.45,1482.852656519915,1.5331134564643798,393,163,302,336,638,7.866739469221549,287,171,220,253,4.99,14.54,23.79,18.39,22.81,15.47,MENSIK
Beijing_2025_R32_Kecmanovic_Mensik,111.75,19.496100000000002,17.45,1439.8896829378807,1.483377308707124,365,163,336,302,638,11.21327311943494,275,204,194,243,4.59,19.19,28.12,21.53,21.66,4.91,KECMANOVIC
Beijing_2025_R32_Rublev_Cobolli,112.15,22.965449999999997,20.48,1638.1306485962918,1.5860935524652338,399,154,328,354,682,12.431315923240728,259,158,253,244,3.78,13.13,16.58,9.95,15.39,41.18,COBOLLI
Beijing_2025_R32_Sinner_Cilic,80.83333333333333,12.170549999999999,15.06,912.5550100633532,1.7584323040380045,197,100,177,139,316,8.108474586833221,157,128,145,109,3.61,19.27,19.15,18.15,14.7,25.12,SINNER
Tokyo_2025_R32_Thompson_Nakashima,184.15,27.148062916666667,14.74,2819.191329396495,1.6416605437178546,669,235,596,613,1209,9.804497005578911,485,291,406,477,5.37,11.9,18.69,20.55,27.74,15.75,NAKASHIMA
Chengdu_2025_R16_Shang_Nakashima,101.4,22.148883333333334,21.84,1573.496222228547,1.610344827586207,357,138,298,333,631,9.197915429470203,248,174,242,219,7.66,12.57,18.07,15.18,22.81,23.71,NAKASHIMA
Chengdu_2025_QF_Giron_Nakashima,131.88333333333333,27.604716666666665,20.93,2148.226673876919,1.5435175879396985,501,178,433,398,831,10.24610968744568,319,220,339,324,5.93,11.71,16.2,14.11,21.74,30.32,NAKASHIMA
Chengdu_2025_SF_Nakashima_Tabilo,93.66666666666667,20.11231666666667,21.47,1359.161284404659,1.5281931464174454,328,124,303,224,527,13.986926817495124,214,148,211,201,5.23,14.18,20.22,20.26,24.85,15.26,NAKASHIMA
Hangzhou_2025_R16_Etcheverry_Hijikata,88.08333333333333,14.215666666666667,16.14,1234.5901044750676,1.6469314079422381,264,114,203,294,497,9.496449650926545,170,126,187,194,4.49,14.62,12.31,17.98,34.9,15.7,ETCHEVERRY
Tokyo_2025_Q_O'Connell_van-de-Zandschulp,68.01666666666667,12.1267,17.83,900.6775775940175,1.6088992974238876,214,92,194,190,384,11.284749324727851,144,103,136,133,8.47,15.4,25.82,16.7,13.49,20.12,O'CONNELL
Tokyo_2025_Q_Shimizu_Quinn,93.05,10.935375950000001,11.75,1295.2729954322383,1.7863175675675675,288,137,259,245,504,11.969739075409878,244,157,204,222,6.83,18.74,23.44,17.32,22.23,11.45,QUINN
Tokyo_2025_R32_Michelsen_Quinn,82.01666666666667,8.393179033333332,10.23,990.5545977423716,1.7231732776617954,241,121,176,255,431,10.489681217585854,241,102,140,160,8.79,16.16,26.94,19.37,21.13,7.61,QUINN
Tokyo_2025_R16_Vukic_Altmaier,82.76666666666667,10.256648716666666,12.39,1248.3622720616297,1.9277227722772277,257,107,249,216,465,12.158157125245264,226,107,153,220,6.59,13.79,15.6,10.83,15.87,37.32,ALTMAIER
Tokyo_2025_R32_Alcaraz_Baez,113.11666666666666,10.399255049999999,9.19,1273.9039108152253,1.9055452865064697,275,110,263,211,474,12.985097991753827,231,125,184,189,6.39,14.45,19.57,17.65,25.45,16.49,BAEZ
Tokyo_2025_R32_Alcaraz_Baez,113.11666666666666,10.399255049999999,9.19,1174.6626344085196,1.7622920517560074,266,110,211,263,474,10.233800584280402,194,129,170,173,8.79,14.37,18.25,19.45,26.69,12.45,ALCARAZ
Tokyo_2025_R32_Bergs_Tabilo,167.81666666666666,20.969393,12.5,2404.3706544279403,1.8144688644688645,552,216,478,445,923,10.59271780308274,532,205,326,420,11.88,15.78,22.51,27.13,14.31,8.38,BERGS
Beijing_2025_R16_Marozsan_Muller,92.9,15.706349999999999,16.91,1087.438651844383,1.4388704318936878,298,141,214,262,476,7.768589419885646,213,116,157,168,4.12,18.5,25.57,29.05,20.52,2.25,MAROZSAN
Beijing_2025_R16_Sinner_Atmane,140.18333333333334,30.4487,21.72,1817.0651303698119,1.6925879396984924,406,171,412,276,688,10.977834346352914,323,166,271,235,7.0,18.1,22.05,19.66,14.43,18.77,SINNER
Tokyo_2025_R16_Alcaraz_Bergs,78.88333333333334,8.626754633333332,10.94,1232.5282445569583,2.1366666666666663,236,112,200,234,434,11.40779822583704,236,139,170,174,10.6,20.27,21.03,22.64,14.15,11.32,BERGS
Tokyo_2025_R16_Nakashima_Fucsovics,115.11666666666666,19.12252975,16.61,1928.41141204732,1.642483660130719,444,141,415,326,741,10.030093824957364,275,226,309,308,3.45,8.75,15.63,15.55,28.42,28.2,NAKASHIMA
Tokyo_2025_R16_Quinn_Rune,73.3,10.829236283333334,14.77,1270.9864118803284,1.8531250000000001,270,102,225,259,484,9.549702329469747,242,121,162,194,11.75,14.1,21.34,22.36,21.02,9.43,QUINN
Beijing_2025_R16_Cazaux_Mensik,130.78333333333333,24.712333333333333,18.9,1868.072765463562,1.6096109839816932,435,169,330,405,735,12.86662477439995,384,202,264,286,7.93,14.38,20.23,19.38,21.52,16.56,MENSIK
Beijing_2025_R16_Cobolli_Tien,73.0,19.052599999999998,26.1,1299.306577871067,1.6111298482293424,300,108,239,273,512,12.80665874296785,201,124,215,182,5.43,13.42,20.91,16.67,17.25,26.32,COBOLLI
Beijing_2025_R64_Osaka_Sasnovich,116.21666666666667,22.4982,19.36,1980.651673175803,1.8480629539951574,416,157,403,364,767,10.45519710942814,254,189,255,286,4.64,12.24,21.46,40.2,18.28,3.18,OSAKA
Beijing_2025_R64_Rakhimova_Gauff,102.1,26.544433333333334,26.0,2446.5416401562907,1.8877913429522752,441,125,393,382,775,13.665505892550312,351,244,285,328,5.87,8.49,18.51,33.59,24.39,9.14,GAUFF
Beijing_2025_R64_Ruse_Navarro,122.91666666666667,21.19991666666667,17.25,2060.853989286016,1.9025331724969843,397,156,342,341,683,11.633127516918208,143,278,308,250,3.09,11.62,19.4,25.74,24.67,15.48,NAVARRO
Beijing_2025_R64_Swiatek_Yuan,74.55,13.971466666666666,18.74,1254.330649601038,1.7871268656716417,257,103,167,290,457,11.160874978110035,167,131,154,193,5.94,11.93,21.6,36.43,17.34,6.76,SWIATEK
Beijing_2025_R32_Fernandez_Gauff,165.41666666666666,33.032516666666666,19.97,3476.308877658084,2.0181203007518795,658,204,578,602,1180,11.552228049651704,560,353,443,415,6.42,11.7,21.98,35.2,19.95,4.76,GAUFF
Beijing_2025_QF_Sinner_Marozsan,80.25,15.58315,19.42,1217.117876943904,1.8508704061895551,261,103,224,181,405,9.948113193118846,210,131,173,155,5.5,14.97,20.63,18.36,22.11,18.44,SINNER
Tokyo_2025_QF_Alcaraz_Nakashima,80.15,10.321803116666667,12.88,1168.3904466997137,1.7799249530956849,264,109,285,196,481,11.446284303709376,214,159,165,161,9.22,16.21,24.92,18.09,18.42,13.13,NAKASHIMA
Beijing_2025_R32_Boisson_Navarro,44.666666666666664,8.654133333333334,19.37,774.3071602094977,1.8344262295081968,153,60,133,112,245,9.13472489234698,68,91,115,91,4.18,13.5,20.22,30.62,20.85,10.63,NAVARRO
Beijing_2025_R32_Swiatek_Osorio,40.31666666666667,6.034566666666667,14.97,485.47639399278273,1.636683417085427,98,49,90,73,163,8.980014108393211,74,48,49,69,5.5,18.59,31.24,30.77,10.93,2.97,SWIATEK
Beijing_2025_SF_Sinner_de-Minaur,140.13333333333333,29.681266666666666,21.18,2088.631878576263,1.5886868686868687,504,173,457,402,859,11.43609674107374,394,229,331,285,5.99,16.84,19.48,28.53,17.06,12.11,SINNER
Shanghai_2025_Q_Basavareddy_Vacherot,151.36666666666667,28.927716666666665,19.11,1710.459051979085,1.467225950782998,450,196,406,359,765,9.98517082702014,327,195,251,272,4.38,22.07,21.65,18.0,19.07,14.84,BASAVAREDDY
Beijing_2025_F_Sinner_Tien,72.7,14.660866666666667,20.17,1045.501326017611,1.6639751552795032,244,96,181,240,421,11.95814376071364,188,110,158,137,5.7,17.96,22.09,26.15,18.09,10.01,SINNER
Beijing_2025_R16_Swiatek_Navarro,149.65,22.688699999999997,15.16,1895.9151909749135,1.6285219399538107,460,180,355,301,656,15.723663608419448,312,195,225,234,11.22,16.4,23.22,29.16,16.31,3.68,SWIATEK
Beijing_2025_R16_Swiatek_Navarro,149.65,22.688699999999997,15.16,2075.098317888143,1.8200923787528869,406,180,301,355,656,11.667946102488632,145,300,297,244,5.38,10.56,18.92,26.24,22.59,16.31,NAVARRO
Beijing_2025_R16_Bencic_Gauff,149.28333333333333,31.507266666666666,21.11,2931.70090225855,1.8570957095709573,599,207,417,611,1028,13.211899327166009,468,295,380,346,4.83,10.74,20.36,30.02,28.68,5.36,GAUFF
Shanghai_2025_1st_Cazaux_Martinez,180.71666666666667,33.66226666666667,18.63,2084.981947926318,1.6378177966101695,473,192,586,273,859,9.107775327834624,456,221,282,296,13.13,18.43,25.49,19.55,17.61,5.78,MARTINEZ
Shanghai_2025_1st_Comesana_Blanchet,90.98333333333333,14.280266666666668,15.7,1144.0538829858679,1.6633333333333333,252,111,228,212,440,9.55668327766649,228,83,160,156,10.47,17.14,16.15,8.29,13.26,34.68,COMESANA
Shanghai_2025_1st_Dzumhur_O'Connell,96.95,18.1515,18.72,1419.5127171634138,1.6303656597774245,324,132,302,259,561,11.282801592819087,289,143,179,197,13.27,19.89,28.81,25.2,10.66,2.17,O'CONNELL
Shanghai_2025_1st_Korda_Bergs,97.5,19.367250000000002,19.86,1468.344413540378,1.810097719869707,307,131,271,289,560,11.3390682219529,288,162,199,240,8.74,20.07,20.14,23.99,16.91,10.15,BERGS
Shanghai_2025_1st_Majchrzak_Quinn,66.03333333333333,13.409483333333332,20.31,851.4542876096266,1.484862385321101,228,98,166,203,369,9.418922571643364,216,79,135,141,10.42,16.07,20.74,19.03,20.77,12.97,QUINN
Shanghai_2025_1st_Marozsan_Wawrinka,106.6,24.0833,22.59,1567.7467922597634,1.5265544041450778,393,155,268,305,573,12.4778837534884,262,168,244,218,5.26,19.27,24.9,28.04,20.17,2.35,MAROZSAN
Shanghai_2025_1st_Schoolkate_Altmaier,81.81666666666666,11.305833333333334,13.82,1010.1805108673086,1.7869458128078817,206,104,181,188,369,14.933647070202785,193,85,136,156,15.4,14.32,14.82,10.96,18.39,26.11,ALTMAIER
Shanghai_2025_1st_Walton_Bellucci,83.43333333333334,15.59695,18.69,1194.1429544715504,1.7098837209302324,260,112,243,216,459,10.771461336529208,221,106,189,177,6.13,15.24,15.73,17.62,20.28,25.0,BELLUCCI
Shanghai_2025_1st_Zhang_Baez,120.65,21.41105,17.75,1794.688921446998,1.6891041162227602,415,172,350,333,683,8.81261164296382,288,170,281,284,2.85,15.44,16.95,14.45,23.13,27.19,BAEZ
Shanghai_2025_1st_Zhang_Baez,120.65,21.41105,17.75,1577.3724205171877,1.487409200968523,411,172,333,350,683,10.246714222535484,288,156,256,265,4.21,15.15,19.94,21.61,26.78,12.31,ZHANG
Beijing_2025_QF_Lys_Gauff,88.0,16.338466666666665,18.57,1700.4915554638035,1.9801213960546284,325,105,265,335,600,10.639229297755056,260,194,219,213,4.18,10.74,22.43,35.96,22.21,4.48,GAUFF
Shanghai_2025_1st_Tien_Kecmanovic,126.3,23.655633333333334,18.73,1883.2521649505823,1.5185104052573932,453,179,466,337,803,12.534154872580345,385,187,286,287,12.35,22.71,28.02,25.24,10.79,0.9,KECMANOVIC
Shanghai_2025_R64_Baez_Rune,106.51666666666667,25.034166666666668,23.5,1755.4359031827912,1.7161538461538461,382,139,394,282,676,12.440995023758145,287,173,263,283,5.75,15.75,15.17,18.0,21.54,23.79,BAEZ
Shanghai_2025_R64_Bellucci_Machac,108.61666666666666,22.030066666666666,20.28,1583.9942941219222,1.6292984869325997,375,158,335,277,612,14.441055223901278,314,155,246,237,7.34,16.8,15.29,13.87,23.32,23.38,BELLUCCI
Shanghai_2025_R64_Bergs_Ruud,127.31666666666666,17.56703333333333,13.8,1473.6415537624143,1.7609907120743034,324,151,228,359,587,9.173738243435084,322,139,200,233,8.06,19.16,20.59,23.51,16.86,11.82,BERGS
Shanghai_2025_R64_Fritz_Marozsan,140.73333333333332,27.761216666666666,19.73,1904.7774744802796,1.60465872156013,472,202,388,296,684,10.721516612122382,373,186,280,257,8.93,16.66,24.15,21.66,16.85,11.75,MAROZSAN
Shanghai_2025_R64_Munar_Cobolli,92.11666666666666,17.269516666666668,18.75,1371.561330177214,1.5850318471337579,323,114,262,288,550,14.661873085330038,247,100,192,176,12.31,14.01,19.96,14.97,13.25,25.51,COBOLLI
Shanghai_2025_R64_Nakashima_Majchrzak,69.81666666666666,12.123433333333335,17.36,968.9923108488035,1.488888888888889,248,103,249,156,405,13.22014678553375,209,107,132,150,7.45,16.55,22.4,25.74,23.3,4.56,NAKASHIMA
Shanghai_2025_R64_Comesana_Musetti,87.0,16.50283333333333,18.97,1589.9017760873,1.8728026533996682,309,91,289,253,542,11.974879253317956,242,134,208,214,11.79,12.55,13.05,11.13,14.79,36.69,COMESANA
Shanghai_2025_R64_Shapovalov_O'Connell,72.06666666666666,10.819666666666667,15.01,855.4267150476345,1.5317972350230413,215,100,204,159,363,9.56221613804608,161,108,142,124,3.12,14.82,21.83,15.08,19.5,25.65,O'CONNELL
Shanghai_2025_R64_de-Jong_Mensik,148.16666666666666,22.485400000000002,15.18,1590.1458571646513,1.4789215686274508,410,202,298,428,726,11.828253476673924,396,149,228,232,11.08,18.68,23.36,18.45,15.0,13.44,MENSIK
Shanghai_2025_R64_Altmaier_Sinner,97.83333333333333,15.739133333333333,16.09,1389.9102673291195,1.8892086330935254,289,114,255,244,499,10.364891858148225,233,144,182,226,9.03,14.11,15.33,11.4,18.5,31.61,ALTMAIER
Shanghai_2025_R64_Altmaier_Sinner,97.83333333333333,15.739133333333333,16.09,1254.4275363228055,1.6964028776978417,267,114,244,255,499,9.82736081432375,282,115,180,171,13.16,20.17,21.45,19.63,13.95,11.64,SINNER
Beijing_2025_QF_Navarro_Pegula,126.81666666666666,27.870616666666667,21.98,2534.5863916555127,1.8122159090909091,518,177,369,467,836,10.415100301934306,217,308,356,322,8.66,9.44,22.63,31.67,20.53,7.06,NAVARRO
Beijing_2025_SF_Anisimova_Gauff,56.8,10.7226,18.88,838.936859475777,1.718,178,86,146,168,314,7.310099671856107,146,92,132,92,2.22,18.26,18.21,25.29,31.8,4.22,GAUFF
Shanghai_2025_R32_Cerundolo_Bergs,129.53333333333333,17.69855,13.66,1528.4200344508413,1.73141592920354,337,154,312,313,625,10.2928024723666,330,174,210,247,7.71,22.15,18.95,22.24,16.32,12.63,BERGS
Shanghai_2025_R32_Griekspoor_Sinner,153.93333333333334,24.222066666666667,15.74,1790.4224029413176,1.76496062992126,372,178,264,408,672,10.936362776889862,340,188,232,246,9.02,18.41,21.08,21.38,14.74,15.37,SINNER
Shanghai_2025_R16_Diallo_Bergs,168.21666666666667,24.3735,14.49,1976.1308024896443,1.8131609870740306,430,201,400,368,768,11.670528199130548,422,199,265,306,9.92,22.9,19.75,18.85,13.99,14.57,BERGS
Shanghai_2025_QF_Bergs_Djokovic,110.71666666666667,19.565566666666665,17.67,1656.7021949709242,1.761070911722142,358,131,270,342,612,13.784218458262812,304,165,217,266,12.74,18.08,23.24,23.96,13.66,8.31,BERGS
RG_2025_R32_Cristian_Swiatek,114.15,21.859166666666667,19.15,1309.155568958403,1.6096219931271476,292,135,225,228,453,11.378255095181114,136,117,185,200,4.95,8.77,16.5,17.28,37.9,14.6,CRISTIAN
Almaty_2025_R32_Marozsan_Nardi,80.18333333333334,14.042783333333334,17.51,1084.651938737644,1.5321818181818183,265,129,165,233,398,10.981419822028048,200,123,183,148,5.76,17.18,23.07,27.38,21.05,5.56,MAROZSAN
Brussels_2025_Q_Spizzirri_Blockx,99.15,19.0007,19.16,1834.02946505071,1.8415343915343916,382,147,316,339,655,15.33066861427401,281,224,247,262,6.35,15.35,20.67,22.32,23.01,12.3,BLOCKX
Brussels_2025_Q_Onclin_Blockx,87.71666666666667,17.41,19.85,1594.3501556164208,1.8415545590433482,329,128,247,341,588,10.07575858891143,256,200,228,206,7.82,16.82,20.8,21.04,21.47,12.05,BLOCKX
Brussels_2025_R32_Giron_Bellucci,77.91666666666667,16.929083333333335,21.73,1354.7706716597556,1.5946078431372548,310,118,275,243,518,9.147700320089577,241,136,225,207,7.23,14.98,16.2,20.36,23.75,17.48,BELLUCCI
Stockholm_2025_Q_Quinn_Lajal,117.41666666666667,19.80745,16.87,1628.8051932280644,1.708695652173913,374,165,325,330,655,10.486928016128829,379,153,239,220,16.13,16.77,21.3,18.99,16.88,9.91,QUINN
Stockholm_2025_Q_Quinn_Slavic,68.0,10.561516666666668,15.53,945.9042543619014,1.5625,233,104,171,243,414,12.06370242305248,214,106,134,136,9.16,18.24,25.37,24.08,18.13,5.03,QUINN
Stockholm_2025_R32_Kecmanovic_Muller,83.13333333333334,18.172700000000003,21.86,1616.4195509895917,1.6623497997329773,364,109,256,426,682,10.69169393795159,266,175,229,268,6.29,14.97,27.7,34.63,12.52,3.88,KECMANOVIC
Stockholm_2025_R32_Lajal_Etcheverry,174.9,30.26996666666667,17.31,2537.1252657335262,1.6636992221261886,577,204,573,411,984,10.476135859808606,359,258,386,397,5.96,14.48,14.43,19.5,29.49,16.14,ETCHEVERRY
Almaty_2025_R32_Nakashima_Medjedovic,82.36666666666666,14.153250000000002,17.18,1089.2049132166005,1.5747572815533981,249,130,198,247,445,9.206517354103584,200,139,151,165,6.16,12.93,19.4,17.1,23.71,20.69,NAKASHIMA
Brussels_2025_R32_Comesana_Goffin,95.43333333333334,15.836416666666668,16.59,1323.9761348282516,1.6962962962962964,294,133,277,232,509,11.030414582665754,276,131,170,181,7.22,17.37,15.86,17.36,22.77,19.42,COMESANA
Brussels_2025_R32_Royer_Baez,74.08333333333333,16.355,22.08,1116.4993234424028,1.5578181818181818,276,103,284,181,465,9.408418400964258,180,129,176,202,4.67,14.6,14.61,13.18,29.47,23.46,BAEZ
Brussels_2025_R32_Bergs_Collignon,118.73333333333333,18.470716666666664,15.56,1547.4755602933926,1.770749279538905,365,156,352,294,646,7.749197734419608,379,116,200,265,13.76,24.14,20.32,20.08,12.24,9.46,BERGS
Brussels_2025_R32_Fonseca_van-de-Zandschulp,122.13333333333334,26.58335,21.77,1570.639772067668,1.5012468827930174,415,168,432,255,687,12.261937342898348,287,207,240,251,5.75,15.08,23.72,19.71,25.21,10.54,FONSECA
Brussels_2025_R32_Spizzirri_Martinez,77.55,13.722416666666668,17.69,1172.584726564726,1.7061895551257253,256,96,240,209,449,12.936804895902329,229,103,169,177,8.54,15.2,15.31,17.05,19.39,24.51,MARTINEZ
Almaty_2025_R16_Hijikata_Cobolli,78.26666666666667,14.7543,18.85,1160.6468683879314,1.6569343065693432,266,124,219,267,486,8.2242166786349,199,112,179,151,8.31,15.42,18.78,14.44,22.33,20.73,COBOLLI
Almaty_2025_R16_Nakashima_Marozsan,78.5,14.202583333333333,18.09,1136.813925566812,1.5601423487544483,275,119,264,193,457,10.932998241334898,205,131,165,178,4.43,13.87,19.79,16.0,29.93,15.99,NAKASHIMA
Almaty_2025_R16_Nakashima_Marozsan,78.5,14.202583333333333,18.09,1168.7354314498261,1.6201067615658362,287,119,193,264,457,7.8712770750123715,207,114,174,174,7.37,15.08,22.33,29.07,21.82,4.32,MAROZSAN
Brussels_2025_R16_Collignon_Comesana,156.21666666666667,29.0232,18.58,2218.706492777426,1.6935975609756098,505,211,464,451,915,10.399072136273446,448,201,302,334,8.71,17.57,14.34,9.77,17.19,32.42,COMESANA
Almaty_2025_QF_Marozsan_Medvedev,65.93333333333334,13.039633333333335,19.78,1009.8941521852688,1.5461697722567287,240,112,161,236,397,8.882036625455637,192,85,167,140,9.06,14.22,22.61,31.07,19.25,3.78,MAROZSAN
Stockholm_2025_R16_Etcheverry_Kecmanovic,143.05,24.633300000000002,17.22,2272.032504404997,1.702686567164179,518,190,542,346,888,12.767665150936214,335,244,322,352,6.04,19.31,17.26,18.71,25.85,12.82,ETCHEVERRY
Stockholm_2025_QF_Rune_Etcheverry,153.5,24.6311,16.05,2186.8997896114743,1.6584944048830113,490,201,545,268,813,14.267418535404502,311,243,300,332,9.57,20.77,18.06,17.63,22.22,11.75,ETCHEVERRY
Stockholm_2025_R16_Etcheverry_Kecmanovic,143.05,24.633300000000002,17.22,2199.6146011243786,1.6530348258706467,487,190,346,542,888,10.667214900806744,403,233,320,326,3.83,14.57,25.54,31.87,19.15,5.02,KECMANOVIC
Basel_2025_Q_Comesana_Goffin,83.5,15.908633333333334,19.05,1373.1979442829218,1.705,310,118,304,229,533,10.481780572520918,235,134,191,194,3.71,15.08,13.93,13.17,19.66,34.45,COMESANA
Basel_2025_Q_Martinez_Majchrzak,109.43333333333334,22.109316666666665,20.2,1697.962646489596,1.6610824742268042,397,137,377,291,668,9.84706214381578,328,168,235,296,5.23,13.5,15.18,20.67,25.99,19.43,MARTINEZ
Basel_2025_Q_van-de-Zandschulp_Bellucci,104.4,19.774033333333332,18.94,1570.1163553717706,1.704,346,144,345,274,619,15.40880164537474,301,166,250,231,7.59,16.71,16.4,17.15,17.26,24.89,BELLUCCI
Vienna_2025_Q_Dzumhur_Quinn,84.2,19.02235,22.59,1582.286399571851,1.6866571018651362,362,128,334,312,646,9.848786063745944,325,144,206,234,16.41,18.19,25.61,23.7,12.31,3.77,QUINN
Vienna_2025_Q_Kopriva_Quinn,111.06666666666666,22.16825,19.96,1853.1185727499176,1.6626993865030675,404,154,285,420,705,10.381005047185049,358,182,266,295,8.62,13.52,18.35,22.72,23.32,13.48,QUINN
Basel_2025_R32_Mensik_Bernet,149.58333333333334,26.389033333333334,17.64,2106.9615502614174,1.668089430894309,493,214,397,412,809,15.860842099184586,431,200,286,368,7.38,14.97,16.97,17.04,23.73,19.92,MENSIK
Vienna_2025_R32_Darderi_Nakashima,93.13333333333334,19.151400000000002,20.56,1422.3669320272622,1.5734513274336281,320,135,255,346,601,10.782185486888247,235,166,216,215,6.83,11.09,19.12,19.83,25.35,17.77,NAKASHIMA
Basel_2025_R32_Baez_Opelka,72.1,11.199716666666665,15.53,797.7299296301205,1.4820574162679425,210,117,242,126,368,11.226672827800304,173,109,118,117,2.64,20.71,21.52,13.76,14.6,26.78,BAEZ
Basel_2025_R32_Mpetshi-Perricard_Fonseca,86.38333333333334,12.984383333333334,15.03,1089.9303099838633,1.6405038759689923,259,134,237,212,449,10.420767113341276,256,98,144,168,13.06,16.37,20.29,13.97,17.53,18.77,FONSECA
Vienna_2025_R32_Etcheverry_Budkov-Kjaer,69.18333333333334,12.770016666666667,18.46,975.5884237568877,1.567381974248927,224,94,178,213,391,11.785319735704675,162,92,145,170,5.5,13.79,11.1,12.63,33.95,23.03,ETCHEVERRY
Vienna_2025_R16_Griekspoor_Nakashima,125.71666666666667,22.235316666666666,17.69,1601.494336252692,1.619328859060403,376,173,372,281,653,11.064098518560508,289,164,237,240,6.38,16.4,22.06,16.68,23.63,14.85,NAKASHIMA
Vienna_2025_R32_Machac_Cobolli,98.53333333333333,17.738333333333333,18.0,1245.9213972731443,1.6059210526315788,296,141,233,267,500,11.91539526826732,229,143,184,195,5.68,13.19,17.11,16.74,26.71,20.58,COBOLLI
Vienna_2025_R32_Sinner_Altmaier,58.28333333333333,9.571616666666667,16.42,789.7727125456163,1.6988636363636365,186,77,204,113,317,11.660459253156796,161,87,115,132,10.01,17.72,16.78,9.82,15.39,30.29,ALTMAIER
Vienna_2025_R32_Sinner_Altmaier,58.28333333333333,9.571616666666667,16.42,822.8676818000665,1.7676136363636366,166,77,113,204,317,10.6346732552209,160,81,111,113,11.6,14.83,21.86,21.23,13.88,16.59,SINNER
Vienna_2025_R16_Etcheverry_Musetti,93.23333333333333,19.008666666666667,20.39,1730.3981226206197,1.8211126961483595,348,118,274,356,630,8.981974832998592,265,155,240,271,8.43,16.08,17.3,23.1,23.83,11.26,ETCHEVERRY
Vienna_2025_R16_Sinner_Cobolli,107.36666666666666,21.317283333333332,19.85,1672.5776861347051,1.737730870712401,390,144,362,296,658,13.118166651643548,254,200,257,223,7.19,15.06,16.72,15.67,26.78,18.59,COBOLLI
Vienna_2025_R16_Sinner_Cobolli,107.36666666666666,21.317283333333332,19.85,1669.2337959038816,1.70778364116095,368,144,296,362,658,11.216799608330806,330,172,243,225,8.61,17.27,19.27,25.38,17.26,12.2,SINNER
Basel_2025_QF_Fonseca_Shapovalov,95.03333333333333,17.049766666666667,17.94,1413.9256711296807,1.6690184049079755,318,134,258,284,542,11.14855259664784,267,152,234,193,6.9,13.74,18.87,12.6,23.34,24.55,FONSECA
Vienna_2025_QF_Sinner_Bublik,76.26666666666667,11.881266666666667,15.58,923.3101782227043,1.7044811320754718,197,113,130,227,357,10.238866529593851,198,91,131,129,8.69,16.42,19.46,25.46,16.02,13.96,SINNER
Basel_2025_SF_Fonseca_Munar,114.01666666666667,21.153783333333333,18.55,1771.3400794631032,1.6560145808019442,412,155,330,401,731,9.995895995899534,303,191,224,309,7.15,12.47,22.24,18.77,24.32,15.05,FONSECA
Paris_2025_Q_Blanchet_Quinn,69.26666666666667,11.365649999999999,16.41,930.1493505266786,1.6150442477876106,232,103,219,178,397,6.529774901057886,224,90,147,131,10.44,18.67,23.85,17.03,14.54,15.47,QUINN
Paris_2025_Q_Comesana_Van-Assche,91.06666666666666,18.00883333333333,19.78,1278.5770888038403,1.5423645320197044,306,129,208,320,528,10.277433534675398,263,99,190,173,4.24,13.05,13.07,11.97,24.44,33.23,COMESANA
Paris_2025_Q_Etcheverry_Martinez,94.43333333333334,16.524533333333334,17.5,1563.1232328385295,1.8250000000000002,315,108,331,225,556,8.398252925684341,256,150,227,223,6.47,13.04,17.59,18.16,17.97,26.77,MARTINEZ
Paris_2025_Q_Etcheverry_Martinez,94.43333333333334,16.524533333333334,17.5,1446.1163492247942,1.6632911392405063,317,108,225,331,556,12.359459941607923,191,139,221,219,7.29,15.44,14.21,20.31,32.17,10.59,ETCHEVERRY
Paris_2025_Q_Opelka_Bellucci,67.56666666666666,10.800133333333333,15.98,798.2547086322335,1.7236526946107786,157,100,130,183,313,11.018059882863112,164,82,109,107,4.14,16.08,17.35,11.82,12.96,37.65,BELLUCCI
Vienna_2025_SF_Sinner_de-Minaur,87.5,18.0153,20.59,1418.209415995147,1.6272058823529412,338,106,323,270,593,8.321405266753516,256,170,233,213,6.55,15.04,19.62,33.03,18.3,7.47,SINNER
Basel_2025_F_Davidovich-Fokina_Fonseca,85.4,15.09035,17.67,1340.9730285500582,1.7064829821717993,306,129,228,307,535,13.438977480892923,239,123,177,229,6.59,13.62,17.63,16.17,29.01,16.96,FONSECA
Paris_2025_Q_Comesana_Goffin,37.31666666666667,8.801799999999998,23.59,666.6868108689549,1.707142857142857,140,53,153,93,246,12.261489660097975,104,58,91,87,6.26,13.89,16.87,13.63,20.79,28.55,COMESANA
Paris_2025_Q_Etcheverry_de-Jong,88.1,20.16593333333333,22.89,1556.3463318268564,1.683982683982684,339,114,288,320,608,10.586194139007317,225,136,221,249,7.05,12.77,12.87,21.58,33.27,12.47,ETCHEVERRY
Paris_2025_Q_van-de-Zandschulp_Quinn,94.33333333333333,14.818000000000001,15.71,1189.5284785894607,1.6842201834862385,282,131,260,243,503,12.590079778347684,268,122,154,171,12.16,20.39,22.74,16.53,14.34,13.84,QUINN
Vienna_2025_F_Sinner_Zverev,148.5,31.036716666666667,20.9,2240.381897282619,1.7219879518072287,502,186,395,514,909,10.99631880179408,462,221,325,350,5.56,13.78,13.34,19.22,22.72,25.37,SINNER
Paris_2025_R64_Altmaier_Giron,95.96666666666667,20.433583333333335,21.29,1591.2155074165441,1.7385416666666667,335,132,287,275,562,12.414278010290126,311,138,186,272,9.87,13.57,15.54,17.31,22.76,20.95,ALTMAIER
Paris_2025_R64_Cobolli_Machac,54.11666666666667,11.141033333333333,20.59,798.7787056443689,1.601038961038961,186,88,157,152,309,10.522462319666394,146,71,121,120,8.94,16.27,15.75,10.99,20.99,27.06,COBOLLI
Paris_2025_R64_Khachanov_Quinn,60.03333333333333,13.414066666666665,22.34,989.8082492788332,1.662061403508772,232,82,226,160,386,8.704556567330888,188,112,152,150,7.2,19.28,21.53,17.18,19.07,15.74,QUINN
Paris_2025_R64_Kovacevic_Kecmanovic,140.78333333333333,28.746366666666667,20.42,1968.4793889368225,1.586830835117773,452,201,458,331,789,9.149266564323216,347,206,287,307,4.93,17.83,21.78,21.24,20.39,13.84,KECMANOVIC
Paris_2025_R64_Marozsan_Rinderknech,126.48333333333333,23.392583333333334,18.49,1682.6305848000354,1.6604828462515882,395,177,255,399,654,11.166983984626905,320,133,231,236,11.76,18.7,26.3,24.23,16.01,2.99,MAROZSAN
Paris_2025_R64_Michelsen_Bergs,112.33333333333333,17.974533333333333,16.0,1621.5460268246313,1.8289435600578872,345,158,265,333,598,11.662050254567635,325,169,216,240,8.99,21.19,19.48,20.33,17.97,12.04,BERGS
Paris_2025_R64_Muller_Nakashima,90.91666666666667,20.130966666666666,22.14,1617.373348450256,1.6946022727272727,353,120,289,343,632,12.046790534078808,286,128,225,244,7.29,13.7,18.06,19.03,25.7,16.22,NAKASHIMA
Paris_2025_R64_Norrie_Baez,81.63333333333334,19.55136666666667,23.95,1898.4149489935714,1.7476787954830615,393,115,298,392,690,9.602543071530173,265,138,301,289,4.78,10.33,14.48,16.49,21.94,31.98,BAEZ
Paris_2025_R32_Shelton_Cobolli,92.41666666666667,16.28135,17.62,1306.421688423162,1.5947986577181208,307,128,305,219,524,13.61057406375362,241,122,170,191,8.6,14.42,18.61,14.91,14.23,29.23,COBOLLI
Paris_2025_R32_Shelton_Cobolli,92.41666666666667,16.28135,17.62,1534.2954475292177,1.9006711409395973,289,128,219,305,524,11.218541327596544,316,104,222,173,12.16,15.0,15.32,13.12,17.65,26.74,SHELTON
Paris_2025_R64_Auger-Aliassime_Comesana,138.4,26.876533333333334,19.42,1866.8064066825825,1.7234730538922154,417,179,461,301,762,16.22882944249431,341,195,257,229,7.34,17.55,18.66,11.61,19.23,25.59,COMESANA
Paris_2025_R64_Etcheverry_Ugo-Carabelli,113.95,25.67615,22.53,2296.6817494190677,1.6577844311377246,495,132,366,521,887,13.195085753199027,319,209,354,377,6.25,12.02,15.52,27.06,31.57,7.58,ETCHEVERRY
Paris_2025_R64_Shapovalov_Fonseca,124.58333333333333,23.407966666666667,18.79,1507.7620606963196,1.5656675749318802,357,181,359,257,616,14.916568156747257,323,159,233,241,8.78,16.95,19.35,13.62,19.76,21.54,FONSECA
Paris_2025_R32_Altmaier_Ruud,85.53333333333333,15.691266666666667,18.35,1368.6148586657334,1.6998319327731093,303,119,332,216,548,11.244223044535932,254,129,215,206,9.03,14.04,16.39,11.06,16.16,33.31,ALTMAIER
Paris_2025_R32_Bergs_Sinner,87.66666666666667,14.677583333333333,16.74,1384.5743155164857,1.800495867768595,315,118,335,205,540,14.488730897866573,269,159,181,220,9.89,22.26,19.28,22.05,17.03,9.5,BERGS
Paris_2025_R32_Bergs_Sinner,87.66666666666667,14.677583333333333,16.74,1343.2493521796555,1.7322314049586778,290,118,205,335,540,10.551634797811316,255,151,196,186,6.28,16.55,21.12,23.88,19.58,12.59,SINNER
Paris_2025_R32_Cerundolo_Kecmanovic,147.01666666666668,31.027766666666665,21.1,2462.429220839012,1.6035714285714286,570,219,536,453,989,14.99543499334754,433,237,341,377,5.77,15.16,16.87,19.99,23.77,18.45,KECMANOVIC
Paris_2025_R32_Khachanov_Fonseca,110.35,22.212483333333335,20.13,1603.5181327040339,1.7382978723404254,369,146,302,271,573,10.9924098213331,341,151,206,243,10.04,13.0,20.27,18.48,19.45,18.77,FONSECA
Paris_2025_R16_Auger-Aliassime_Altmaier,131.55,20.859433333333335,15.86,1725.9224792043403,1.8180535966149507,362,168,367,285,652,11.99700585147886,332,184,223,286,8.51,16.68,16.14,8.65,12.17,37.85,ALTMAIER
Paris_2025_R16_Cerundolo_Sinner,85.28333333333333,17.945666666666668,21.04,1326.3577011550465,1.6455271565495206,305,113,180,369,549,10.01687651458012,242,165,208,203,4.62,15.36,17.32,28.15,19.13,15.42,SINNER
Paris_2025_QF_Shelton_Sinner,69.08333333333333,13.130500000000001,19.01,1067.1724887483476,1.7655319148936168,243,91,214,196,410,9.864588353014636,194,108,162,146,6.66,16.19,14.86,13.62,24.26,24.41,SHELTON
Paris_2025_QF_Shelton_Sinner,69.08333333333333,13.130500000000001,19.01,1070.4285642173595,1.7327659574468084,227,91,196,214,410,11.13550711010896,195,118,152,140,8.18,15.02,20.52,25.75,18.75,11.78,SINNER
WTA-Finals_2025_RR_Swiatek_Keys,60.766666666666666,10.469183333333332,17.23,662.2935837768308,1.5227963525835866,157,79,137,137,274,11.007836295365085,97,93,97,115,4.66,11.91,24.01,16.87,20.16,22.38,SWIATEK
Paris_2025_SF_Zverev_Sinner,61.68333333333333,12.184633333333332,19.75,976.9907933221282,1.6636761487964988,222,80,124,270,394,7.841422448374878,186,99,164,149,3.44,10.26,11.54,20.1,30.43,24.23,SINNER
Paris_2025_F_Auger-Aliassime_Sinner,111.91666666666667,18.086650000000002,16.16,1599.0841955903309,1.7793400286944046,339,134,284,340,624,11.167077972457887,273,179,254,204,7.03,15.39,17.89,26.04,16.5,17.14,SINNER
Beijing_2025_1st_Bondar_Andreescu,118.68333333333334,22.75755,19.18,1809.8758915874544,1.5985221674876848,406,143,314,339,653,12.507891382626305,264,165,268,253,10.14,14.53,30.03,27.14,10.26,7.88,ANDREESCU
Cincinnati_2025_1st_Bondar_Tomljanovic,110.25,22.706616666666665,20.6,1473.913053595602,1.5619326500732065,346,140,289,212,501,18.534960625170037,247,174,200,232,8.27,12.87,25.97,23.0,19.18,10.71,BONDAR
Beijing_2025_1st_Bondar_Andreescu,118.68333333333334,22.75755,19.18,1923.9535203466635,1.7084975369458129,406,143,339,314,653,11.588039154356377,289,238,269,287,6.71,10.44,20.02,23.95,23.29,15.58,BONDAR
Beijing_2025_R64_Kudermetova_Bondar,93.5,14.893866666666668,15.93,1081.346288908956,1.6077821011673152,244,120,212,203,415,8.806387641690334,175,140,157,181,7.16,9.85,24.14,20.91,25.42,12.53,BONDAR
WTA-Finals_2025_RR_Gauff_Paolini,78.75,17.617933333333333,22.37,1312.6018042792787,1.5031055900621118,312,107,177,271,448,9.549642716594962,172,137,187,197,4.42,6.36,17.93,22.12,35.73,13.43,GAUFF
WTA-Finals_2025_RR_Gauff_Pegula,132.65,29.208066666666664,22.02,1888.500945050374,1.2597782258064516,514,205,382,304,686,14.827620079583358,341,171,279,324,6.99,17.16,20.44,23.4,27.14,4.87,GAUFF
Athens_2025_R32_Giron_Martinez,85.38333333333334,11.831076300000001,13.86,1333.3407437742196,1.7723154362416107,307,112,361,171,532,9.076625722390714,215,154,197,202,5.34,14.03,20.28,18.99,23.57,17.8,MARTINEZ
Athens_2025_R32_Kecmanovic_Majchrzak,123.38333333333334,19.01886915,15.41,2070.8263272765635,1.7104790419161677,497,182,460,381,841,9.429707926568922,398,244,285,333,8.19,15.25,24.61,27.33,22.39,2.23,KECMANOVIC
Metz_2025_R16_Cobolli_Sonego,127.38333333333334,16.77024475,13.17,1995.9590960866874,1.8595671981776767,460,175,401,327,728,11.665176096837335,403,158,231,311,16.19,15.47,22.7,16.42,17.32,11.91,COBOLLI
Metz_2025_R32_Altmaier_Rinderknech,85.43333333333334,9.226478466666666,10.8,1148.992125729404,1.8589322381930184,247,132,229,232,461,12.332831486585787,252,105,139,185,8.58,18.06,17.55,8.63,16.19,31.0,ALTMAIER
Metz_2025_R32_Passaro_Blockx,115.51666666666667,16.702965583333334,14.46,1882.651422033311,1.740308370044053,448,196,392,365,757,12.753163778106863,349,214,315,273,4.06,13.22,21.04,15.0,19.51,27.17,BLOCKX
WTA-Finals_2025_RR_Swiatek_Anisimova,155.86666666666667,24.367916666666666,15.63,1784.8260953881725,1.5324053452115811,443,210,359,317,676,12.022202897647144,252,216,260,278,3.87,9.35,22.95,14.15,24.86,24.82,SWIATEK
Athens_2025_R16_Kecmanovic_Darderi,118.23333333333333,17.9289977,15.16,1895.0073928954773,1.6852013057671382,448,176,389,431,820,9.506464600567025,353,225,272,295,5.99,14.41,25.29,25.26,24.33,4.71,KECMANOVIC
Athens_2025_QF_Korda_Kecmanovic,57.75,8.092580199999999,14.01,862.8191877928265,1.6576036866359447,211,94,229,157,386,9.395609124035976,163,110,127,144,5.82,18.75,23.49,20.6,22.17,9.17,KECMANOVIC
Athens_2025_R16_Muller_Etcheverry,184.76666666666668,22.03562283333333,11.93,2533.606266848706,1.790846877673225,583,247,462,606,1068,11.96445620349212,431,205,349,478,6.77,15.81,16.4,20.27,32.52,8.24,ETCHEVERRY
Athens_2025_R16_Nakashima_Giron,93.16666666666667,15.519704066666666,16.66,1666.781395030419,1.7143044619422572,378,137,306,349,655,9.183181238015935,249,178,244,266,3.39,7.62,18.49,16.39,33.38,20.73,NAKASHIMA
Metz_2025_R16_Gaston_Altmaier,62.78333333333333,9.785614583333334,15.59,1177.618927796529,1.8671578947368421,231,97,174,242,416,9.383834668797162,225,89,168,181,12.97,12.49,13.78,18.78,22.84,19.15,ALTMAIER
Metz_2025_QF_Sonego_Altmaier,122.36666666666666,13.075758299999999,10.69,1653.1704342104601,1.9401188707280832,350,161,362,211,573,11.810126793816696,355,136,212,286,14.13,17.76,15.74,8.55,14.0,29.82,ALTMAIER
Metz_2025_R16_Tabur_Blockx,171.41666666666666,27.5752843,16.09,3189.977996441589,1.8640783744557328,681,243,600,580,1180,13.671533077818024,529,322,481,441,6.64,13.32,18.4,18.39,23.05,20.2,BLOCKX
WTA-Finals_2025_RR_Sabalenka_Gauff,87.86666666666666,17.548333333333336,19.97,1187.2055992116277,1.5642978003384094,294,124,185,211,396,12.825206348212223,160,87,143,188,5.32,8.63,20.33,17.19,28.3,20.23,GAUFF
Turin_2025_RR_Sinner_Auger-Aliassime,100.0,13.238466666666666,13.24,1051.5762346649396,1.6939271255060728,233,122,176,254,430,11.24980559189888,216,102,177,131,4.38,17.01,19.93,20.48,12.93,25.27,SINNER
Turin_2025_RR_Sinner_Zverev,96.81666666666666,17.413766666666668,17.99,1282.1007785958661,1.7652802893309223,286,120,289,222,511,8.64700152344804,270,133,170,173,6.65,19.19,14.39,14.36,18.88,26.53,SINNER
RG_2025_QF_Sabalenka_Zheng,117.35,20.661116666666665,17.61,1392.2670763924007,1.6342372881355933,307,139,323,192,515,10.742643974171129,244,121,184,169,10.01,9.76,20.11,13.86,19.65,26.6,ZHENG
Turin_2025_RR_Sinner_Shelton,93.96666666666667,16.238433333333333,17.28,1500.6767956842991,1.8934083601286174,314,129,273,278,551,13.037044928085958,295,149,208,197,11.97,17.27,13.91,15.17,17.14,24.54,SHELTON
Turin_2025_RR_Sinner_Shelton,93.96666666666667,16.238433333333333,17.28,1373.8891339265904,1.7344051446945337,308,129,278,273,551,13.082014238761008,291,138,209,207,10.23,16.47,18.12,21.11,19.86,14.21,SINNER
Turin_2025_SF_Sinner_de-Minaur,112.08333333333333,21.99158333333333,19.62,1771.8015156785154,1.6672535211267605,405,147,270,474,744,8.318660893679354,318,189,286,251,6.22,12.72,17.23,26.68,24.79,12.36,SINNER
Turin_2025_F_Alcaraz_Sinner,134.46666666666667,22.35803333333333,16.63,1610.2765942382055,1.7454668470906631,373,150,347,295,642,11.800487590017616,288,191,230,223,5.34,18.96,21.08,22.27,18.05,14.3,SINNER
Davis-Cup_2025_QF_Carreno-Busta_Mensik,99.5,20.04576666666667,20.15,1622.1967399315452,1.9334341906202723,341,134,246,323,569,11.867453338736698,330,116,207,235,14.78,13.46,17.68,20.78,18.43,14.87,MENSIK
Turin_2025_F_Alcaraz_Sinner,134.46666666666667,22.35803333333333,16.63,1630.1747960159505,1.786468200270636,366,150,295,347,642,11.67179675935523,324,146,246,225,8.08,16.78,18.04,17.83,21.37,17.89,ALCARAZ
Rome_2025_Q_Collignon_Moreno-De-Alboran,89.81666666666666,21.33165,23.75,1713.1950987558478,1.667043847241867,350,122,274,317,591,13.264138714149135,231,162,248,248,3.62,10.84,14.87,12.32,13.62,44.73,COLLIGNON
Marseille_2025_R32_Collignon_Medjedovic,86.31666666666666,17.90755,20.75,1451.4577657381776,1.6808777429467086,328,135,346,207,553,10.344729198496882,270,170,206,212,10.04,19.14,21.63,23.47,16.8,8.92,COLLIGNON
Umag_2025_R32_Collignon_Kopriva,154.36666666666667,28.99185,18.78,2315.680272864755,1.617437379576108,514,186,347,546,893,12.269901942954933,421,208,366,338,9.52,14.09,16.5,15.69,16.24,27.95,COLLIGNON
Basel_2025_R32_Collignon_Royer,92.26666666666667,17.6995,19.18,1541.7773913563688,1.706906474820144,335,135,253,340,593,9.783985447000624,258,168,213,240,5.63,12.08,13.26,19.07,22.83,27.12,COLLIGNON
Marrakech_2025_R16_Collignon_Borges,119.7,29.372700000000002,24.54,2303.768746691203,1.6875,507,197,498,285,783,12.628321350224205,400,240,303,302,8.18,16.89,20.53,19.15,19.33,15.91,COLLIGNON
Marrakech_2025_R32_Fognini_Collignon,82.36666666666666,15.651066666666667,19.0,1265.0688551689004,1.6438502673796793,269,110,236,211,447,12.927233659926946,187,109,187,161,6.21,13.97,15.53,13.8,12.84,37.65,COLLIGNON
Winston_Salem_2025_R64_Collignon_Basavareddy,97.83333333333333,18.67255,19.09,3021.2011260917393,1.7816421378776142,631,139,528,585,1113,11.241360191275398,597,247,440,392,6.84,15.02,18.34,19.12,19.02,21.65,COLLIGNON
Hamburg_2025_R32_Collignon_Nakashima,54.88333333333333,10.311828,18.79,1162.5733671790356,1.8107660455486543,237,73,168,224,392,9.788122299574864,171,102,154,168,6.52,8.05,15.67,13.42,15.05,41.28,COLLIGNON
Hamburg_2025_Q_Collignon_Dutra-da-silva,66.18333333333334,13.23218505,19.99,1411.122965348146,1.732636655948553,308,94,218,282,500,10.789819036383747,232,96,216,202,5.58,9.88,14.25,20.36,19.73,30.21,COLLIGNON
Hamburg_2025_Q_Collignon_Zahraj,102.1,19.235284983333333,18.84,2006.8022987593172,1.662541073384447,463,136,418,354,772,12.199875770893756,321,202,308,293,6.41,12.17,19.83,21.94,13.69,25.96,COLLIGNON
Brussels_2025_R32_Bergs_Collignon,118.73333333333333,18.470716666666664,15.56,1578.2396956119937,1.8048991354466857,329,156,294,352,646,10.23629799323418,341,175,230,241,9.8,17.17,17.45,19.85,17.16,18.57,COLLIGNON
Brussels_2025_R16_Collignon_Comesana,156.21666666666667,29.0232,18.58,2416.957286787261,1.8384146341463414,479,211,451,464,915,13.608882869178094,477,235,350,338,12.83,15.45,18.49,17.52,15.52,20.18,COLLIGNON
Brussels_2025_QF_Collignon_Davidovich-Fokina,106.9,23.346766666666667,21.84,1810.0385072419185,1.871503957783641,387,148,309,370,679,9.583648695051194,317,184,248,275,7.84,13.76,15.45,20.42,23.96,18.57,COLLIGNON
Brussels_2025_SF_Collignon_Auger-Aliassime,104.98333333333333,17.041216666666667,16.23,1541.5406364523371,1.842857142857143,323,143,317,273,590,15.170491263608287,299,157,209,223,10.96,16.41,13.6,12.31,13.72,33.0,COLLIGNON
Bastad_2025_R32_Collignon_Darderi,133.7,19.94573995,14.92,2247.239707856575,1.836257928118393,473,172,417,431,848,14.56792371866666,371,202,297,324,11.34,11.88,15.73,13.66,11.8,35.58,COLLIGNON
Rogers_cup_2025_R32_Mboko_Bouzkova,115.95,17.52098918333333,15.11,1651.8172788481534,1.5267220902612826,426,140,324,397,721,9.299367787956706,190,165,265,360,3.43,8.65,28.29,34.97,20.59,4.07,MBOKO
Rogers_cup_2025_1st_Birrell_Mboko,94.08333333333333,10.653948549999999,11.32,945.7030203310809,1.335409252669039,284,134,245,251,496,8.217172308124685,109,135,160,231,1.64,7.21,35.29,30.67,20.98,4.21,MBOKO
Rogers_cup_2025_SF_Mboko_Rybakina,165.65,22.531369883333333,13.6,2274.6477293604025,1.5737489025460931,558,232,533,472,1005,9.714372575530833,221,341,364,472,3.47,9.81,26.04,26.62,20.77,13.28,MBOKO
Rogers_cup_2025_R64_Kenin_Mboko,79.06666666666666,9.8671519,12.48,1006.7194970812125,1.5615841584158416,257,117,214,177,391,9.70077144169795,109,133,160,226,6.86,7.46,31.6,30.37,17.4,6.31,MBOKO
Rogers_cup_2025_QF_Mboko_Bouzas-Maneiro,76.58333333333333,11.028800050000001,14.4,1064.4643028326157,1.508941605839416,268,115,230,216,446,7.366847683686962,90,140,153,252,2.46,5.56,31.34,32.04,22.3,6.3,MBOKO
Miami_2025_1st_Osorio_Mboko,151.85,32.74935,21.57,2432.5357338671183,1.4802675585284282,613,207,490,468,958,9.421282507503902,240,257,371,489,7.0,13.21,30.11,28.05,17.53,4.09,MBOKO
Miami_2025_R64_Mboko_Badosa,138.98333333333332,31.152933333333333,22.41,2062.6986545674768,1.3314437555358725,578,207,572,308,880,11.566075597413509,190,285,319,458,5.29,10.13,26.01,32.96,18.42,7.19,MBOKO
Rome_2025_R64_Gauff_Mboko,103.26666666666667,25.1447,24.35,2329.4312360710287,1.7249243188698284,500,146,536,356,892,12.476121511200637,251,282,342,401,5.18,10.64,29.89,32.9,16.82,4.56,MBOKO
Rogers_cup_2025_F_Mboko_Osaka,123.48333333333333,17.95097498333333,14.54,1747.3384890143416,1.5289678135405105,453,177,386,388,774,9.122729253172,164,237,285,385,1.86,6.46,29.91,30.47,20.56,10.75,MBOKO
Rogers_cup_2025_R16_Gauff_Mboko,62.483333333333334,7.7503287,12.4,765.3934635398554,1.5133971291866029,200,97,185,164,349,8.646752174423392,83,113,121,183,3.5,12.17,32.87,31.11,14.87,5.48,MBOKO
Stuttgart_2025_R32_Engel_Duckworth,149.25,17.530063900000002,11.75,1859.178350266795,1.593496801705757,472,209,394,395,789,10.711998298049709,355,185,287,373,4.08,13.62,27.19,20.44,17.32,17.36,ENGEL
Stuttgart_2025_R16_Michelsen_Engel,76.88333333333334,7.603089716666667,9.89,797.243823779204,1.5525821596244131,200,116,166,213,379,9.379175586421464,177,70,130,165,6.87,16.27,27.05,17.91,21.39,10.5,ENGEL
Stuttgart_2025_QF_Engel_Auger-aliassime,98.25,9.333282666666667,9.5,964.2332914868908,1.5180582524271844,272,137,303,139,442,8.492527923572629,180,109,146,230,4.04,16.29,29.48,15.89,17.4,16.9,ENGEL
Halle_2025_Q_Engel_Ofner,74.03333333333333,5.386261266666667,7.28,544.1809859138276,1.402760736196319,163,104,173,108,281,11.515568114343123,133,55,78,146,3.51,17.95,36.69,15.48,20.32,6.04,ENGEL
Halle_2025_Q_Safiullin_Engel,164.95,14.648917016666667,8.88,1552.143558655063,1.5876847290640395,410,230,346,371,717,10.207262657371698,293,175,255,344,2.71,14.39,27.07,18.37,21.87,15.6,ENGEL
Munich_2025_R32_Engel_Marozsan,68.1,7.562994766666666,11.11,849.532422938664,1.6303827751196172,218,105,188,166,354,12.98731885657878,172,72,121,152,3.5,18.53,20.45,14.6,15.45,27.48,ENGEL
Mallorca_2025_R32_Tien_Engel,74.06666666666666,8.608684516666667,11.62,868.7645405254148,1.5090909090909093,234,110,179,209,388,8.730324347399446,163,83,136,188,2.83,10.87,24.2,22.01,25.77,14.32,ENGEL
Hamburg_2025_R16_Rublev_Engel,102.55,12.244686266666667,11.94,1274.153765079482,1.5931240657698056,329,144,239,343,582,7.462446519307425,252,142,208,238,4.16,16.03,25.3,20.63,20.44,13.44,ENGEL
Hamburg_2025_R32_Struff_Engel,99.8,12.271698083333332,12.3,1312.1879561024364,1.6104347826086958,354,156,335,223,558,10.8610609671166,265,178,208,260,3.88,18.24,29.22,21.38,17.98,9.29,ENGEL
Kitzbuhel_2025_R32_Seyboth-wild_Engel,96.58333333333333,13.493024100000001,13.97,1369.4847806191237,1.613063063063063,350,131,339,213,552,12.587174379873886,207,115,232,278,4.43,8.06,19.96,12.2,15.29,40.05,ENGEL
Jeddah_2025_F_Tien_Blockx,59.083333333333336,9.446531700000001,15.99,1145.625452265143,1.893963782696177,252,100,197,233,430,14.060088870844018,178,114,169,159,4.76,14.26,25.53,24.89,19.8,10.76,BLOCKX
Jeddah_2025_RR_Blockx_Basavareddy,80.81666666666666,10.93872275,13.54,1298.7234652871289,1.8201005025125627,307,126,291,231,522,8.026359213083127,240,175,196,156,4.84,16.79,25.52,20.82,19.26,12.76,BLOCKX
Jeddah_2025_RR_Blockx_Engel,80.68333333333334,10.6608564,13.21,1208.954858385106,1.730795847750865,286,143,214,288,502,10.709545190933218,226,134,218,165,4.65,14.83,17.94,12.01,21.22,29.36,BLOCKX
Jeddah_2025_RR_Blockx_Prizmic,94.35,16.022106683333334,16.98,1844.4902457646006,1.809113001215067,413,142,365,328,693,10.08278987094248,309,201,278,233,6.0,14.37,22.89,23.66,21.81,11.26,BLOCKX
Jeddah_2025_SF_Blockx_Budkov-kjaer,82.73333333333333,16.361075133333333,19.78,1741.718792053607,1.6991646778042961,416,129,276,415,691,9.97106114100539,294,171,266,284,5.18,13.5,19.26,25.83,23.37,12.86,BLOCKX
Jeddah_2025_F_Tien_Blockx,59.083333333333336,9.446531700000001,15.99,964.314392581603,1.557344064386318,245,100,233,197,430,11.776833679409428,173,123,176,147,6.16,17.4,28.59,19.69,11.54,16.61,TIEN
Jeddah_2025_SF_Tien_Basavareddy,72.65,11.291812383333333,15.54,1200.4450045425822,1.6883478260869564,288,100,194,301,495,8.104347990834755,183,118,222,184,1.91,13.77,25.58,26.08,20.35,12.32,TIEN
Jeddah_2025_RR_Blockx_Basavareddy,80.81666666666666,10.93872275,13.54,1135.666336274753,1.5619765494137354,290,126,231,291,522,9.389049220242049,250,122,173,181,7.68,19.99,27.75,20.73,18.04,5.81,BASAVAREDDY
Jeddah_2025_RR_Basavareddy_Engel,70.55,8.817694266666667,12.5,924.109695047549,1.5753138075313808,238,116,198,226,424,8.95379182881823,196,112,153,147,4.4,18.38,23.73,20.23,24.98,8.28,BASAVAREDDY
Jeddah_2025_RR_Prizmic_Basavareddy,114.3,14.788831166666666,12.94,1518.8227766716427,1.5906048906048906,372,153,365,275,640,11.1584621377977,283,206,221,243,4.94,19.28,25.41,21.19,20.43,8.74,BASAVAREDDY
Jeddah_2025_SF_Tien_Basavareddy,72.65,11.291812383333333,15.54,1141.970843157449,1.5989565217391304,287,100,301,194,495,9.997244140870317,210,144,182,177,5.0,13.27,23.91,25.91,21.15,10.75,BASAVAREDDY
Jeddah_2025_RR_Basavareddy_Engel,70.55,8.817694266666667,12.5,930.1769836402053,1.5956066945606695,240,116,226,198,424,8.412402523060528,210,81,137,181,6.84,17.5,26.72,18.25,12.66,18.03,ENGEL
Jeddah_2025_RR_Blockx_Engel,80.68333333333334,10.6608564,13.21,1114.8851707468814,1.6039792387543252,292,143,288,214,502,6.882411620136857,259,91,167,216,7.5,18.58,24.85,15.62,13.87,19.58,ENGEL
Jeddah_2025_RR_Prizmic_Engel,88.26666666666667,13.837531616666666,15.68,1442.4622582688921,1.6264580369843529,353,137,276,314,590,8.992696305033638,259,148,211,250,6.18,10.91,25.14,22.44,16.79,18.54,ENGEL
Jeddah_2025_RR_Prizmic_Basavareddy,114.3,14.788831166666666,12.94,1703.0166816693225,1.7895752895752897,405,153,275,365,640,10.321991700212925,283,166,244,262,7.13,11.49,30.94,22.18,18.98,9.27,PRIZMIC
Jeddah_2025_RR_Prizmic_Engel,88.26666666666667,13.837531616666666,15.68,1557.708389330021,1.7906116642958747,350,137,314,276,590,9.849794145804925,209,189,237,256,2.72,10.83,25.56,22.04,22.93,15.93,PRIZMIC
Jeddah_2025_RR_Blockx_Prizmic,94.35,16.022106683333334,16.98,1746.1208346940211,1.7279465370595382,410,142,328,365,693,11.758848753658254,302,211,265,280,8.84,12.95,25.75,24.49,17.08,10.9,PRIZMIC
United_Cup_2026_RR_Sakkari_Osaka,93.01666666666667,13.259649999999999,14.26,1157.1949928071208,1.3097264437689968,331,119,237,272,509,9.294816836583022,110,101,204,218,2.45,10.89,17.16,29.54,38.32,1.64,OSAKA
United_Cup_2026_RR_Gauff_Sierra,57.06666666666667,8.164133333333334,14.31,752.1493594707348,1.3568075117370892,211,85,157,154,311,11.240446236045294,141,82,114,129,4.71,12.3,14.99,19.19,40.07,8.75,GAUFF
United_Cup_2026_RR_Mboko_Zhu,98.13333333333334,15.899650000000001,16.2,1400.8835537133475,1.335880829015544,393,134,282,294,576,8.223776886869127,137,188,258,302,2.76,9.98,17.53,32.57,29.72,7.43,MBOKO
United_Cup_2026_RR_Lys_Swiatek,148.35,17.972583333333333,12.11,1798.6212544308626,1.461571582346609,455,193,315,420,735,8.047081761137253,219,240,290,344,2.58,8.47,29.54,30.48,23.03,5.9,SWIATEK
United_Cup_2026_RR_Mboko_Mertens,125.23333333333333,16.460733333333334,13.14,1639.7553613807395,1.4674937965260546,430,170,390,272,662,12.377512961882571,188,190,232,331,7.16,10.68,28.55,25.57,17.36,10.69,MBOKO
United_Cup_2026_RR_de-Minaur_Mensik,90.7,11.936183333333334,13.16,1390.5907161331047,1.7152886115444619,323,120,284,286,570,8.47987420713773,300,148,210,228,10.47,13.81,22.63,24.63,17.59,10.86,MENSIK
United_Cup_2026_RR_Mensik_Ruud,127.68333333333334,16.33663333333333,12.79,1979.5569271043025,1.784819277108434,421,162,315,430,745,13.668403806615007,365,190,269,288,10.3,14.4,20.02,19.82,19.8,15.67,MENSIK
Auckland_2026_R32_Jones_Navarro,161.21666666666667,24.165211983333332,14.99,2179.7337382554942,1.4552252252252251,551,181,339,460,799,8.912937352650573,248,289,355,352,3.94,10.12,24.06,32.22,20.44,9.23,NAVARRO
Brisbane_2026_Q_Carreno-Busta_Bellucci,142.88333333333333,16.57258065,11.6,1930.5780348783717,1.7902097902097902,435,180,351,380,731,9.600161551604003,380,206,289,261,6.65,16.97,22.24,22.39,19.87,11.87,BELLUCCI
Brisbane_2026_Q_O'Connell_Basilashvili,62.53333333333333,7.36544005,11.78,710.7992552863692,1.4616187989556135,179,96,178,155,333,7.264711229946394,113,98,114,113,3.37,12.76,22.28,16.4,26.52,18.66,O'CONNELL
Brisbane_2026_Q_Sweeny_O'Connell,53.7,7.0443552,13.12,735.7056402696337,1.6911680911680913,176,70,152,164,316,8.70180597275672,125,87,116,125,6.1,12.33,23.4,24.26,24.75,9.17,O'CONNELL
Brisbane_2026_R32_Majchrzak_Altmaier,82.25,10.295553383333333,12.52,1120.1051992571818,1.7218809980806142,273,110,260,191,451,8.968625775883828,242,112,176,207,8.4,16.15,13.88,15.2,23.84,22.54,ALTMAIER
Brisbane_2026_R32_Mpetshi-Perricard_Paul,129.45,11.555723550000002,8.93,1329.5657784715545,1.7274447949526814,306,181,262,268,530,10.074914754982307,290,112,193,167,8.44,12.56,31.47,16.66,17.05,13.82,PAUL
Brisbane_2026_R32_Nakashima_Davidovich-Fokina,100.23333333333333,9.1190546,9.1,1005.4394292423254,1.710569105691057,245,123,202,224,426,10.458577928922551,201,128,144,126,6.35,14.19,23.78,17.47,24.95,13.25,NAKASHIMA
Brisbane_2026_R32_Shapovalov_Collignon,75.56666666666666,8.70401455,11.52,1105.5411659339004,1.9676211453744492,214,96,173,209,382,13.43713899902884,224,96,152,151,11.52,13.23,13.6,13.1,19.62,28.94,COLLIGNON
Hong_Kong_2026_Q_Struff_Basavareddy,85.3,14.176983333333334,16.62,935.0507353958014,1.4848178137651822,253,124,253,176,429,10.710310032134355,224,122,138,159,7.13,19.24,26.03,16.69,20.92,9.98,BASAVAREDDY
Hong_Kong_2026_Q_Basavareddy_Bu,106.16666666666667,20.113783333333334,18.95,1498.228588033523,1.6115655853314526,359,136,348,289,637,12.319299963693544,312,152,217,237,9.53,20.34,26.02,16.63,16.14,11.34,BASAVAREDDY
Hong_Kong_2026_R16_Musetti_Etcheverry,160.58333333333334,33.26656666666666,20.72,2608.938920847993,1.611346316680779,589,188,526,514,1040,11.163375003445866,401,276,427,398,7.69,14.79,14.37,21.14,28.4,13.62,ETCHEVERRY
Hong_Kong_2026_R32_Etcheverry_Royer,103.16666666666667,17.8542,17.31,1268.9301362197455,1.5856435643564355,293,113,243,281,524,8.737375639076323,163,140,200,208,3.58,11.6,8.79,12.89,33.78,29.35,ETCHEVERRY
Hong_Kong_2026_R32_Muller_Kecmanovic,77.46666666666667,11.04775,14.26,889.7644918335083,1.6152941176470588,216,89,166,218,384,9.8322829802207,151,94,135,153,3.24,14.67,24.14,29.23,24.2,4.52,KECMANOVIC
Hong_Kong_2026_R32_Shang_Comesana,77.08333333333333,15.397316666666665,19.97,1137.112291115602,1.6532416502946954,249,107,197,258,455,9.796620540362325,171,123,172,145,5.65,12.56,15.28,19.07,25.34,22.11,COMESANA
Hong_Kong_2026_R32_Shang_Comesana,77.08333333333333,15.397316666666665,19.97,1107.9039595451975,1.617485265225933,260,107,258,197,455,11.03335433021295,205,145,153,156,4.98,16.44,22.29,24.48,13.7,18.11,SHANG
Hong_Kong_2026_R32_Wu_Marozsan,74.43333333333334,15.266783333333334,20.51,1034.9034813119436,1.5938104448742747,255,109,160,244,404,9.031227207469431,170,128,162,166,4.83,18.38,21.08,22.14,25.93,7.63,MAROZSAN
Tokyo_2025_R32_Medjedovic_Rune,110.58333333333333,10.5436099,9.53,1006.0687071133057,1.450375939849624,267,127,225,220,445,9.240357219747326,197,85,143,165,9.56,16.99,24.1,11.36,22.85,15.13,MEDJEDOVIC
Rome_2025_1st_Medjedovic_Virtanen,99.61666666666666,17.467966666666666,17.54,1249.3498610037277,1.432348367029549,311,134,196,345,541,10.60344192062468,205,128,216,192,7.07,15.29,15.95,12.1,25.75,23.83,MEDJEDOVIC
Queens_2025_Q_Medjedovic_Walton,82.46666666666667,16.579633333333334,20.1,865.1864780259539,1.3244094488188976,260,127,181,191,372,7.741533465950654,145,87,164,134,8.68,19.27,23.54,18.94,26.23,3.34,MEDJEDOVIC
Marseille_2025_F_Medjedovic_Humbert,100.73333333333333,20.824683333333333,20.67,945.3220151906634,1.334782608695652,271,138,264,237,501,8.221745768334666,190,131,163,169,3.56,20.91,25.72,18.56,23.08,8.16,MEDJEDOVIC
Marseille_2025_R16_Khachanov_Medjedovic,72.53333333333333,13.763383333333334,18.98,966.3123056424281,1.4454918032786885,242,103,187,199,386,10.86020594552464,160,111,155,150,7.38,18.88,17.6,11.34,20.65,24.16,MEDJEDOVIC
Marseille_2025_R32_Collignon_Medjedovic,86.31666666666666,17.90755,20.75,1241.6587759653246,1.4536050156739813,310,135,207,346,553,8.44582257904433,200,115,193,220,5.68,17.37,16.12,12.99,21.18,26.66,MEDJEDOVIC
Marseille_2025_SF_Medvedev_Medjedovic,71.43333333333334,16.175833333333333,22.64,1140.458936214487,1.4801405975395432,289,106,271,230,501,9.686129862980591,179,124,200,193,8.41,15.01,17.59,20.79,31.04,7.16,MEDJEDOVIC
Marseille_2025_QF_Medjedovic_Altmaier,162.01666666666668,30.325483333333334,18.72,2236.4024886045895,1.5145009416195858,529,212,367,573,940,9.403138105846889,372,195,344,362,11.95,17.13,14.83,14.12,24.14,17.82,MEDJEDOVIC
Miami_2025_1st_Hijikata_Medjedovic,146.95,25.255033333333333,17.19,2034.4314139851765,1.4774900398406376,523,200,413,473,886,10.171835222493062,356,197,319,355,9.71,19.59,21.08,16.76,24.81,8.04,MEDJEDOVIC
Belgrade_2024_R32_Medjedovic_Nakashima,119.15,16.78893755,14.09,1809.5393068199276,1.7027122641509436,430,174,312,405,717,8.60811000956028,312,184,281,283,4.67,16.43,17.45,16.99,30.71,13.74,MEDJEDOVIC
Belgrade_2024_F_Medjedovic_Shapovalov,74.43333333333334,8.546670883333332,11.48,817.0935195875348,1.4643956043956043,227,115,224,163,387,9.068424805645089,189,76,138,116,12.01,20.55,20.5,13.01,25.64,8.29,MEDJEDOVIC
Belgrade_2024_R16_Kovacevic_Medjedovic,80.25,8.464216333333333,10.55,866.5293357672489,1.6287037037037038,212,126,163,224,387,8.99627762061431,187,72,125,128,10.33,21.18,18.22,13.9,23.88,12.49,MEDJEDOVIC
Belgrade_2024_SF_Djere_Medjedovic,147.03333333333333,19.218009549999998,13.07,1963.2366977328854,1.5968937875751503,494,205,354,492,846,13.91001803966518,352,168,316,313,8.12,18.01,20.65,15.1,28.43,9.69,MEDJEDOVIC
Belgrade_2024_QF_Cerundolo_Medjedovic,77.7,10.1319774,13.04,1035.1611430790276,1.6316091954022989,257,102,175,295,470,8.653386304371463,210,94,169,178,9.87,17.06,20.11,15.64,27.26,10.06,MEDJEDOVIC
Vienna_2025_Q_Medjedovic_Fearnley,105.21666666666667,21.437816666666667,20.37,1200.0884359540792,1.4665589660743132,305,143,219,298,517,10.161638565212488,234,102,195,189,10.1,15.73,15.77,11.33,24.97,22.09,MEDJEDOVIC
Vienna_2025_Q_Medjedovic_Schwaerzler,68.46666666666667,12.500783333333334,18.26,710.6397259569835,1.355784061696658,190,104,145,201,346,6.825254456901226,153,57,113,101,11.81,17.73,16.68,12.03,20.19,21.57,MEDJEDOVIC
Vienna_2025_R32_Medjedovic_Musetti,77.93333333333334,14.697666666666667,18.86,996.2640991011722,1.5588235294117647,232,107,223,177,400,10.496879050422596,179,95,151,126,14.25,18.99,19.78,10.27,16.65,20.06,MEDJEDOVIC
Barcelona_2025_R16_Medjedovic_Ruud,127.96666666666667,19.55755575,15.28,1819.464626758167,1.5081283422459892,473,182,369,449,818,9.92828698907729,279,199,336,276,4.17,14.34,19.02,15.52,27.64,19.31,MEDJEDOVIC
Barcelona_2025_R32_Medjedovic_Mpetshi-perricard,105.8,12.203627433333333,11.53,1252.1947602439657,1.5534510433386837,309,158,214,328,542,12.291868551414574,251,124,193,196,9.35,15.51,19.33,16.73,26.27,12.81,MEDJEDOVIC
Barcelona_2025_Q_Medjedovic_Dellien,146.48333333333332,21.043802149999998,14.37,2166.245459951479,1.6206457925636006,522,208,379,508,887,11.642529843939052,339,194,369,314,7.61,15.49,19.73,13.02,17.28,26.87,MEDJEDOVIC
Barcelona_2025_Q_Medjedovic_Diallo,81.75,10.124463800000001,12.38,939.7781269746213,1.453041825095057,273,119,252,200,452,10.280094611886932,187,117,155,155,6.43,16.05,21.92,14.66,20.98,19.97,MEDJEDOVIC
Madrid_2025_1st_Etcheverry_Medjedovic,195.35,41.352666666666664,21.17,2443.5294460236228,1.4336609336609336,622,242,421,649,1070,10.996760261697274,389,256,431,369,8.4,15.98,17.23,11.7,18.55,28.13,MEDJEDOVIC
Cincinnati_2025_R64_Griekspoor_Medjedovic,99.91666666666667,17.602566666666668,17.62,759.0444209565594,1.196026490066225,232,143,224,180,404,14.02594087648578,173,94,107,129,4.43,23.3,25.61,14.72,24.64,7.3,MEDJEDOVIC
Cincinnati_2025_R32_Medjedovic_Alcaraz,94.66666666666667,14.280216666666666,15.08,787.6115017587433,1.255020920502092,256,136,216,184,400,10.497674681113706,197,93,129,121,11.41,27.26,27.55,11.94,19.2,2.64,MEDJEDOVIC
Cincinnati_2025_1st_Medjedovic_Kovacevic,61.233333333333334,8.6482,14.12,505.29115540169454,1.3072131147540984,144,89,63,177,240,6.344627672301024,79,69,92,77,3.03,19.48,21.06,7.41,31.85,17.17,MEDJEDOVIC
Winston_Salem_2025_R16_Diallo_Medjedovic,83.51666666666667,10.268,12.29,767.1103076598029,1.4673913043478262,208,109,164,215,379,10.207562450845993,166,79,120,128,10.93,18.35,20.58,10.32,26.18,13.65,MEDJEDOVIC
Winston_Salem_2025_R32_Medjedovic_Fearnley,94.45,13.506016666666666,14.3,909.8616414514594,1.4344329896907217,233,136,196,194,390,11.37025305249024,178,106,146,148,8.82,18.78,20.01,9.95,20.53,21.91,MEDJEDOVIC
Winston_Salem_2025_R64_Medjedovic_Rinderknech,127.05,16.160566666666668,12.72,1086.6786124061312,1.4169014084507041,284,138,259,239,498,9.754536746495962,182,122,171,166,5.8,18.7,23.95,13.29,19.87,18.39,MEDJEDOVIC
Winston_Salem_2025_QF_Medjedovic_Mpetshi-Perricard,87.6,13.730583333333334,15.67,773.3554606767025,1.3539007092198583,212,126,170,193,363,10.324922394946393,157,64,120,107,11.59,18.75,21.25,13.09,17.85,17.47,MEDJEDOVIC
Mallorca_2025_R16_Safiullin_Medjedovic,146.05,14.583860316666666,9.99,1491.7095884898963,1.4955863808322825,402,206,348,343,691,10.667490760105157,284,174,210,301,8.81,15.12,24.04,15.02,26.16,10.85,MEDJEDOVIC
Mallorca_2025_QF_Medjedovic_Auger-aliassime,128.98333333333332,10.4125563,8.07,1037.7265995974371,1.448695652173913,297,155,255,241,496,12.685991251949416,210,99,174,179,6.11,15.37,26.48,16.73,27.13,8.18,MEDJEDOVIC
Mallorca_2025_R32_Basavareddy_Medjedovic,63.6,6.925987266666667,10.89,703.4956754657343,1.5220744680851062,190,94,127,179,306,10.728739847972632,150,61,119,123,10.09,16.53,25.15,17.41,27.36,3.47,MEDJEDOVIC
Shanghai_2025_1st_Rinderknech_Medjedovic,103.58333333333333,12.133066666666668,11.71,845.7656959814127,1.4299771167048054,231,112,233,150,383,8.896517161124924,182,67,126,130,13.01,22.93,21.79,10.91,18.64,12.73,MEDJEDOVIC
Doha_2025_R32_Tsitsipas_Medjedovic,164.65,27.07565,16.44,1901.2721510337678,1.5162841530054645,463,217,386,376,762,13.09709562047017,293,187,287,286,8.18,19.99,18.71,12.57,24.48,16.06,MEDJEDOVIC
Almaty_2025_R32_Nakashima_Medjedovic,82.36666666666666,14.153250000000002,17.18,965.2262695214506,1.4089320388349516,266,130,247,198,445,7.155134471549282,214,95,151,156,10.13,20.92,21.39,13.34,23.1,11.12,MEDJEDOVIC
Monte_Carlo_2025_Q_Gojo_Medjedovic,93.9,18.982000000000003,20.22,1237.073666849543,1.4222575516693163,288,144,167,380,547,14.630494034672518,160,134,217,205,5.75,14.51,13.66,8.31,13.31,44.46,MEDJEDOVIC
Monte_Carlo_2025_Q_Ugo-Carabelli_Medjedovic,109.13333333333334,24.12455,22.11,1631.0065757581126,1.3539458186101296,422,148,277,475,752,10.657543862071265,265,167,301,262,7.91,14.41,18.09,15.03,18.88,25.68,MEDJEDOVIC
Paris_2025_Q_Goffin_Medjedovic,98.01666666666667,18.055983333333334,18.42,1212.2923348436736,1.4425665101721439,329,153,286,237,523,8.32162265678854,259,91,174,184,13.3,22.39,20.85,10.05,18.09,15.32,MEDJEDOVIC
United_Cup_2026_RR_Swiatek_Lamens,71.01666666666667,10.546683333333334,14.85,1016.7696747066447,1.4381322957198444,259,92,177,183,360,11.25525441725657,128,106,147,182,6.62,6.78,25.7,26.67,26.75,7.49,SWIATEK
United_Cup_2026_QF_Bergs_Mensik,99.78333333333333,10.866916666666667,10.89,1250.4560654369375,1.6157977883096366,305,138,218,364,582,8.515149420676416,279,129,191,215,6.29,15.27,23.59,23.32,16.86,14.67,MENSIK
United_Cup_2026_QF_Bergs_Mensik,99.78333333333333,10.866916666666667,10.89,1334.973945473863,1.716429699842022,328,138,364,218,582,12.079480784181827,305,146,176,233,8.89,20.58,22.73,18.21,17.07,12.53,BERGS
Brisbane_2026_Q_Quinn_Collignon,78.25,8.5775805,10.96,938.7328751121339,1.7189583333333334,249,117,243,181,424,11.62536668044759,232,94,139,169,12.11,19.8,25.48,18.7,14.18,9.73,QUINN
Brisbane_2026_R16_Collignon_Dimitrov,108.16666666666667,11.976360383333335,11.07,1521.9143819249623,1.9358630952380953,315,147,241,281,522,9.528386320500957,323,162,204,198,7.95,14.66,19.51,17.65,14.69,25.54,COLLIGNON
Brisbane_2026_Q_Quinn_Collignon,78.25,8.5775805,10.96,1053.8302010989598,1.87,231,117,181,243,424,9.340984277329548,242,87,146,149,11.49,19.39,23.14,19.72,14.5,11.76,COLLIGNON
Brisbane_2026_Q_Shevchenko_Collignon,90.38333333333334,11.447359866666666,12.67,1313.2877504504675,1.7919484702093398,312,130,274,259,533,9.590935506311622,264,138,179,203,7.46,18.32,21.2,20.41,17.5,15.11,COLLIGNON
Brisbane_2026_R16_Halys_Nakashima,75.71666666666667,9.21776025,12.17,1046.7854794161478,1.7332644628099174,239,116,217,215,432,11.733536303851656,189,123,144,154,4.73,13.52,24.76,22.03,23.69,11.28,NAKASHIMA
Auckland_2026_R32_Boulter_Starodubtseva,92.16666666666667,10.678395066666667,11.59,1001.6771200727693,1.4793296089385475,260,114,194,239,433,9.293947542303243,140,119,183,159,3.26,8.45,19.9,25.93,29.91,12.56,STARODUBTSEVA
Brisbane_2026_R16_Kostyuk_Anisimova,91.28333333333333,9.179753066666667,10.06,878.8384088205813,1.4254473161033798,261,128,213,155,368,10.56665881903647,143,99,123,170,7.55,9.0,38.74,31.49,10.62,2.6,ANISIMOVA
Brisbane_2026_QF_Collignon_Nakashima,82.36666666666666,12.700160216666665,15.42,1411.9171414589155,1.7384496124031008,318,112,310,265,575,13.530109169156336,247,157,198,207,6.32,11.92,19.59,22.73,23.5,15.93,NAKASHIMA
Brisbane_2026_QF_Collignon_Nakashima,82.36666666666666,12.700160216666665,15.42,1470.6737080113655,1.8133333333333332,327,112,265,310,575,11.731517447803164,286,155,186,199,8.29,13.92,16.85,21.15,18.41,21.38,COLLIGNON
Hong_Kong_2026_R16_Sonego_Shang,82.21666666666667,14.129466666666668,17.19,1110.4287920874888,1.6427435387673954,266,114,302,124,426,13.696046194241909,214,139,155,167,8.98,20.65,23.1,21.93,11.75,13.59,SHANG
Hong_Kong_2026_QF_Shang_Bublik,84.98333333333333,17.1192,20.14,1192.2129588749485,1.672022684310019,267,124,270,197,467,13.183179570700675,210,131,146,159,9.97,18.2,17.79,11.22,15.63,27.18,SHANG
United_Cup_2026_QF_Joint_Swiatek,56.916666666666664,6.997316666666666,12.29,712.8881762854996,1.4380821917808218,180,77,135,139,274,9.887575758302535,95,89,108,104,4.52,9.27,32.85,30.45,18.42,4.5,SWIATEK
Miami_2025_1st_Osaka_Starodubtseva,148.36666666666667,27.92683333333333,18.82,2547.558620552643,1.604642166344294,501,185,430,442,872,12.946700189513848,222,290,380,360,1.63,8.75,18.63,24.91,26.7,19.38,STARODUBTSEVA
Beijing_2024_QF_Starodubtseva_Gauff,111.46666666666667,20.974533333333333,18.82,1890.8418268665437,1.7387862796833773,380,154,365,324,689,11.044944723797672,279,210,292,241,3.61,15.59,21.15,23.81,26.03,9.81,STARODUBTSEVA
Auckland_2026_Q_Bellucci_Blancaneaux,89.48333333333333,9.985791650000001,11.16,1172.5851695656052,1.84296875,249,121,165,276,441,12.717568305675538,258,109,159,160,9.29,18.07,23.8,21.83,17.69,9.32,BELLUCCI
Brisbane_2026_SF_Kovacevic_Nakashima,104.06666666666666,10.525658583333334,10.11,1156.4887291642679,1.6525129982668978,279,150,256,265,521,8.826831218830081,240,161,178,175,6.0,14.65,23.33,17.13,22.46,16.43,NAKASHIMA
United_Cup_2026_RR_Gauff_Bouzas-Maneiro,118.55,17.241066666666665,14.54,1731.3978523822232,1.5148538011695907,418,163,290,367,657,9.947291164141076,266,175,251,298,2.37,10.33,17.7,24.24,32.73,12.63,GAUFF
United_Cup_2026_SF_Gauff_Swiatek,100.95,12.224616666666666,12.11,1296.3492017148506,1.5701923076923077,294,132,185,286,471,8.262860158909964,186,143,174,227,2.74,9.59,15.13,19.11,34.96,18.47,GAUFF
United_Cup_2026_QF_Gauff_Sakkari,85.35,13.936866666666667,16.33,1435.7076293521206,1.5887407407407408,337,109,232,290,522,9.432305588759144,188,162,210,240,3.63,8.88,15.82,21.36,35.79,14.52,GAUFF
United_Cup_2026_SF_Gauff_Swiatek,100.95,12.224616666666666,12.11,1236.83823749973,1.448076923076923,330,132,286,185,471,11.371217465276631,178,131,184,203,7.06,10.96,29.93,22.98,22.77,6.31,SWIATEK
United_Cup_2026_F_Swiatek_Bencic,131.36666666666667,15.350966666666666,11.69,1569.210787291228,1.5045685279187817,408,159,345,239,584,11.262274422908227,197,196,233,267,3.54,9.36,27.48,21.52,27.9,10.2,SWIATEK
Adelaide_2026_Q_Fearnley_O'Connell,117.23333333333333,14.662654016666666,12.51,1442.5641393371047,1.6472334682860998,367,165,343,305,648,10.8260687300436,243,149,238,236,3.98,13.02,20.97,13.55,25.18,23.29,O'CONNELL
Adelaide_2026_Q_Vavassori_Collignon,98.23333333333333,15.009984866666667,15.28,1710.7374695832991,1.8532432432432433,360,127,316,326,642,11.538406102272749,326,150,239,241,15.83,18.35,24.92,18.52,12.42,9.95,COLLIGNON
Auckland_2026_Q_Bellucci_Medjedovic,66.45,7.33082155,11.03,680.1147664697437,1.3898477157360407,197,104,169,176,345,7.580477698775352,165,65,108,106,10.41,16.63,22.62,15.95,25.13,9.26,MEDJEDOVIC
Auckland_2026_Q_Bellucci_Medjedovic,66.45,7.33082155,11.03,848.8676632851831,1.696192893401015,197,104,176,169,345,9.079531756183224,173,102,138,125,5.37,18.03,21.63,19.22,19.6,16.15,BELLUCCI
Brisbane_2026_F_Medvedev_Nakashima,95.15,15.134431483333334,15.91,1620.8151476737526,1.7543978349120433,363,126,264,367,631,10.925709478154475,252,182,235,251,3.53,7.97,14.74,17.78,32.18,23.8,NAKASHIMA
Adelaide_2026_R32_Jones_Navarro,78.21666666666667,12.09806815,15.47,1043.578773083685,1.3561290322580644,304,119,168,216,384,8.994016549380746,105,162,205,170,2.1,11.36,24.66,29.91,22.68,9.3,NAVARRO
Adelaide_2026_R32_Mboko_Haddad-Maia,129.25,16.841014866666665,13.03,1596.1855419430854,1.570754716981132,435,165,374,306,680,8.443246603999578,246,175,295,260,5.05,9.47,33.87,37.95,12.21,1.46,HADDAD MAIA
Adelaide_2026_R32_Mboko_Haddad-Maia,129.25,16.841014866666665,13.03,1572.0847106987906,1.5005896226415094,413,165,306,374,680,9.795942117198638,178,177,292,307,3.44,6.22,24.48,23.34,36.62,5.9,MBOKO
Adelaide_2026_R32_Altmaier_Munar,64.31666666666666,8.575247016666667,13.33,934.3022974386729,1.820745920745921,229,84,257,134,391,12.207286491722355,174,104,129,181,8.53,15.9,18.97,15.77,17.89,22.95,ALTMAIER
Auckland_2026_R32_Comesana_Royer,80.03333333333333,10.993871516666667,13.74,1120.5399649951019,1.7314126394052045,263,114,191,278,469,11.932718182747864,198,102,175,175,4.72,9.73,13.02,10.38,26.85,35.3,COMESANA
Auckland_2026_R32_Nava_Baez,143.2,20.916878433333334,14.61,2254.414572330864,1.7603010348071497,515,207,539,350,889,11.436588996265908,395,228,357,338,4.64,13.63,16.39,11.59,22.59,31.16,BAEZ
Adelaide_2026_R32_Kecmanovic_Vacherot,96.26666666666667,14.626545283333334,15.19,1436.3529019864686,1.5655585106382979,371,152,294,341,635,10.368256010341144,287,130,221,231,3.5,11.77,20.42,23.1,25.74,15.46,KECMANOVIC
Auckland_2026_R32_Medjedovic_Kovacevic,116.85,11.985586183333334,10.26,1154.2496077780108,1.4760629921259842,311,174,214,318,532,8.68309507917909,233,111,216,172,6.64,15.94,18.76,13.34,24.36,20.96,MEDJEDOVIC
Adelaide_2026_R16_Mboko_Kalinskaya,141.86666666666667,23.962193383333332,16.89,2321.687150248097,1.605932932072227,576,208,484,503,987,11.588907679094753,199,252,363,497,3.64,4.91,23.87,27.02,33.88,6.69,MBOKO
Adelaide_2026_R16_Opelka_Paul,71.31666666666666,7.286901233333333,10.22,826.7258105269818,1.734866828087167,196,109,178,166,344,6.66098409083223,155,93,117,133,4.52,11.09,35.57,21.55,16.73,10.53,PAUL
Adelaide_2026_R32_Quinn_Fucsovics,94.95,12.140408333333333,12.79,1312.0512895847367,1.802907915993538,310,133,225,251,476,9.908663785584045,283,135,192,217,6.44,13.0,24.21,23.1,19.13,14.12,QUINN
Auckland_2026_R16_Brooksby_Baez,87.73333333333333,15.549750016666668,17.72,1720.273617831094,1.823107049608355,378,121,426,255,681,10.96782155931573,285,186,260,288,4.88,12.76,15.96,25.51,29.3,11.59,BAEZ
Auckland_2026_R16_Shelton_Comesana,102.3,12.192019883333334,11.92,1370.411370263031,1.74912,301,139,302,253,555,10.428423663101077,223,165,180,196,4.09,12.25,18.03,13.46,21.94,30.23,COMESANA
Auckland_2026_R32_Borges_Etcheverry,147.98333333333332,21.542136016666667,14.56,2374.812169803743,1.7602209944751381,538,199,460,495,955,13.151506149224025,334,284,373,375,3.58,12.78,13.44,15.87,26.15,28.19,ETCHEVERRY
Auckland_2026_R32_Marozsan_Monfils,120.06666666666666,16.366279900000002,13.63,1760.2242334039713,1.6525597269624572,442,189,386,334,720,11.120493301609576,392,174,270,233,8.09,17.57,24.9,19.1,18.02,12.33,MAROZSAN
Auckland_2026_R16_Marozsan_Ruud,81.65,11.133251866666665,13.64,1157.1069964805563,1.6205831903945112,290,121,225,268,493,8.29935722139034,221,113,184,165,7.57,15.68,22.79,26.85,23.23,3.89,MAROZSAN
Auckland_2026_R16_Medjedovic_Mensik,173.11666666666667,13.096454733333333,7.57,1492.27145408653,1.6412328767123285,366,188,363,283,646,13.015452943241984,322,187,197,304,5.04,15.25,21.41,17.65,19.66,20.98,MENSIK
Auckland_2026_R16_Medjedovic_Mensik,173.11666666666667,13.096454733333333,7.57,1247.1133387370126,1.3742465753424657,364,188,283,363,646,8.556497017092955,280,122,172,233,8.32,16.75,22.45,15.58,20.73,16.17,MEDJEDOVIC
Adelaide_2026_R16_Putintseva_Navarro,84.06666666666666,14.805773183333335,17.61,1359.4742765275832,1.4545454545454546,362,114,256,210,466,10.31016520958722,144,168,225,213,6.22,10.55,28.6,28.7,22.33,3.61,NAVARRO
Adelaide_2026_QF_Mboko_Keys,112.9,13.919003333333334,12.33,1400.5994184679882,1.5707880434782608,358,180,304,295,599,9.268545534398312,182,204,203,297,5.53,12.22,26.0,14.99,25.65,15.61,MBOKO
Adelaide_2026_QF_Shnaider_Navarro,77.81666666666666,12.76034585,16.4,1096.3601758533614,1.4363192182410423,307,116,197,230,427,8.446989784654637,107,142,211,167,4.6,7.45,28.69,34.29,19.31,5.66,NAVARRO
Adelaide_2026_SF_Birrell_Mboko,58.38333333333333,7.700138966666667,13.19,772.3166859120698,1.5678571428571428,193,85,123,195,318,6.909167290450062,78,88,112,169,1.09,8.56,25.43,37.26,20.64,7.0,MBOKO
Adelaide_2026_QF_Vukic_Paul,62.483333333333334,8.171947383333334,13.08,972.2550308495709,1.7827981651376146,218,99,155,225,380,11.036791378078094,184,94,132,134,7.38,13.04,33.4,25.52,12.28,8.39,PAUL
Auckland_2026_QF_Mpetshi-perricard_Mensik,961.4666666666667,6.743558433333334,0.7,728.5472361750859,1.6156756756756756,182,92,160,167,327,8.321482750548363,173,66,112,137,7.27,14.92,15.36,13.75,21.61,27.07,MENSIK
Auckland_2026_SF_Mensik_Marozsan,126.96666666666667,14.129964633333334,11.13,1652.8014671427213,1.7301910828025477,400,194,364,302,666,11.45373212897973,367,180,230,312,7.95,17.3,22.08,18.56,18.57,15.54,MENSIK
Auckland_2026_QF_Shelton_Baez,1056.2833333333333,14.659293716666667,1.39,1669.7734194141226,1.8344352617079889,377,133,346,296,642,10.360236043219883,291,170,258,243,8.35,15.39,20.58,21.49,20.86,13.33,SHELTON
Auckland_2026_QF_Shelton_Baez,1056.2833333333333,14.659293716666667,1.39,1695.4921414275257,1.8336088154269974,349,133,296,346,642,13.088989974935387,308,156,254,243,4.48,12.31,16.06,15.61,20.37,31.18,BAEZ
Auckland_2026_QF_Spizzirri_Marozsan,986.95,15.4095379,1.56,1492.911431394811,1.527543424317618,407,139,294,316,610,12.333388019782069,249,172,267,232,3.46,13.21,21.12,26.06,29.0,7.16,MAROZSAN
Auckland_2026_SF_Mensik_Marozsan,126.96666666666667,14.129964633333334,11.13,1519.9009479132296,1.6070063694267516,385,194,302,364,666,11.067805407904206,356,144,198,218,8.81,18.71,21.84,17.91,20.07,12.66,MAROZSAN
Adelaide_2026_SF_Machac_Paul,111.36666666666666,14.888865933333333,13.37,1745.6805555680132,1.8333756345177665,391,166,322,289,611,9.793613623180084,296,179,238,248,5.86,12.28,31.43,23.03,15.27,12.14,PAUL
Auckland_2026_SF_Baez_Giron,87.8,18.351536749999998,20.9,1986.9734246585492,1.765415244596132,418,132,240,463,703,12.75667034377517,293,169,298,347,2.31,8.0,11.18,14.43,29.5,34.58,BAEZ
Adelaide_2026_F_Andreeva_Mboko,63.88333333333333,11.398409816666666,17.84,1124.707998996607,1.6001890359168243,276,96,243,233,476,8.051510686183756,137,132,159,245,5.0,12.38,23.3,20.18,29.05,10.09,MBOKO
Adelaide_2026_F_Andreeva_Mboko,63.88333333333333,11.398409816666666,17.84,1138.2600051565814,1.5920604914933838,253,96,233,243,476,11.541162662581137,115,113,182,221,5.72,8.25,14.22,21.03,43.17,7.61,ANDREEVA
Auckland_2026_F_Baez_Mensik,82.06666666666666,12.25959735,14.94,1350.545447017417,1.728414442700157,327,132,242,341,583,12.117465401321766,274,162,227,244,7.11,11.37,16.53,22.16,29.55,13.29,MENSIK
Auckland_2026_F_Baez_Mensik,82.06666666666666,12.25959735,14.94,1314.5702360606444,1.7050235478806905,310,132,341,242,583,11.221013498477014,274,139,193,217,3.43,15.14,18.25,14.46,22.38,26.34,BAEZ
AO_2026_1st_Putintseva_Haddad-Maia,173.13333333333333,23.706149999999997,13.69,2256.0491371127546,1.393391304347826,596,209,511,345,856,10.14716299003631,319,228,381,395,7.95,15.56,39.87,29.85,5.77,1.0,HADDAD MAIA
AO_2026_1st_Linette_Navarro,121.35,14.593266666666667,12.03,1256.0258892475176,1.230508474576271,383,167,239,278,517,8.379748975061105,113,195,226,207,2.26,20.88,23.8,31.36,17.92,3.77,NAVARRO
AO_2026_1st_Pavlyuchenkova_Bai,163.55,19.290883333333333,11.8,1641.6048011089642,1.2180215475024485,525,219,385,311,696,8.499326438767762,254,169,274,314,6.4,15.81,27.44,27.57,17.33,5.45,PAVLYUCHENKOVA
AO_2026_1st_Waltert_Anisimova,60.28333333333333,5.68795,9.44,514.6656594418203,1.2318885448916408,157,90,125,94,219,6.478986027114515,76,58,83,92,3.87,11.97,38.38,34.05,10.24,1.49,ANISIMOVA
AO_2026_1st_Gauff_Rakhimova,98.71666666666667,17.40536666666667,17.63,1724.5848518092287,1.5273525721455457,398,129,294,290,584,15.815684007167867,239,191,267,302,4.25,9.84,15.55,23.37,31.52,15.47,GAUFF
AO_2026_1st_Mboko_Jones,71.96666666666667,12.012316666666667,16.69,1168.2857897948197,1.43785594639866,286,117,198,238,436,11.088952964708849,111,148,203,236,3.25,13.67,19.34,36.04,21.8,5.88,MBOKO
AO_2026_1st_Bondar_Mandlik,68.68333333333334,11.454766666666666,16.68,1090.6548900497971,1.4580645161290322,272,100,202,221,423,10.283232813901602,147,178,164,218,1.55,11.35,26.52,25.88,24.67,10.01,BONDAR
AO_2026_1st_Yuan_Swiatek,119.76666666666667,13.8786,11.59,1364.3751566909677,1.4116666666666666,357,154,233,299,532,9.49026561381294,170,201,218,257,2.8,10.62,27.25,22.49,27.13,9.71,SWIATEK
AO_2026_1st_Nakashima_van-de-Zandschulp,208.13333333333333,23.795849999999998,11.43,2328.591098131264,1.4987603305785124,589,265,530,544,1074,10.844190137749782,454,313,343,381,5.0,15.15,22.34,23.87,24.63,9.02,NAKASHIMA
AO_2026_1st_Fonseca_Spizzirri,158.73333333333332,22.315099999999997,14.06,2227.5378604675234,1.509485815602837,571,198,474,456,930,10.096406184226831,383,300,355,354,2.95,12.0,20.75,19.68,26.75,17.87,FONSECA
AO_2026_1st_Mensik_Carreno-Busta,253.25,31.574866666666665,12.47,3634.5739836011603,1.6693404634581106,885,344,761,705,1466,13.397756092008215,739,378,525,696,9.61,16.84,17.75,19.91,24.8,11.09,MENSIK
AO_2026_1st_Gaston_Sinner,67.5,10.945233333333334,16.22,1274.0974937214157,1.7319266055045872,266,91,199,259,458,13.336084634756888,248,102,195,173,11.37,15.6,20.0,24.57,16.99,11.48,SINNER
AO_2026_1st_Osaka_Ruzic,142.48333333333332,19.42846666666667,13.64,1841.9193724260538,1.4044354838709678,493,194,316,394,710,9.429157158566058,186,167,326,374,2.67,12.52,24.54,43.44,14.97,1.85,OSAKA
AO_2026_1st_Rybakina_Juvan,72.51666666666667,8.730683333333333,12.04,869.2058084387336,1.3923076923076922,233,112,179,187,366,9.301635173910316,185,99,132,146,7.96,15.74,38.71,25.33,9.66,2.6,RYBAKINA
AO_2026_1st_Sakamoto_Jodar,230.98333333333332,29.74546666666667,12.88,3108.073346701431,1.5699684542586752,795,332,671,702,1373,10.241216511422506,492,283,510,577,3.16,13.91,21.45,26.9,30.29,4.29,SAKAMOTO
AO_2026_1st_Sakamoto_Jodar,230.98333333333332,29.74546666666667,12.88,3392.6717971663675,1.6954574132492115,790,332,702,671,1373,10.256925768293572,631,451,473,506,3.41,14.07,25.1,19.92,20.75,16.74,JODAR
AO_2026_R64_Mboko_McNally,91.63333333333334,14.097216666666666,15.38,1297.2306460580423,1.378561354019746,351,125,264,370,634,8.433132419330802,133,145,223,283,2.85,9.05,22.27,30.28,28.87,6.68,MBOKO
AO_2026_R64_Mensik_Jodar,118.35,18.12773333333333,15.32,1966.3737139966836,1.6369085173501579,472,175,477,395,872,9.397958441971555,375,238,322,359,6.55,16.58,18.33,21.29,23.96,13.29,MENSIK
AO_2026_R64_Duckworth_Sinner,108.93333333333334,12.038633333333333,11.05,1382.6567373920834,1.6784962406015038,328,156,268,266,534,8.514002079101077,323,148,204,227,5.93,19.35,20.42,22.36,14.77,17.17,SINNER
AO_2026_R64_Bouzkova_Swiatek,79.13333333333334,11.002633333333334,13.9,1165.406308869496,1.535431654676259,288,106,217,259,476,9.58586634913162,181,127,153,191,11.18,13.54,29.67,25.42,15.97,4.22,SWIATEK
AO_2026_R64_Bouzkova_Swiatek,79.13333333333334,11.002633333333334,13.9,1228.7397309618802,1.6870503597122302,268,106,259,217,476,8.255385354298117,178,148,188,229,8.01,11.28,32.07,31.84,13.86,2.93,BOUZKOVA
AO_2026_R64_Osaka_Cirstea,119.78333333333333,18.137249999999998,15.14,1670.6746873576071,1.3758810572687223,469,156,372,337,709,9.96201961910704,219,156,278,310,4.52,14.47,30.81,40.99,8.66,0.56,OSAKA
AO_2026_R64_Siniakova_Anisimova,103.0,13.122250000000001,12.74,1168.3954539901142,1.2992784992784991,360,154,268,218,486,8.763273754455508,157,132,192,210,3.47,8.83,38.0,34.32,13.38,2.01,ANISIMOVA
AO_2026_R32_Gauff_Baptiste,109.68333333333334,14.94445,13.63,1506.4284177929012,1.4844827586206897,349,154,192,383,575,12.12066167739074,223,127,238,241,2.57,10.73,14.34,13.76,28.88,29.73,GAUFF
AO_2026_R32_Mboko_Tauson,139.03333333333333,20.61501666666667,14.83,2114.4939044384296,1.5162376237623763,500,201,429,427,856,13.80681715587682,245,261,340,416,5.6,11.0,25.14,21.3,26.81,10.14,MBOKO
AO_2026_R64_Rybakina_Gracheva,75.61666666666666,9.864933333333333,13.05,970.1808553133759,1.4105058365758756,257,114,211,185,396,11.755127297191684,165,105,157,182,4.68,12.57,31.53,32.64,15.75,2.82,RYBAKINA
AO_2026_R64_Rybakina_Gracheva,75.61666666666666,9.864933333333333,13.05,964.9609029171975,1.4108949416342413,257,114,185,211,396,7.031796681728617,96,136,160,159,1.58,12.43,28.76,32.65,22.2,2.38,GRACHEVA
AO_2026_R32_Stearns_Anisimova,70.78333333333333,7.033283333333333,9.94,632.0712010840716,1.2576142131979695,202,107,141,121,262,10.545903590316149,77,74,102,127,2.39,9.68,41.77,33.16,10.09,2.91,ANISIMOVA
AO_2026_R32_Spizzirri_Sinner,224.7,28.75476666666667,12.8,3052.984385393222,1.6004045853000675,761,240,731,500,1231,9.727804431213622,543,368,480,502,4.91,15.54,19.01,26.02,22.06,12.46,SINNER
AO_2026_R32_Spizzirri_Sinner,224.7,28.75476666666667,12.8,3210.5982755152863,1.6836142953472693,722,240,500,731,1231,11.33840241467289,452,340,451,494,5.44,12.24,20.05,20.74,26.36,15.17,SPIZZIRRI
AO_2026_R32_Kalinskaya_Swiatek,104.06666666666666,12.349533333333333,11.87,1271.2995733727782,1.5227272727272727,322,136,228,295,523,9.04783035268021,193,147,193,230,3.65,9.58,26.0,23.54,25.97,11.26,SWIATEK
AO_2026_1st_Gracheva_Golubic,100.96666666666667,16.503133333333334,16.35,1587.6910729263006,1.4599250936329589,411,151,292,272,564,11.61433956322015,242,152,239,253,9.12,16.66,33.4,32.77,6.92,1.13,GRACHEVA
AO_2026_R16_Sabalenka_Mboko,86.18333333333334,11.173033333333333,12.96,1181.8080978915348,1.5641868512110726,279,131,227,259,486,8.64740832958567,108,124,170,245,2.71,9.86,23.95,16.68,39.25,7.55,MBOKO
AO_2026_R32_Rybakina_Valentova,82.08333333333333,9.954916666666666,12.13,934.9915324210805,1.3599624060150375,261,119,250,172,422,10.430110062302315,184,114,144,180,6.0,14.9,37.45,25.22,15.18,1.25,RYBAKINA
AO_2026_R32_Mensik_Quinn,149.61666666666667,18.0378,12.06,1942.687747427566,1.5305835010060362,501,208,453,447,900,11.79407686344079,437,215,255,311,7.0,19.33,23.26,23.97,15.27,11.17,QUINN
AO_2026_R32_Mensik_Quinn,149.61666666666667,18.0378,12.06,1933.9587787775142,1.546076458752515,493,208,447,453,900,10.249871024499202,412,223,292,364,5.96,15.45,16.48,15.26,25.37,21.48,MENSIK
AO_2026_R16_Gauff_Muchova,119.68333333333334,20.022,16.73,2043.5890951748113,1.5643979057591624,478,155,393,407,800,12.127203099144957,295,217,286,358,5.75,12.71,16.3,19.22,32.73,13.29,GAUFF
AO_2026_R16_Gauff_Muchova,119.68333333333334,20.022,16.73,2087.6184160214207,1.5677486910994765,477,155,407,393,800,11.146852227392028,298,201,318,342,7.36,11.65,20.23,24.38,22.91,13.48,MUCHOVA
AO_2026_R16_Rybakina_Mertens,77.23333333333333,8.797283333333333,11.39,862.8574969243991,1.3860566448801743,223,109,161,192,353,12.287430127712916,166,85,123,153,6.48,10.38,36.88,30.98,13.57,1.7,RYBAKINA
AO_2026_R16_Wang_Anisimova,102.46666666666667,10.132783333333332,9.89,951.8524095677468,1.3422586520947177,266,143,159,212,371,8.927690249692333,125,108,155,172,4.02,6.78,28.05,39.6,18.67,2.87,ANISIMOVA
AO_2026_R16_Inglis_Swiatek,73.21666666666667,9.701233333333333,13.25,1008.8103604504806,1.5147843942505135,241,92,142,219,361,7.700460539731288,127,106,148,179,7.45,9.13,27.31,24.24,24.81,7.07,SWIATEK
AO_2026_R16_Darderi_Sinner,128.61666666666667,16.355633333333333,12.72,1863.374002932876,1.6476027397260273,429,183,375,412,787,10.724873749925829,382,221,268,267,7.76,15.77,19.87,22.78,16.13,17.68,SINNER
AO_2026_QF_Gauff_Svitolina,58.8,8.932799999999999,15.19,809.6799479521918,1.3572368421052632,227,88,142,192,334,11.12884705539044,121,105,133,163,1.77,10.23,14.3,25.82,37.9,9.98,GAUFF
AO_2026_QF_Rybakina_Swiatek,94.9,9.059583333333334,9.55,911.1634596527866,1.4211382113821138,252,114,193,210,403,7.905999567936742,150,111,144,182,3.77,7.5,37.52,33.72,11.36,6.13,RYBAKINA
AO_2026_QF_Rybakina_Swiatek,94.9,9.059583333333334,9.55,899.3001980312828,1.3640243902439024,240,114,210,193,403,9.689684285487791,119,120,131,160,5.23,12.55,31.22,18.64,22.56,9.79,SWIATEK
AO_2026_QF_Pegula_Anisimova,95.66666666666667,12.239749999999999,12.79,1093.4965953208762,1.2999999999999998,328,133,257,199,456,11.128571736685204,126,134,180,213,4.92,8.05,38.05,35.45,11.73,1.81,ANISIMOVA
AO_2026_QF_Shelton_Sinner,143.0,18.339433333333332,12.82,2174.906281758746,1.7281893004115225,484,193,427,451,878,14.157873287282085,424,247,307,306,7.29,15.47,21.79,23.74,16.77,14.94,SINNER
AO_2026_QF_Shelton_Sinner,143.0,18.339433333333332,12.82,2214.9647796753547,1.7948559670781892,488,193,451,427,878,10.663102061068033,491,204,292,303,9.62,16.58,20.37,16.93,20.08,16.42,SHELTON
AO_2026_SF_Pegula_Rybakina,100.45,13.570183333333334,13.51,1264.9460353086768,1.360337552742616,363,149,274,256,530,8.353983979262434,211,145,201,261,4.07,10.92,43.96,26.91,11.45,2.7,RYBAKINA
AO_2026_SF_Djokovic_Sinner,249.11666666666667,29.192433333333334,11.72,3406.6358605591304,1.7280598958333335,765,292,571,791,1362,11.86872190168819,628,363,492,522,4.9,12.84,14.43,21.05,24.64,22.13,SINNER
AO_2026_F_Sabalenka_Rybakina,137.96666666666667,13.566316666666667,9.83,1449.4805566952966,1.4993288590604026,378,184,368,239,607,10.592500270207148,275,181,232,253,5.47,15.33,37.73,27.62,11.53,2.33,RYBAKINA
Montpellier_2026_R32_Bautista-Agut_O'Connell,168.06666666666666,34.96188333333334,20.8,2703.2377053698565,1.666332497911445,610,211,518,453,971,13.911038543063382,378,339,414,400,4.41,13.49,20.4,21.01,28.5,12.18,O'CONNELL
Montpellier_2026_R32_Kecmanovic_Carreno-Busta,126.68333333333334,23.043883333333333,18.19,1905.737117558721,1.554733405875952,451,189,299,469,768,10.12583850048263,309,171,271,313,3.83,10.78,16.76,16.68,29.61,22.34,KECMANOVIC
Montpellier_2026_R32_Royer_Fils,152.66666666666666,25.458333333333332,16.68,1694.107900979941,1.571548619447779,436,209,378,365,743,9.497657281503692,323,205,246,284,5.3,13.96,24.2,14.74,25.97,15.83,FILS
Montpellier_2026_R32_Medjedovic_Wawrinka,99.2,19.66605,19.82,1132.3167023854455,1.3709030100334447,288,141,234,250,484,10.265071873079211,206,123,181,177,6.81,17.36,16.83,12.36,16.34,30.3,MEDJEDOVIC
Abu_Dhabi_2026_R16_Baptiste_Navarro,125.88333333333334,22.14206666666667,17.59,1501.1892143369219,1.4586206896551726,386,173,262,259,521,13.899610862084346,176,221,239,202,6.57,13.83,27.4,33.29,13.76,5.16,NAVARRO
Abu_Dhabi_2026_R32_Yastremska_Haddad-Maia,99.96666666666667,16.574933333333334,16.58,1046.3774185142897,1.3439999999999999,292,126,173,254,427,8.94568714589454,121,142,188,173,3.65,9.05,26.65,40.03,16.44,4.18,HADDAD MAIA
Athens_2025_Q_Struff_Bernet,110.03333333333333,13.289769583333333,12.08,1405.3965109533963,1.6027741083223248,382,180,304,279,583,7.740271478020773,234,174,234,221,4.1,15.67,28.94,21.12,17.42,12.76,BERNET
Athens_2025_Q_Bernet_Tirante,100.85,12.6938446,12.59,1371.9623025680198,1.6678247734138971,337,134,220,331,551,8.998386611505712,211,144,214,210,9.23,12.95,26.64,20.0,15.57,15.61,BERNET
Gstaad_2025_Q_Trungelliti_Bernet,164.31666666666666,20.630225316666667,12.56,2211.8916119211667,1.6779411764705883,509,226,371,446,817,12.811088348267344,400,164,395,260,9.05,16.28,17.17,12.54,11.3,33.66,BERNET
Gstaad_2025_Q_Bernet_Popko,90.9,14.606108683333334,16.07,1427.704798345411,1.5150805270863836,340,131,258,313,571,9.411768777729064,229,125,242,197,4.44,11.75,14.56,16.58,22.96,29.71,BERNET
Basel_2025_R32_Mensik_Bernet,149.58333333333334,26.389033333333334,17.64,1868.8366511350973,1.4859756097560977,491,214,412,397,809,8.973731861016807,307,211,281,298,5.24,15.87,23.53,21.72,17.03,16.6,BERNET
AO_2026_Q_Llamas-Ruiz_Bernet,121.78333333333333,17.4301,14.31,1998.4583342513981,1.7416197975253094,456,190,297,458,755,10.995030212844862,300,193,319,267,6.27,15.4,20.02,17.79,26.59,13.92,BERNET
Montpellier_2026_R16_Blanchet_Fils,95.75,13.5874,14.19,929.7545192631903,1.4057581573896352,249,148,176,277,453,9.039737188097703,195,111,145,153,4.46,14.28,28.18,21.88,23.55,7.65,FILS
Montpellier_2026_R16_Nardi_Cobolli,73.7,13.582833333333333,18.43,1010.7844073241885,1.579324055666004,258,104,249,163,412,13.585745599981475,174,119,145,156,6.87,17.33,19.33,13.29,22.0,21.18,COBOLLI
Montpellier_2026_QF_Auger-Aliassime_Fils,68.63333333333334,9.6645,14.08,671.9994169034754,1.4675141242937852,184,95,210,100,310,8.324832379922356,121,87,107,104,4.95,16.37,24.76,13.2,18.63,22.1,FILS
Rotterdam_2026_Q_Medjedovic_Basilashvili,64.91666666666667,9.988383333333333,15.39,681.9303015471177,1.327577319587629,198,105,139,208,347,10.96026222385636,130,86,121,109,2.18,16.48,20.39,11.95,17.89,31.12,MEDJEDOVIC
Rotterdam_2026_Q_Sachko_O'Connell,91.61666666666666,15.467683333333333,16.88,1306.9278283484025,1.6433110367892978,302,125,259,271,530,13.686461104648156,210,144,194,211,7.76,14.67,19.76,13.18,29.19,15.43,O'CONNELL
Doha_2026_Q_Haddad-Maia_Al-Naimi,45.61666666666667,9.048466666666666,19.84,521.6041776577499,1.2853333333333334,146,63,95,115,210,6.085692385960641,78,58,100,88,6.71,16.29,39.16,28.73,7.51,1.6,HADDAD MAIA
Doha_2026_Q_Haddad-Maia_Zakharova,108.7,17.7353,16.32,1286.8134009458997,1.4397643593519882,336,138,212,277,489,9.05873584527856,135,131,194,225,4.17,11.88,33.12,39.79,9.21,1.83,HADDAD MAIA
Doha_2026_R64_Navarro_Maria,89.05,23.336216666666665,26.21,1609.436510519,1.417624521072797,402,124,325,247,572,12.063239409651608,277,151,249,230,18.27,21.94,33.89,21.49,3.46,0.95,NAVARRO
Dallas_2026_R32_Nakashima_Bellucci,68.1,7.811011266666667,11.47,766.392739994439,1.554,189,96,140,216,356,8.743997990203434,134,82,120,118,5.15,9.85,19.53,15.41,26.01,24.05,NAKASHIMA
Dallas_2026_R32_Nakashima_Bellucci,68.1,7.811011266666667,11.47,848.6533860293624,1.69775,211,96,216,140,356,10.484107844490932,184,100,137,133,5.68,18.49,21.46,21.76,16.01,16.6,BELLUCCI
Rotterdam_2026_R32_Royer_O'Connell,171.76666666666668,34.889183333333335,20.31,2551.2490736195555,1.5583609271523178,599,227,474,608,1082,12.154314778408912,345,305,438,391,4.17,11.95,19.83,18.28,29.61,16.15,O'CONNELL
Rotterdam_2026_Q_Gaston_O'Connell,79.31666666666666,17.060433333333332,21.51,1274.1006200581132,1.5434210526315788,303,118,242,281,523,11.692702135559047,216,157,197,191,10.81,15.01,23.04,19.24,25.61,6.29,O'CONNELL
Rotterdam_2026_Q_Medjedovic_Pavlovic,149.55,32.82835,21.95,1685.1824971376684,1.4467857142857143,422,225,405,329,734,13.474694716002425,356,192,239,214,11.56,23.08,20.11,9.29,12.86,23.11,MEDJEDOVIC
Buenos_Aires_2026_R32_Pellegrino_Etcheverry,97.88333333333334,20.765833333333333,21.21,1640.183545518747,1.5892808683853459,368,114,328,317,645,12.034987057787378,202,150,262,262,3.77,12.17,7.77,10.74,18.75,46.79,ETCHEVERRY
Doha_2026_R64_Tjen_Haddad-Maia,69.3,14.472683333333332,20.88,970.6438647755466,1.3976516634050882,251,88,202,169,371,6.717627574668967,106,99,154,175,3.2,9.31,40.56,37.35,8.05,1.53,HADDAD MAIA
AO_2025_R32_Sinner_Giron,121.03333333333333,17.57656666666667,14.52,1949.2167881895982,1.6098039215686275,464,165,391,364,755,11.501517389878204,388,191,310,291,7.41,16.52,24.23,26.37,14.44,11.04,SINNER
AO_2025_F_Sinner_Zverev,161.91666666666666,22.366183333333332,13.81,2566.1567064918763,1.7110630942091616,580,190,599,441,1040,10.246559060371007,442,244,383,388,3.97,11.72,14.65,21.75,22.2,25.71,SINNER
AO_2025_R16_Sinner_Rune,208.05,19.049866666666667,9.16,2175.249799555112,1.6362848893166506,515,214,454,426,880,13.19679900871813,429,261,304,330,5.79,17.28,21.56,22.9,15.17,17.3,SINNER
AO_2025_1st_Sinner_Jarry,160.23333333333332,14.92345,9.31,1782.649765670547,1.7430825242718446,408,194,399,328,727,11.737229833528165,352,209,268,262,3.57,18.81,19.8,14.26,16.29,27.27,SINNER
AO_2025_QF_Sinner_de-Minaur,108.16666666666667,16.77485,15.51,1880.6017581432066,1.6601760176017601,441,137,315,480,795,9.151893897866316,339,194,315,290,5.13,12.35,19.87,30.83,19.26,12.56,SINNER
AO_2025_R64_Sinner_Schoolkate,165.96666666666667,17.565316666666668,10.58,2060.8696589479237,1.6487,481,238,379,545,924,9.135864164365328,460,213,309,306,6.67,18.42,24.3,21.36,11.78,17.47,SINNER
AO_2025_SF_Sinner_Shelton,156.2,23.7681,15.22,2750.00569436817,1.6873888439773648,598,207,515,603,1118,12.255782918812086,500,311,428,389,4.87,12.69,19.61,26.8,20.78,15.25,SINNER
Buenos_Aires_2026_R32_Altmaier_Cerundolo,87.56666666666666,19.134933333333333,21.85,1744.208178624423,1.7596122778675283,319,104,277,273,550,14.500858469598295,290,117,231,238,13.76,11.32,9.93,6.46,9.45,49.08,ALTMAIER
Dallas_2026_R32_Cobolli_Pinnington-jones,53.35,6.042937333333333,11.33,613.2881282966455,1.5365558912386708,174,80,183,110,293,7.2824118662160595,116,77,98,97,7.58,15.64,21.4,15.44,21.77,18.18,COBOLLI
Dallas_2026_R32_Shimabukuro_Kecmanovic,123.73333333333333,17.25949945,13.95,1766.895606079891,1.588021978021978,434,193,358,443,801,10.004964796884456,355,210,261,288,3.63,14.62,24.91,18.89,26.47,11.48,KECMANOVIC
Rotterdam_2026_R32_Bergs_Medjedovic,139.33333333333334,26.253233333333334,18.84,1594.6572376869058,1.4298029556650247,401,193,324,412,736,12.24691710078278,266,188,228,262,5.31,19.27,20.05,11.57,17.01,26.79,MEDJEDOVIC
Rotterdam_2026_R32_Bergs_Medjedovic,139.33333333333334,26.253233333333334,18.84,1952.8522265975498,1.7687192118226602,411,193,412,324,736,13.483084053267254,403,208,252,315,8.34,20.88,21.41,18.64,13.91,16.82,BERGS
Rotterdam_2026_R32_de-Minaur_Fils,92.83333333333333,19.790650000000003,21.32,1487.1321703557285,1.6244635193133048,360,127,311,294,605,9.61306104111743,230,155,241,239,4.42,11.59,17.7,17.34,28.53,20.43,FILS
Doha_2026_R32_Navarro_Kalinskaya,125.26666666666667,23.41711666666667,18.69,1516.1235304637344,1.4521634615384615,411,170,272,318,590,8.107243150615199,128,210,267,218,3.18,10.46,28.0,34.34,18.69,5.33,NAVARRO
Doha_2026_R32_Swiatek_Tjen,68.43333333333334,12.52145,18.3,910.7268723536512,1.6523923444976079,203,87,133,177,310,10.436897606427523,153,80,120,137,10.38,14.31,27.67,25.01,15.65,6.99,SWIATEK
Doha_2026_R16_Swiatek_Kasatkina,136.48333333333332,24.03235,17.61,2068.9092156377733,1.7037393162393162,475,181,341,366,707,10.251764163222465,298,207,279,321,7.42,10.19,27.33,27.34,19.32,8.4,SWIATEK
Buenos_Aires_2026_R16_Burruchaga_Etcheverry,217.51666666666668,46.93403333333333,21.58,3637.438811891249,1.614312383322962,799,243,706,648,1354,12.551238437130054,529,302,588,528,7.12,13.24,10.6,14.98,21.04,33.02,ETCHEVERRY
Buenos_Aires_2026_R16_Fonseca_Tabilo,143.85,27.252416666666665,18.95,1977.6727333701322,1.5246835443037976,480,186,461,327,788,12.201796439904111,301,173,267,327,8.16,12.76,20.8,13.45,12.04,32.79,FONSECA
Dallas_2026_R16_Fritz_Nakashima,68.88333333333334,9.177111833333333,13.32,968.4319415974254,1.6664543524416136,234,104,225,160,385,12.978143947628343,164,113,140,146,4.94,10.79,19.98,17.11,28.24,18.94,NAKASHIMA
Dallas_2026_R32_Paul_Brooksby,142.11666666666667,18.302136383333334,12.88,2107.3817765309927,1.8425531914893618,469,190,314,508,822,9.372342111939956,387,185,295,323,6.25,7.51,26.67,24.9,20.62,14.05,PAUL
Dallas_2026_R32_Svajda_Quinn,106.3,14.471779783333334,13.61,1543.3161750146096,1.6430093209054595,370,150,290,370,660,8.472475406928394,287,173,221,282,4.34,12.29,20.3,22.25,21.8,19.02,QUINN
Rotterdam_2026_R16_O'Connell_Norrie,117.25,20.944666666666667,17.86,1704.105435614934,1.6460277427490542,407,164,390,320,710,11.047796683337232,245,183,260,280,3.97,13.49,16.99,12.27,20.86,32.43,O'CONNELL
Rotterdam_2026_R32_Tsitsipas_Rinderknech,81.8,14.099416666666666,17.24,1002.813585490978,1.6522580645161289,228,117,157,244,401,10.02183152182695,189,102,146,129,6.42,17.06,25.23,19.31,19.9,12.08,TSITSIPAS
Buenos_Aires_2026_R16_Buse_Baez,83.41666666666667,18.78475,22.52,1495.26252079192,1.594213649851632,337,111,223,352,575,11.721440806163876,242,85,239,229,5.61,12.4,13.31,14.25,18.95,35.48,BAEZ
Dallas_2026_R16_Quinn_Cilic,96.85,10.102478033333334,10.43,1060.9107583355324,1.6695652173913045,279,138,282,160,442,8.939543831746784,214,134,163,180,4.0,15.27,23.71,15.9,14.9,26.22,QUINN
Rotterdam_2026_R16_Medjedovic_Auger-Aliassime,90.75,12.9698,14.29,989.5658387522284,1.4613725490196077,264,122,219,218,437,10.932523098818072,149,129,169,123,4.3,19.53,17.16,10.6,17.37,31.04,MEDJEDOVIC
Rotterdam_2026_R16_van-de-Zandschulp_Tsitsipas,109.38333333333334,18.804399999999998,17.19,1500.8905108304268,1.6386167146974064,355,161,333,285,618,9.99022036087652,282,176,207,206,6.03,14.14,21.24,16.61,24.56,17.43,TSITSIPAS
Doha_2026_QF_Swiatek_Sakkari,148.83333333333334,28.517100000000003,19.16,2077.8398373611053,1.7312108559498955,480,185,337,405,742,11.00519708711446,353,216,313,295,8.0,10.98,26.62,30.4,19.48,4.52,SWIATEK
Buenos_Aires_2026_QF_Tabilo_Etcheverry,125.78333333333333,23.003800000000002,18.29,1738.6074965687676,1.5879377431906614,384,144,354,291,645,10.5122119546812,273,164,270,226,7.25,16.38,12.61,14.69,19.72,29.36,ETCHEVERRY
Buenos_Aires_2026_QF_Ugo-Carabelli_Baez,118.86666666666666,29.965466666666668,25.21,2311.832502079093,1.6474696356275305,485,161,351,496,847,13.375136200138108,335,171,342,370,7.17,11.94,17.3,16.28,14.6,32.71,BAEZ
Dallas_2026_QF_Kecmanovic_Shelton,118.0,13.793229066666667,11.69,1367.8957889164928,1.5873611111111112,357,173,362,271,633,12.069847115155731,284,143,233,216,4.68,13.46,20.42,10.93,20.42,30.1,KECMANOVIC
Rotterdam_2026_QF_Humbert_O'Connell,77.28333333333333,12.652016666666666,16.37,1047.185165667224,1.563883495145631,261,99,238,222,460,10.288037705671467,173,130,170,149,4.54,12.95,19.38,17.61,26.97,18.54,O'CONNELL
Buenos_Aires_2026_SF_Baez_Darderi,77.98333333333333,18.49135,23.71,1295.1616381467304,1.5361247947454844,311,114,282,242,524,12.43796158332678,177,115,212,217,5.7,16.01,17.4,16.4,13.6,30.9,BAEZ
Buenos_Aires_2026_SF_Cerundolo_Etcheverry,110.66666666666667,24.810616666666665,22.42,1815.7155802881366,1.5987639060568604,396,131,316,335,651,11.849524807970344,230,173,274,280,5.76,13.61,12.4,13.35,21.27,33.6,ETCHEVERRY
Dallas_2026_SF_Shapovalov_Shelton,156.15,19.241842366666667,12.32,2332.657042202018,1.896764705882353,510,222,434,437,871,10.996610726795335,474,197,331,298,8.01,15.74,16.93,14.03,20.09,25.2,SHELTON
Dubai_2026_R64_Ruse_Navarro,107.13333333333334,19.578899999999997,18.28,1358.1938049774699,1.4635474860335196,339,148,196,325,521,12.809364604636167,146,196,229,199,4.17,11.43,22.34,30.16,23.06,8.84,NAVARRO
Doha_2026_R32_Mensik_Choinski,138.08333333333334,30.816399999999998,22.32,2540.9675866581183,1.647212543554007,571,190,434,559,993,10.849824031822004,420,268,405,443,6.38,15.88,17.25,26.16,24.34,9.98,MENSIK
Doha_2026_R32_Fils_Majchrzak,130.18333333333334,24.332283333333333,18.69,1983.083416548379,1.5218495934959348,494,205,388,418,806,11.197173796368494,356,211,334,310,6.64,11.97,25.05,27.93,23.74,4.68,FILS
Doha_2026_R32_Machac_Sinner,69.68333333333334,11.257683333333334,16.16,1065.3500100458896,1.761344537815126,225,106,140,243,383,11.689254703685044,203,113,158,157,6.43,14.98,17.41,18.35,20.21,22.62,SINNER
Dubai_2026_R32_Mertens_Navarro,75.05,13.087416666666666,17.44,815.0262376320501,1.3403887688984881,230,99,153,136,289,11.868864409472472,89,110,145,112,5.72,12.42,27.72,31.37,17.82,4.95,NAVARRO
Delray_Beach_2026_R32_Kecmanovic_Bellucci,62.5,10.692970183333333,17.11,1073.1524942678873,1.5857677902621723,253,91,209,255,464,10.413400095317416,183,101,187,149,4.6,11.12,15.26,22.49,24.9,21.63,KECMANOVIC
Delray_Beach_2026_R32_Kecmanovic_Bellucci,62.5,10.692970183333333,17.11,1190.9828260762094,1.7745318352059924,281,91,255,209,464,11.46735844904046,213,127,194,158,4.79,17.22,22.7,24.92,21.42,8.96,BELLUCCI
Delray_Beach_2026_R32_Moutet_Paul,149.93333333333334,19.88942645,13.27,2428.7784636559754,1.916580310880829,474,192,303,559,862,13.262263412780012,468,163,334,280,14.24,13.32,25.05,20.45,17.44,9.51,PAUL
Delray_Beach_2026_R32_Nakashima_Cilic,132.36666666666667,15.862154216666665,11.98,1605.940859140006,1.5758162031438936,408,176,359,274,633,8.296929641178851,243,199,257,247,1.27,13.15,20.97,21.56,29.9,13.14,NAKASHIMA
Delray_Beach_2026_R32_Quinn_Jodar,78.58333333333333,9.684055516666666,12.32,1122.69079807017,1.7895833333333333,268,115,236,240,476,12.504385799416475,218,131,171,172,8.02,18.74,20.5,21.29,15.33,16.13,QUINN
Doha_2026_R32_Echargui_Tsitsipas,84.7,13.4769,15.91,1186.98830781887,1.6537906137184117,274,115,242,174,416,15.798234911464236,239,122,192,165,8.67,13.67,23.41,21.84,22.22,10.19,TSITSIPAS
Doha_2026_R32_Humbert_Marozsan,57.71666666666667,9.58255,16.6,828.7058873944997,1.5493975903614459,201,86,132,243,375,7.726763486402721,187,81,129,124,8.94,22.32,25.41,25.84,15.38,2.11,MAROZSAN
Doha_2026_R32_Zhang_Carballes-Baena,74.2,9.677333333333333,13.04,771.945647989701,1.4493606138107418,203,103,146,165,311,11.23199089463752,152,60,107,112,8.08,16.78,22.97,12.57,26.13,13.47,ZHANG
Rio_2026_R32_Faria_Baez,94.85,16.951033333333335,17.87,1373.6574213707338,1.5435114503816794,336,122,285,242,527,11.110323653133609,197,136,224,211,3.99,13.42,15.46,14.72,17.99,34.44,BAEZ
Rio_2026_R32_Fonseca_Monteiro,93.6,15.803666666666667,16.88,1080.3063179960984,1.539458413926499,259,121,204,212,416,9.74363104773707,190,116,159,166,3.92,15.96,16.47,8.21,14.18,41.26,MONTEIRO
Rio_2026_R32_Fonseca_Monteiro,93.6,15.803666666666667,16.88,1014.172222698425,1.4282398452611218,258,121,212,204,416,8.864679847970454,185,118,161,160,3.79,14.65,22.42,16.41,20.0,22.74,FONSECA
Rio_2026_R32_Etcheverry_Comesana,147.63333333333333,20.77875,14.07,1641.6985901290677,1.6170487106017193,345,131,387,232,619,9.166823623931856,238,140,244,248,9.39,17.34,16.94,15.09,10.28,30.96,ETCHEVERRY
Rio_2026_R32_Etcheverry_Comesana,147.63333333333333,20.77875,14.07,1786.1457167498304,1.7866762177650428,353,131,232,387,619,11.84417240353499,243,149,251,246,3.9,10.12,12.91,8.71,16.29,48.07,COMESANA
Delray_Beach_2026_R16_Atmane_Cobolli,100.88333333333334,12.316980050000002,12.21,1298.2340958795205,1.6353503184713376,313,139,267,297,564,8.505537767502348,233,137,187,178,9.34,16.43,23.65,17.0,14.63,18.96,COBOLLI
Delray_Beach_2026_R16_Nakashima_Wong,88.41666666666667,10.698246750000001,12.1,1170.2009031240534,1.7122994652406418,273,123,227,270,497,8.386265987886208,234,138,166,162,5.8,12.99,21.27,24.03,24.88,11.02,NAKASHIMA
Doha_2026_R16_Fils_Halys,89.26666666666667,15.451016666666668,17.31,1410.3561007634044,1.6720312499999999,318,131,218,347,565,10.52769522879335,253,138,211,212,6.83,12.06,23.91,26.87,23.89,6.43,FILS
Doha_2026_R16_Lehecka_Bergs,69.51666666666667,9.106016666666667,13.1,686.1508751395238,1.5564841498559079,168,84,157,118,275,8.903890864743222,164,84,117,104,5.19,20.27,26.48,18.76,14.16,15.15,BERGS
Doha_2026_R16_Marozsan_Rublev,67.43333333333334,11.5872,17.18,764.4861752401524,1.4386255924170617,213,104,198,167,365,8.128341713590139,169,99,121,133,4.14,22.91,21.91,22.43,21.43,7.19,MAROZSAN
Doha_2026_R16_Medvedev_Tsitsipas,76.5,15.00845,19.62,1430.890755845498,1.776072607260726,301,120,248,269,517,8.396759600047014,237,129,225,197,8.2,12.32,18.63,21.6,26.6,12.66,TSITSIPAS
Doha_2026_R16_Mensik_Zhang,66.78333333333333,11.157683333333333,16.71,1026.0471917394325,1.647008547008547,237,101,174,229,403,10.44668224914484,214,100,158,161,10.35,14.59,18.31,19.65,20.92,16.17,MENSIK
Doha_2026_R16_Mensik_Zhang,66.78333333333333,11.157683333333333,16.71,977.9903780487252,1.5529914529914528,231,101,229,174,403,12.110979167297897,175,89,143,137,10.02,15.02,21.84,15.48,20.31,17.32,ZHANG
Doha_2026_R16_Popyrin_Sinner,84.41666666666667,14.996533333333334,17.76,1152.9558378767158,1.791858037578288,243,104,188,236,424,13.898505289842984,244,99,160,151,12.65,19.22,21.17,15.23,8.4,23.34,SINNER
Doha_2026_QF_Lehecka_Fils,89.61666666666666,17.900633333333335,19.97,1424.5287879811247,1.6243125904486253,343,136,281,261,542,11.757327564664982,237,190,216,243,4.75,10.35,26.45,23.78,24.11,10.57,FILS
Doha_2026_QF_Tsitsipas_Rublev,95.48333333333333,16.64036666666667,17.43,1289.6758966627572,1.7046075085324233,286,132,197,306,503,10.488576761679177,259,136,186,166,7.41,14.33,20.22,17.98,21.85,18.21,TSITSIPAS
Delray_Beach_2026_R16_Tien_Kecmanovic,135.51666666666668,20.46509831666667,15.1,2008.81568749754,1.5350844277673548,533,225,547,365,912,9.427032622161503,415,204,346,320,7.21,19.29,25.26,23.89,19.7,4.66,KECMANOVIC
Delray_Beach_2026_R16_Walton_Paul,97.28333333333333,13.002906966666668,13.37,1506.5512154357175,1.805710102489019,351,145,261,329,590,12.102672331331323,279,118,221,224,7.72,11.01,25.96,25.36,17.15,12.8,PAUL
Doha_2026_QF_Mensik_Sinner,131.23333333333332,19.28685,14.7,1814.6086768978687,1.7654126213592234,410,175,338,405,743,11.38914745169896,338,189,258,289,10.23,17.47,15.8,21.77,19.32,15.41,MENSIK
Doha_2026_QF_Mensik_Sinner,131.23333333333332,19.28685,14.7,1807.2479607969008,1.753883495145631,414,175,405,338,743,13.847872462832056,392,189,253,269,7.68,18.59,19.08,19.55,14.72,20.39,SINNER
Rio_2026_R16_Etcheverry_Gaubas,200.65,24.094833333333334,12.01,1909.0679716958061,1.624150485436893,409,140,333,371,704,10.992278348223037,285,166,309,279,5.02,13.04,9.89,16.03,17.77,38.24,ETCHEVERRY
Rio_2026_R16_Fonseca_Buse,145.91666666666666,27.453083333333332,18.81,1936.2289022805403,1.506096256684492,468,185,374,433,807,10.607240862342223,315,174,308,317,9.16,13.51,24.1,14.97,14.45,23.8,FONSECA
Delray_Beach_2026_QF_Fritz_Paul,76.03333333333333,10.518119500000001,13.83,1176.8571522127763,1.725,270,126,198,250,448,10.320377335811076,228,98,144,179,4.95,9.63,19.4,23.33,21.8,20.89,PAUL
Delray_Beach_2026_QF_Wong_Cobolli,134.16666666666666,16.039431866666668,11.95,1725.4313876514814,1.5972060535506403,428,197,351,392,743,12.917887081851692,336,179,240,248,8.81,17.67,22.23,18.0,19.43,13.87,COBOLLI
Doha_2026_SF_Fils_Mensik,95.78333333333333,16.5672,17.3,1560.51102353426,1.720391061452514,355,144,235,395,630,9.16161816562775,301,166,251,269,5.75,15.56,17.65,24.35,22.34,14.34,MENSIK
Doha_2026_SF_Fils_Mensik,95.78333333333333,16.5672,17.3,1440.5943120974641,1.5678770949720668,361,144,395,235,630,11.063530779778857,274,167,213,229,8.65,14.68,24.46,22.94,23.66,5.61,FILS
Rio_2026_QF_Etcheverry_Faria,123.51666666666667,23.0172,18.63,1757.1025198528337,1.5855867346938775,390,140,349,315,664,12.523439864586598,259,157,275,247,6.66,15.15,12.02,14.69,17.04,34.44,ETCHEVERRY
Delray_Beach_2026_SF_Cobolli_Korda,75.73333333333333,9.883313233333332,13.05,1068.7620874985666,1.6866541353383457,275,115,311,144,455,10.829065254459277,185,127,152,168,8.02,19.42,23.3,18.3,19.02,11.93,COBOLLI
Delray_Beach_2026_SF_Paul_Tien,134.68333333333334,20.094388700000003,14.92,2381.742843451377,1.859021113243762,531,210,463,435,898,13.332494450914224,440,206,363,302,9.28,11.57,25.83,20.6,15.53,17.2,PAUL
Doha_2026_F_Alcaraz_Fils,50.733333333333334,11.12955,21.94,864.0091702439953,1.6997416020671834,197,76,205,129,334,11.184285130919283,123,98,131,119,4.41,12.34,22.82,19.48,23.69,17.26,FILS
Dubai_2026_Q_Halys_O'Connell,76.45,12.895566666666667,16.87,899.113098552496,1.5049438202247192,221,108,199,198,397,10.941961016598954,129,123,132,136,3.31,16.07,30.13,15.42,23.93,11.13,O'CONNELL
Rio_2026_F_Tabilo_Etcheverry,184.11666666666667,33.383316666666666,18.13,2530.412539749876,1.474734260016353,618,210,465,491,956,12.26111104161978,419,197,409,356,7.35,14.07,11.51,18.84,20.36,27.87,ETCHEVERRY
Rio_2026_SF_Etcheverry_Kopriva,1322.15,38.13628333333334,2.88,2893.9789834870544,1.5871042471042471,646,225,482,572,1054,11.618057261060828,431,227,473,425,5.52,13.1,10.86,14.69,23.43,32.4,ETCHEVERRY
Acapulco_2026_R32_Altmaier_Davidovich-Fokina,94.31666666666666,17.264499999999998,18.3,1535.2366783590865,1.8612312811980032,310,122,278,261,539,11.761851717773922,257,142,210,232,7.99,12.61,12.05,9.65,16.59,41.12,ALTMAIER
Acapulco_2026_R32_Nakashima_Ymer,78.96666666666667,14.15545,17.93,1253.766886562011,1.5638795986622074,305,109,268,240,508,12.189179975658984,225,129,191,181,5.57,12.39,22.0,24.83,26.12,9.1,NAKASHIMA
Acapulco_2026_R32_Schoolkate_Kecmanovic,63.516666666666666,13.093766666666665,20.61,1059.6940722764375,1.6454935622317595,227,101,200,192,392,10.662007873938473,164,81,146,183,7.45,16.96,19.61,12.21,15.76,28.01,KECMANOVIC
Dubai_2026_R32_Auger-Aliassime_Zhang,110.73333333333333,17.836666666666666,16.11,1191.055056776917,1.5423895253682487,316,154,315,213,528,7.556011789519479,218,151,201,147,5.77,18.36,22.45,15.5,25.51,12.42,ZHANG
Santiago_2026_R32_Comesana_Martinez,170.25,33.346183333333336,19.59,2181.3534112124644,1.5670514165792235,476,186,359,495,854,12.960006739598349,362,206,333,320,7.34,10.07,11.79,6.87,13.77,50.17,COMESANA
Acapulco_2026_R32_Hijikata_Bellucci,124.18333333333334,21.69485,17.47,2013.1702298844334,1.7114619883040936,413,145,350,406,756,12.863077800781356,349,202,303,281,7.78,13.86,22.42,28.4,18.03,9.51,BELLUCCI
Acapulco_2026_R32_Pacheco-Mendez_Cobolli,117.66666666666667,26.5031,22.52,1766.5252581830373,1.582430806257521,429,158,301,434,735,11.775400117261386,342,139,271,240,10.12,17.48,19.77,16.91,18.42,17.3,COBOLLI
Dubai_2026_R32_Bergs_Brooksby,94.11666666666666,16.97405,18.04,1352.6789195545127,1.7071661237785016,308,120,272,281,553,10.83765777074254,248,166,201,247,6.03,18.36,23.45,24.72,16.08,11.37,BERGS
Dubai_2026_R32_Humbert_Tsitsipas,85.26666666666667,12.163133333333333,14.26,1025.9487254732926,1.6473469387755102,246,120,197,234,431,8.547086549796145,222,96,177,108,6.36,16.65,24.19,21.91,20.84,10.05,TSITSIPAS
Dubai_2026_R32_Marozsan_Rinderknech,113.16666666666667,20.827583333333333,18.4,1309.92592609265,1.5572507552870092,344,169,314,277,591,9.456186071208824,289,164,197,209,7.0,25.04,23.71,22.67,17.39,4.18,MAROZSAN
Dubai_2026_R32_Mensik_Hurkacz,87.96666666666667,17.201533333333334,19.55,1285.9383332165196,1.7507880910683014,283,137,250,261,511,9.733935297728385,273,114,187,207,10.0,14.88,15.79,18.5,22.97,17.86,MENSIK
Acapulco_2026_R16_Svrcina_Cobolli,109.68333333333334,19.58608333333333,17.86,1817.138148221468,1.657315598548972,419,145,359,368,727,13.453036224358229,288,161,260,287,9.62,14.29,21.51,25.95,21.78,6.87,COBOLLI
Acapulco_2026_R16_Zverev_Kecmanovic,155.43333333333334,27.007166666666667,17.38,2093.0585623678785,1.5830246913580248,488,197,453,411,864,9.89077489435421,392,208,283,354,8.67,18.82,23.56,23.1,21.6,4.24,KECMANOVIC
Dubai_2026_R16_Mensik_Popyrin,63.81666666666667,9.94625,15.59,846.1684626779972,1.694736842105263,194,95,168,179,347,11.21540298011406,193,70,115,145,9.72,18.59,21.08,19.94,17.59,13.09,MENSIK
Santiago_2026_R16_Comesana_Pellegrino,170.13333333333333,33.61611666666667,19.76,2221.6176307392825,1.450609184629803,526,218,403,524,927,11.562058747308866,347,240,324,327,3.86,11.72,14.15,7.68,12.96,49.63,COMESANA
Acapulco_2026_R16_Nakashima_Kypson,94.2,18.235833333333336,19.36,1238.8718461133165,1.5893220338983052,287,127,268,265,533,10.959885292038791,211,140,185,196,5.95,12.01,19.63,21.32,25.58,15.5,NAKASHIMA
Acapulco_2026_QF_Kecmanovic_Atmane,89.78333333333333,16.1911,18.03,1410.4029278693067,1.592283950617284,303,121,201,380,581,10.199900048450012,198,147,218,215,3.04,9.97,17.85,23.17,25.48,20.49,KECMANOVIC
Acapulco_2026_R16_Bellucci_Davidovich-Fokina,73.16666666666667,11.617583333333332,15.88,1191.8450955590818,1.8243512974051896,248,102,188,252,440,9.888580560393748,209,120,164,165,5.04,13.23,19.97,25.81,20.8,15.15,BELLUCCI
Acapulco_2026_QF_Tiafoe_Bellucci,106.28333333333333,19.445249999999998,18.3,1659.5019504917152,1.7200000000000002,354,141,288,303,591,10.714038857776185,275,183,249,232,2.59,14.61,21.54,27.54,21.63,12.09,BELLUCCI
Dubai_2026_QF_Mensik_Griekspoor,101.98333333333333,17.2207,16.89,1297.6923623557268,1.7595486111111112,294,138,260,261,521,13.32045999566532,262,137,185,219,7.55,18.91,22.11,20.81,18.64,11.97,MENSIK
Santiago_2026_R16_Garin_Baez,153.3,33.097883333333336,21.59,2461.1574507008727,1.6326475849731663,564,209,537,414,951,12.406141399211307,329,252,390,375,4.02,13.67,16.18,14.33,19.15,32.65,BAEZ
Acapulco_2026_QF_Vacherot_Nakashima,107.28333333333333,22.041249999999998,20.54,1669.583464673764,1.533123425692695,395,147,363,364,727,11.433888600575573,295,189,259,245,5.91,11.15,16.75,23.17,28.58,14.44,NAKASHIMA
Acapulco_2026_SF_Tiafoe_Nakashima,170.48333333333332,30.176066666666667,17.7,2321.6255269920503,1.638468809073724,525,207,432,465,897,11.484715991374168,423,241,330,347,6.87,12.47,20.19,20.45,26.75,13.28,NAKASHIMA
Santiago_2026_QF_Tabilo_Baez,81.15,19.015,23.43,1277.2409917734249,1.4980613893376413,311,122,312,199,511,13.132449474201213,182,138,203,209,4.09,14.73,14.99,12.06,17.84,36.28,BAEZ
Acapulco_2026_SF_Kecmanovic_Cobolli,146.0,29.201183333333333,20.0,2382.9195251094457,1.739423076923077,529,191,432,458,890,11.052422549708083,363,214,336,349,7.61,13.26,17.12,11.12,22.78,28.1,COBOLLI
Acapulco_2026_SF_Kecmanovic_Cobolli,146.0,29.201183333333333,20.0,2051.4044683376846,1.4983653846153846,511,191,458,432,890,11.840510687549264,398,189,337,308,5.75,15.49,20.68,25.33,20.41,12.34,KECMANOVIC
Merida_2026_R16_Zhang_Navarro,83.01666666666667,9.569018816666667,11.53,817.7094741653204,1.3134854771784232,240,107,152,169,321,6.871834688131576,90,134,154,139,1.79,11.4,30.66,32.52,17.97,5.67,NAVARRO
Indian_Wells_2026_1st_Altmaier_Kecmanovic,60.63333333333333,9.593416666666666,15.82,823.2423658033568,1.6016042780748663,180,83,94,242,336,11.577202173921584,170,73,104,130,5.41,16.78,23.5,24.25,19.16,10.91,KECMANOVIC
Indian_Wells_2026_1st_Altmaier_Kecmanovic,60.63333333333333,9.593416666666666,15.82,895.4472240374632,1.7636363636363637,194,83,242,94,336,11.938499011679111,165,95,122,148,12.63,17.09,16.27,11.82,15.41,26.79,ALTMAIER
Indian_Wells_2026_1st_Bellucci_Diallo,132.95,22.53986666666667,16.95,1649.2254811285072,1.5452830188679245,402,157,374,322,696,12.082607515734567,292,210,289,230,3.05,17.13,16.72,18.11,18.61,26.38,BELLUCCI
Indian_Wells_2026_1st_Bergs_Struff,72.5,13.771183333333333,18.99,910.8768673444434,1.6573059360730593,219,117,186,197,383,10.78331401288642,222,103,129,162,6.54,20.95,20.88,21.23,16.2,14.2,BERGS
Indian_Wells_2026_1st_Fonseca_Collignon,102.13333333333334,19.463849999999997,19.06,1614.6165683363326,1.6138743455497382,377,140,239,431,670,11.073859839825472,310,139,226,296,6.75,13.95,19.86,17.72,23.41,18.31,FONSECA
Indian_Wells_2026_Q_O'Connell_Harris,86.75,15.732866666666666,18.14,971.1017867382889,1.5119246861924687,243,116,179,243,422,11.757672811343795,164,134,140,161,3.47,17.2,21.94,13.82,28.94,14.64,O'CONNELL
Indian_Wells_2026_1st_Fucsovics_O'Connell,90.26666666666667,15.070716666666668,16.7,1215.3336932364116,1.5391376451077945,317,121,316,170,486,9.307040607251093,205,139,203,177,5.38,16.78,23.77,20.2,25.73,8.14,O'CONNELL
Indian_Wells_2026_1st_Opelka_Quinn,100.55,14.367750000000001,14.29,1090.2872937987295,1.6205769230769231,266,151,302,166,468,9.116386987665118,263,116,163,142,10.47,23.12,19.49,20.91,16.15,9.86,QUINN
Indian_Wells_2026_1st_Tsitsipas_Shapovalov,106.4,18.8057,17.67,1693.504441045615,1.7436031331592687,392,151,337,259,596,9.2523296510637,278,191,273,210,6.4,14.93,24.07,21.83,22.21,10.55,TSITSIPAS
Indian_Wells_2026_1st_Korda_Comesana,77.91666666666667,16.228166666666667,20.83,1434.1931158030955,1.673065015479876,326,107,319,260,579,10.854307593901671,250,151,230,212,3.77,11.62,12.68,10.06,21.54,40.33,COMESANA
Indian_Wells_2026_1st_Marozsan_Bautista-Agut,140.36666666666667,26.112366666666667,18.6,2024.5982721488256,1.4672430355427475,543,201,492,328,820,9.251018025836254,416,211,315,359,5.59,17.66,23.28,30.71,19.28,3.49,MAROZSAN
Indian_Wells_2026_1st_Tseng_Baez,76.2,15.329883333333333,20.12,1353.3898747902863,1.7388601036269429,284,109,248,245,493,12.590460458495755,219,147,199,204,4.04,12.45,17.23,20.07,27.69,18.51,BAEZ
Indian_Wells_2026_R64_Cobolli_Kecmanovic,116.7,26.570716666666666,22.77,1724.2185405889215,1.47603121516165,441,170,401,366,767,10.782673186680542,329,195,287,266,6.67,18.87,27.9,28.0,16.12,2.44,KECMANOVIC
Indian_Wells_2026_R64_Cobolli_Kecmanovic,116.7,26.570716666666666,22.77,1969.6967892722282,1.7072463768115944,456,170,366,401,767,10.015043379687508,315,213,305,264,7.05,12.72,16.54,15.78,27.68,20.24,COBOLLI
Indian_Wells_2026_R64_Nakashima_Ugo-Carabelli,72.93333333333334,16.368299999999998,22.44,1368.760274710291,1.6977739726027397,294,98,238,292,530,11.369463425557912,234,122,191,226,9.33,9.49,18.77,23.56,25.97,12.86,NAKASHIMA
Indian_Wells_2026_R64_Prizmic_Fils,60.28333333333333,11.380133333333333,18.88,988.8389996242965,1.6298097251585624,228,80,184,214,398,8.631460535336124,136,117,163,142,3.35,10.94,20.02,25.88,29.69,10.12,FILS
Indian_Wells_2026_R64_Bergs_Paul,67.8,10.982833333333334,16.2,968.1113681105002,1.6869757174392936,244,96,267,129,396,7.785573300406845,215,98,141,166,7.7,23.88,21.07,19.58,14.3,13.46,BERGS
Indian_Wells_2026_R64_Bergs_Paul,67.8,10.982833333333334,16.2,960.0926951280294,1.6560706401766006,209,96,129,267,396,8.804631031653614,191,98,125,146,8.73,12.96,25.0,24.03,18.57,10.71,PAUL
Indian_Wells_2026_R64_Etcheverry_Shapovalov,158.6,27.347666666666665,17.24,2390.5023489052364,1.6552631578947368,540,201,548,393,941,9.528051542838051,366,293,371,368,5.54,15.91,13.98,17.23,25.47,21.87,ETCHEVERRY
Indian_Wells_2026_R64_Giron_Mensik,104.11666666666666,20.41035,19.6,1522.8977601706995,1.664868603042877,369,156,322,289,611,9.631464404471952,301,169,249,275,11.54,19.21,21.3,22.41,21.59,3.95,MENSIK
Indian_Wells_2026_R64_Svrcina_Sinner,64.35,12.947133333333333,20.12,1239.981194050256,1.7772983114446528,261,94,185,299,484,8.748324368622951,246,102,175,188,13.46,14.77,21.91,26.27,18.13,5.46,SINNER
Indian_Wells_2026_R64_Baez_Lehecka,70.93333333333334,14.2317,20.06,1205.113919962985,1.599484536082474,287,100,236,246,482,8.25403559057276,206,148,192,203,3.81,13.13,15.68,16.23,28.22,22.93,BAEZ
Indian_Wells_2026_R64_Khachanov_Fonseca,135.25,21.811733333333333,16.13,1896.068005729097,1.5777173913043478,453,190,350,325,675,12.365464995380943,328,221,297,314,5.03,13.23,21.6,16.32,24.91,18.91,FONSECA
Indian_Wells_2026_1st_Bouzas-Maneiro_Haddad-Maia,134.95,22.800483333333332,16.9,1325.5897884258839,1.356736711990111,410,191,227,359,586,8.697394577452567,249,138,217,238,7.21,13.7,39.04,32.72,6.06,1.27,HADDAD MAIA
Indian_Wells_2026_R64_Day_Swiatek,97.4,18.70565,19.2,1232.8666083160595,1.5080952380952382,328,125,267,265,532,9.58218273357025,204,149,172,217,6.78,12.87,27.66,26.48,20.69,5.52,SWIATEK
Indian_Wells_2026_R64_Kartal_Navarro,152.23333333333332,34.98015,22.98,2525.087307201813,1.4263198757763975,647,191,462,423,885,10.982406614395252,323,319,438,392,6.58,12.8,23.34,30.91,18.42,7.96,NAVARRO
Indian_Wells_2026_R32_Davidovich-Fokina_Mensik,123.93333333333334,18.781416666666665,15.15,1587.9158211520594,1.767579250720461,354,150,299,330,629,9.116613318496729,327,142,229,253,9.86,16.05,15.82,19.35,27.38,11.54,MENSIK
Indian_Wells_2026_R32_Fonseca_Paul,81.68333333333334,16.385366666666666,20.06,1256.142608657191,1.6625,282,108,231,255,486,10.959803312699412,214,110,202,198,5.16,12.64,20.27,17.72,25.65,18.56,FONSECA
Indian_Wells_2026_R32_Fonseca_Paul,81.68333333333334,16.385366666666666,20.06,1334.330372018661,1.7543402777777777,294,108,255,231,486,9.997937267528105,229,108,191,184,11.27,13.04,26.42,24.55,16.7,8.03,PAUL
Indian_Wells_2026_R32_Fucsovics_Fils,83.61666666666666,14.186683333333333,16.97,1083.859628076062,1.54010989010989,261,118,223,163,386,11.082913141563283,186,139,161,159,3.36,14.24,20.6,21.49,27.57,12.75,FILS
Indian_Wells_2026_R32_Nakashima_Zverev,150.48333333333332,22.541283333333336,14.98,1910.6274143832989,1.6154370034052214,445,206,383,403,786,10.813689589497912,360,199,270,291,6.51,14.16,21.36,22.21,25.89,9.88,NAKASHIMA
Indian_Wells_2026_R32_Shapovalov_Sinner,71.43333333333334,11.566033333333333,16.19,1033.1454983267622,1.744298245614035,213,99,149,240,389,10.445997673101486,215,120,158,140,7.04,16.74,19.13,22.18,22.67,12.25,SINNER
Hong_Kong_2026_R32_Wong_Navone,101.01666666666667,19.113066666666665,18.92,1550.5681011175986,1.5998607242339833,360,141,380,250,630,10.68963614572479,282,157,226,266,4.22,12.79,18.36,22.73,23.09,18.81,NAVONE
Buenos_Aires_2026_R32_Navone_Nava,62.93333333333333,11.988016666666665,19.05,938.8281725127719,1.657177033492823,207,87,196,147,343,9.951210763324596,127,95,152,161,2.01,13.28,15.1,11.17,14.23,44.21,NAVONE
Buenos_Aires_2026_R16_Ugo-Carabelli_Navone,121.45,32.0424,26.38,2622.470667830374,1.700925925925926,546,139,474,482,956,13.689394097073604,407,249,386,425,6.02,13.73,19.88,16.85,16.21,27.3,NAVONE
Auckland_2026_R32_Navone_Michelsen,145.7,20.98400416666667,14.4,2429.498898811316,1.8796626054358012,540,193,557,404,961,13.020523020617944,392,241,367,436,4.49,12.0,20.96,18.86,23.26,20.43,NAVONE
Tokyo_2025_Q_Shimabukuro_Navone,78.91666666666667,10.556295033333333,13.38,1198.564588657272,1.7299820466786355,281,113,265,218,483,11.151707582678148,194,152,185,202,5.37,12.19,23.33,17.05,15.36,26.71,NAVONE
Brisbane_2025_R32_Navone_Jarry,108.48333333333333,10.716164016666665,9.88,1198.416194711457,1.6044628099173555,302,152,301,247,548,8.292179485260329,227,171,167,249,1.56,13.54,26.06,20.76,25.72,12.36,NAVONE
Rome_2025_1st_Navone_Cina,83.95,21.247133333333334,25.31,1534.8094942928662,1.6511380880121396,336,111,350,229,579,11.894746982961044,224,168,247,250,3.52,12.11,19.02,15.17,13.94,36.24,NAVONE
Rome_2025_R64_Sinner_Navone,97.65,23.719,24.29,1720.5490183972515,1.6882037533512066,364,122,321,343,664,11.76730208065567,231,191,265,258,2.79,10.29,13.1,11.48,14.78,47.56,NAVONE
Indian_Wells_2026_1st_Navone_Giron,139.96666666666667,29.425066666666666,21.02,2360.440508472608,1.6646182495344506,534,178,550,360,910,10.4938495478522,292,336,357,437,1.74,12.88,22.1,24.52,23.99,14.77,NAVONE
Miami_2025_1st_Sonego_Navone,130.7,21.47603333333333,16.43,1660.6065618000077,1.6733870967741935,373,149,395,224,619,9.342897663173163,284,195,231,307,3.49,15.41,23.42,21.36,19.82,16.5,NAVONE
Santiago_2025_R32_Navone_Shevchenko,64.86666666666666,12.297716666666668,18.96,934.3159920863257,1.7013054830287206,186,73,175,151,326,12.275843929058045,145,95,140,135,2.91,9.13,17.16,15.53,13.69,41.58,NAVONE
Santiago_2025_R16_Navone_Dzumhur,155.71666666666667,41.094233333333335,26.39,2813.26057619091,1.640275387263339,574,196,437,526,963,12.447692649560222,451,216,414,401,7.74,9.95,16.22,16.73,16.28,33.07,NAVONE
Rio_2026_R32_Cerundolo_Navone,91.38333333333334,19.696649999999998,21.55,1595.80429415824,1.6975109809663251,332,118,267,323,590,11.966428617304969,224,130,257,261,5.16,9.53,11.75,11.55,17.83,44.18,NAVONE
Auckland_2025_R16_Navone_Borges,1020.7166666666667,24.51264078333333,2.4,2650.4374773372647,1.7036978756884344,637,213,558,510,1068,9.035488158258245,434,339,417,499,2.53,9.44,23.27,26.79,26.16,11.8,NAVONE
Auckland_2025_R32_Navone_Mannarino,1359.55,26.157306016666666,1.92,2739.7556297640617,1.676946800308404,646,196,613,516,1129,9.57728874359482,450,295,446,492,3.6,9.34,26.4,33.4,19.62,7.65,NAVONE
Buenos_Aires_2025_R16_Navone_Rune,101.88333333333334,18.728366666666666,18.38,1654.7665242497606,1.690144927536232,340,131,284,269,553,12.915395251891576,252,163,226,258,7.55,11.51,15.15,13.18,13.24,39.36,NAVONE
Buenos_Aires_2025_R32_Navone_Comesana,98.9,17.95841666666667,18.16,1498.4977700829143,1.5462934947049924,326,118,319,240,559,11.17313067722072,213,143,201,253,5.28,13.98,21.94,14.95,13.74,30.11,NAVONE
Buenos_Aires_2025_QF_Fonseca_Navone,173.73333333333332,37.57195,21.63,2958.0385263650473,1.6054447852760736,650,212,613,500,1113,12.985675722669155,411,335,445,483,4.74,12.14,16.63,14.87,14.03,37.58,NAVONE
Umag_2025_R16_de-Jong_Navone,96.41666666666667,17.8952,18.56,1654.3856830577208,1.6870689655172415,348,123,344,286,630,13.654804306146492,250,147,236,260,10.31,11.92,18.14,19.39,12.63,27.61,NAVONE
Umag_2025_R32_Barrios-Vera_Navone,69.73333333333333,16.339083333333335,23.43,1221.5066579929978,1.6232209737827714,258,84,219,247,466,13.60300950594532,194,125,184,198,5.09,9.79,15.77,14.19,20.86,34.3,NAVONE
Munich_2025_R16_Goffin_Navone,133.78333333333333,23.8587317,17.83,2735.6166156775107,1.8175909878682843,571,166,504,478,982,11.613028436983209,363,283,420,440,4.72,8.86,18.32,16.42,19.43,32.26,NAVONE
Munich_2025_R32_Navone_Auger-aliassime,182.26666666666668,28.088797033333332,15.41,3195.5380049228793,1.81882001493652,673,225,675,462,1137,13.27251029980174,420,373,458,474,2.91,9.01,20.4,14.09,11.75,41.85,NAVONE
Madrid_2025_R64_Shelton_Navone,138.65,30.455116666666665,21.97,2388.6828378443743,1.694242424242424,484,194,499,373,872,14.795447513666506,334,211,343,346,5.49,12.2,16.63,13.79,14.75,37.14,NAVONE
Madrid_2025_1st_Mpetshi-Perricard_Navone,83.91666666666667,15.635633333333335,18.63,1257.1882020901385,1.7303201506591337,254,122,236,252,488,11.42516468277242,194,109,180,212,4.41,11.07,16.08,10.17,10.91,47.35,NAVONE
Cincinnati_2025_1st_Walton_Navone,158.65,27.7428,17.49,2418.045568202891,1.6225022502250224,569,201,541,443,984,13.581624290809916,429,275,354,436,3.66,12.4,25.37,25.29,25.04,8.25,NAVONE
Cincinnati_2025_Q_Navone_Struff,1302.6,25.256066666666666,1.94,1649.208506575832,1.5185406698564594,395,199,310,389,699,9.434006060927782,331,222,237,302,2.35,11.16,24.11,17.26,22.54,22.58,NAVONE
Cincinnati_2025_Q_Navone_Nava,91.05,15.903916666666667,17.47,1327.7066435169259,1.6225442834138486,305,133,298,216,514,11.618030869648155,236,164,201,223,4.94,13.39,23.84,22.23,20.39,15.22,NAVONE
Winston_Salem_2025_R16_Bu_Navone,100.01666666666667,21.364633333333334,21.36,1557.1840604526417,1.6255586592178772,355,125,279,336,615,12.066890238006469,271,152,239,251,3.64,9.59,20.03,20.77,16.55,29.42,NAVONE
Winston_Salem_2025_R32_Navone_Giron,83.76666666666667,19.9694,23.84,1547.5570547125585,1.5822033898305086,349,110,255,315,570,9.309467115406076,255,153,235,266,3.53,7.84,20.49,17.2,17.34,33.59,NAVONE
Winston_Salem_2025_R64_Navone_Suresh,79.28333333333333,11.774783333333334,14.85,951.4667021561415,1.6941573033707864,213,117,180,209,389,9.361414732113811,203,94,143,140,4.31,12.68,23.82,17.97,17.27,23.96,NAVONE
Mallorca_2025_Q_Navone_Basavareddy,75.48333333333333,11.398194933333334,15.1,1262.6878907577563,1.769718309859155,280,94,243,252,495,12.023703806312822,226,136,181,227,6.07,10.25,24.64,26.16,24.9,7.98,NAVONE
Mallorca_2025_Q_Navone_Ofner,114.65,11.900680383333334,10.38,1432.3250041827314,1.7516272189349111,326,176,315,301,616,10.719557200554704,302,161,201,292,2.73,15.25,29.0,20.14,24.4,8.48,NAVONE
Shanghai_2025_1st_Royer_Navone,137.5,25.0984,18.25,1919.1309460812404,1.726181818181818,415,173,362,365,727,13.338501924308336,307,204,272,325,3.66,11.15,19.41,13.71,16.3,35.77,NAVONE
Indian_Wells_2025_1st_Navone_Tien,1073.8833333333334,27.737133333333336,2.58,2101.4103749057526,1.5788283658787257,469,151,376,409,785,11.485697860956112,306,187,350,355,3.47,8.69,14.0,20.71,27.76,25.36,NAVONE
Indian_Wells_2025_R64_Navone_Shelton,77.13333333333334,14.334866666666667,18.58,1249.1065060824221,1.778301886792453,259,102,261,202,463,13.250053969263796,228,119,177,193,9.67,13.71,16.24,20.93,16.51,22.95,NAVONE
Santiago_2026_R16_Navone_Darderi,146.0,34.86571666666667,23.88,2742.303390179527,1.617820945945946,586,184,547,520,1067,13.157753518065482,404,264,402,476,5.2,9.71,13.64,13.32,15.84,42.29,NAVONE
Santiago_2026_R32_Navone_Kopriva,89.5,18.3268,20.48,1319.2624866302917,1.5476588628762542,291,112,209,263,472,10.8033858971284,166,132,222,210,1.38,9.84,12.28,9.57,17.73,49.21,NAVONE
Rio_2025_R32_Navone_Carballes-Baena,94.76666666666667,23.6476,24.95,1911.5279629166785,1.6961152882205515,410,114,368,313,681,13.502425786836463,277,167,274,308,8.08,11.35,15.84,18.49,19.1,27.13,NAVONE
Rio_2025_R16_Baez_Navone,128.13333333333333,28.859199999999998,22.52,2500.560172079092,1.63001808318264,550,164,439,476,915,11.108838219461465,379,243,379,409,4.59,9.9,15.59,17.53,17.66,34.73,NAVONE
Monte_Carlo_2025_Q_Navone_Rinderknech,152.05,29.80393333333333,19.6,2515.767083282428,1.789845261121857,501,183,431,503,934,12.841353924472092,299,246,363,426,4.26,9.36,15.98,14.24,16.68,39.48,NAVONE
Monte_Carlo_2025_R64_Navone_Berrettini,106.7,21.233150000000002,19.9,1959.6607833820979,1.7623115577889448,395,135,348,310,658,14.234294957246716,261,217,285,295,4.92,11.42,18.75,13.98,11.58,39.35,NAVONE
Monte_Carlo_2025_Q_Navone_Tseng,76.38333333333334,18.434416666666667,24.13,1344.422429278528,1.6120065789473685,301,98,242,265,507,11.247363456318674,181,130,215,222,3.76,9.1,16.34,17.74,20.06,33.0,NAVONE
Hangzhou_2025_R32_Navone_Tien,142.73333333333332,30.721666666666668,21.52,2239.717584913312,1.743940990516333,468,184,375,471,846,10.57259231830266,371,196,353,305,5.19,11.96,20.43,23.05,25.17,14.19,NAVONE
Bastad_2025_R16_Cerundolo_Navone,92.38333333333334,15.133503249999999,16.38,1618.4062174625085,1.7080971659919029,371,128,356,283,639,13.332280216855754,210,214,241,306,2.27,7.6,18.07,13.93,19.01,39.12,NAVONE
Bastad_2025_R32_Barrios-vera_Navone,118.41666666666667,19.416316516666665,16.4,2159.0817683832374,1.7619506966773848,466,157,382,435,817,13.37254232646886,326,246,327,349,5.22,8.01,17.44,15.61,19.68,34.04,NAVONE
Bucharest_2025_R32_Djere_Navone,117.48333333333333,23.676466666666666,20.15,2176.4775784266253,1.717381974248927,458,150,403,392,795,11.173353382067852,315,225,341,352,3.58,10.08,17.24,20.87,23.7,24.53,NAVONE
Bucharest_2025_R16_Fucsovics_Navone,160.96666666666667,42.11196666666667,26.16,3477.457287182606,1.7317829457364342,724,182,832,363,1195,11.658472870434643,457,394,527,556,4.69,9.88,17.5,19.04,18.42,30.49,NAVONE
Indian_Wells_2026_R16_Fils_Auger-Aliassime,111.1,18.06501666666667,16.26,1624.9166520788406,1.7544138929088278,351,142,333,287,620,10.956680300091282,287,129,246,226,5.69,13.3,17.21,15.97,16.96,30.87,FILS
Indian_Wells_2026_R16_Fonseca_Sinner,121.28333333333333,21.081133333333334,17.38,1570.6089132932248,1.570718954248366,375,156,332,344,676,12.333160777297763,291,170,261,251,4.27,13.37,19.14,15.06,26.71,21.44,FONSECA
Indian_Wells_2026_R16_Fonseca_Sinner,121.28333333333333,21.081133333333334,17.38,1671.8921317346048,1.6549019607843136,390,156,344,332,676,11.694837578324206,327,182,245,251,5.77,16.38,19.57,18.75,20.22,19.31,SINNER
Indian_Wells_2026_R32_Medvedev_Baez,78.65,19.6153,24.94,1778.2375984943108,1.791018766756032,378,113,417,244,661,9.965438727009918,264,165,258,300,6.38,13.16,17.46,25.3,26.39,11.31,BAEZ
Austin_2026_R32_Navarro_Sun,84.9,11.78598985,13.88,940.480446707718,1.2342857142857142,293,128,190,213,403,7.666355257601408,83,163,171,152,0.9,12.43,32.04,31.16,17.37,6.11,NAVARRO
Austin_2026_R32_Fruhvirtova_Haddad-Maia,158.05,19.820664616666665,12.54,1676.0396305944923,1.3148936170212766,507,208,345,385,730,8.624749270139015,257,184,277,290,6.67,18.23,45.36,23.32,4.97,1.45,HADDAD MAIA
Indian_Wells_2026_QF_Fils_Zverev,82.15,13.40905,16.32,1105.7059148805292,1.5900188323917137,283,120,282,183,465,12.406466175802672,207,113,163,160,4.91,14.3,22.27,17.31,18.37,22.84,FILS
Indian_Wells_2026_QF_Tien_Sinner,65.7,12.4392,18.93,1061.7461429980785,1.6930379746835442,235,96,215,209,424,10.676561934422915,199,133,142,130,7.05,17.67,21.76,27.85,16.57,9.09,SINNER
Indian_Wells_2026_SF_Zverev_Sinner,82.55,14.4273,17.48,1094.4038094517325,1.6605882352941177,254,104,220,236,456,10.351615481168327,221,103,167,164,6.16,13.41,14.78,16.27,18.7,30.66,SINNER
Indian_Wells_2026_F_Medvedev_Sinner,115.46666666666667,24.240483333333334,20.99,2047.7395725837305,1.7626681614349775,439,158,325,444,769,11.732604683182526,376,223,288,313,4.94,13.31,18.67,27.08,22.05,13.95,SINNER
United_Cup_2026_QF_Fritz_Tsitsipas,81.3,9.36115,11.51,1073.8060905885015,1.6630522088353414,250,116,248,158,406,8.980728393366777,208,111,178,143,5.36,12.79,23.04,20.75,20.21,17.86,TSITSIPAS
United_Cup_2026_RR_Harris_Tsitsipas,136.55,15.360533333333334,11.25,1729.128421639425,1.6150421179302044,413,167,305,362,667,10.703620227832612,316,186,271,247,5.76,11.84,24.7,23.7,24.67,9.32,TSITSIPAS
United_Cup_2026_RR_Tsitsipas_Mochizuki,82.6,11.095233333333335,13.43,1306.72315267562,1.7059422750424447,289,118,215,283,498,10.551813647126382,239,136,197,179,5.53,12.71,23.58,22.47,25.71,10.0,TSITSIPAS
Indian_Wells_2026_R16_Muchova_Swiatek,76.81666666666666,13.049016666666667,16.99,986.1854453221881,1.6734607218683653,224,94,158,219,377,7.597666370697988,151,126,148,158,3.76,9.47,24.46,26.84,29.93,5.55,SWIATEK
Indian_Wells_2026_R32_Sakkari_Swiatek,85.11666666666666,14.300333333333333,16.8,1062.5095479521985,1.659537572254335,255,121,196,186,382,12.576127231287046,195,111,163,145,7.83,13.51,25.59,25.6,22.4,5.06,SWIATEK
Indian_Wells_2026_QF_Svitolina_Swiatek,128.76666666666668,21.301916666666667,16.54,1521.9874884779674,1.58,397,176,284,251,535,8.90229165461259,254,151,207,237,5.99,10.55,26.69,23.87,27.57,5.33,SWIATEK
Indian_Wells_2026_R32_Osorio_Osaka,99.41666666666667,20.81395,20.94,1362.1836345235276,1.4493688639551194,352,152,243,297,540,10.527419617420598,162,121,203,244,5.82,16.94,30.89,38.21,7.7,0.44,OSAKA
Indian_Wells_2026_R64_Jimenez-Kasintseva_Osaka,87.7,16.5177,18.83,1269.3005071158523,1.4794871794871796,328,131,184,336,520,10.311750817663125,161,108,224,194,2.95,10.77,25.55,48.54,10.96,1.22,OSAKA
Indian_Wells_2026_R16_Sabalenka_Osaka,80.2,13.370783333333332,16.67,958.301233008252,1.5390946502057614,249,124,195,157,352,10.22012021120527,144,103,135,141,7.68,18.73,29.93,32.86,9.89,0.91,OSAKA
Miami_2026_Q_Basavareddy_Barrios-Vera,82.68333333333334,12.647250000000001,15.3,939.0932192248081,1.4447999999999999,265,100,262,181,443,9.147806493515397,226,113,138,147,7.09,21.34,21.44,19.27,23.1,7.76,BASAVAREDDY
Miami_2026_Q_Bellucci_Jarry,64.55,10.114266666666667,15.67,861.172683021602,1.6960732984293194,182,91,208,133,341,8.983469732906896,142,119,144,125,2.75,17.61,21.96,19.57,22.9,15.21,BELLUCCI
Miami_2026_Q_Bellucci_Cassone,162.5,40.76531666666666,25.09,3336.138202488666,1.7006172839506173,727,218,549,742,1291,10.282207310948488,570,343,549,498,5.8,12.13,16.92,28.47,23.99,12.7,BELLUCCI
Miami_2026_Q_Blockx_Tseng,85.68333333333334,17.068466666666666,19.92,1485.2775120074991,1.7236196319018404,333,127,265,275,540,11.352165000079095,238,155,206,186,5.69,14.18,20.46,15.76,26.8,17.12,BLOCKX
Miami_2026_Q_Blockx_O'Connell,157.48333333333332,26.0867,16.56,2359.1146552212444,1.879535864978903,471,176,375,444,819,10.957106901349032,329,253,334,332,6.14,11.38,19.3,11.63,20.19,31.37,BLOCKX
Miami_2026_Q_Blockx_O'Connell,157.48333333333332,26.0867,16.56,1949.687650166572,1.523101265822785,477,176,444,375,819,11.058508839819956,334,198,291,280,10.82,20.33,23.17,19.26,18.87,7.55,O'CONNELL
Miami_2026_Q_Mejia_O'Connell,114.58333333333333,19.59165,17.1,1423.2413540465586,1.530307467057101,353,145,300,302,602,10.70180797124408,267,160,216,220,5.38,16.28,23.14,25.66,25.3,4.24,O'CONNELL
Miami_2026_1st_Basilashvili_Navone,98.91666666666667,17.725716666666663,17.92,1462.1481007150337,1.5768451519536901,328,140,322,278,600,10.51446799977562,221,200,211,267,2.0,9.89,21.51,19.33,23.59,23.69,NAVONE
Miami_2026_1st_Bergs_Brooksby,87.86666666666666,15.690833333333334,17.86,1440.7173594007181,1.8189189189189188,292,125,237,318,555,12.444431793092589,271,136,207,237,7.77,15.91,20.8,26.86,17.37,11.31,BERGS
Miami_2026_1st_Tsitsipas_Fery,92.86666666666666,17.099733333333333,18.41,1320.9899246317864,1.5928237129485179,317,136,207,301,508,10.85496555954147,246,132,217,183,5.83,12.21,23.24,18.99,28.34,11.39,TSITSIPAS
Miami_2026_1st_Majchrzak_Kecmanovic,118.46666666666667,30.285633333333333,25.56,1943.3261633532204,1.455053974484789,511,182,443,385,828,9.641757672509344,341,220,320,352,5.11,16.92,22.33,32.02,19.5,4.11,KECMANOVIC
Miami_2026_1st_Marozsan_Fonseca,109.93333333333334,18.532466666666668,16.86,1443.1133724954873,1.5711699164345403,360,168,321,313,634,13.630686190177626,297,167,228,230,5.21,14.57,25.04,19.53,27.0,8.65,FONSECA
Miami_2026_1st_Michelsen_Bellucci,65.31666666666666,12.891633333333335,19.74,1036.1988700460006,1.7137777777777778,223,93,193,211,404,10.094358367918217,178,113,163,143,7.03,12.29,17.84,22.31,25.22,15.32,BELLUCCI
Miami_2026_1st_Sonmez_Haddad-Maia,86.31666666666666,15.174333333333333,17.58,999.7438948625172,1.331011608623549,309,119,215,225,440,8.426012378234322,102,124,172,181,4.59,9.33,42.51,32.95,9.04,1.57,HADDAD MAIA
Miami_2026_R64_Linette_Swiatek,130.0,17.549166666666668,13.5,1296.4949997465085,1.4998611111111113,360,168,235,296,531,7.031054305285328,210,147,191,227,4.18,10.59,28.16,24.14,27.8,5.13,SWIATEK
Miami_2026_1st_Atmane_Altmaier,205.7,14.0816,6.85,932.8486482708566,1.765075376884422,192,100,168,182,350,10.718955024643714,150,88,137,155,7.84,16.17,16.0,10.96,17.93,31.1,ALTMAIER
Miami_2026_1st_Collignon_Dimitrov,150.9,25.52788333333333,16.92,1769.7943778174822,1.5405973451327435,474,219,334,395,729,10.33655051028973,362,141,255,280,8.69,13.02,28.56,18.2,20.59,10.93,DIMITROV
Miami_2026_1st_Collignon_Dimitrov,150.9,25.52788333333333,16.92,2023.010778243393,1.7589601769911503,430,219,395,334,729,8.856588936633242,442,202,287,282,7.44,17.71,20.75,17.0,15.25,21.84,COLLIGNON
Miami_2026_R64_Collignon_Cobolli,94.5,21.11348333333333,22.34,1647.0805642884106,1.7788251366120218,346,140,268,377,645,10.28434161424036,313,166,235,219,6.55,15.5,17.9,24.19,16.66,19.19,COLLIGNON
Miami_2026_1st_O'Connell_Fucsovics,105.75,18.906866666666666,17.88,1425.7362479328444,1.5022130013831256,369,149,424,149,573,10.639093655868749,217,198,235,208,4.43,17.72,19.8,16.04,28.39,13.62,O'CONNELL
Miami_2026_1st_Walton_Baez,67.18333333333334,16.649816666666666,24.78,1189.4955733506958,1.591546762589928,278,91,241,250,491,11.324053863215344,209,113,186,200,3.86,12.0,15.77,23.84,30.57,13.96,BAEZ
Miami_2026_R64_Alcaraz_Fonseca,94.33333333333333,14.301966666666667,15.16,1219.7447624597378,1.6386873920552676,290,130,267,216,483,11.053797371393363,208,137,177,195,5.77,13.58,25.14,19.47,24.38,11.66,FONSECA
Miami_2026_R64_Collignon_Cobolli,94.5,21.11348333333333,22.34,1495.22053533344,1.5995901639344263,386,140,377,268,645,10.689403083807964,305,140,197,234,13.54,17.05,20.31,18.07,19.37,11.66,COBOLLI
Miami_2026_R64_Navone_Vacherot,83.75,16.059716666666667,19.18,1349.0934403604535,1.5793313069908814,325,119,351,229,580,9.758326904631788,190,143,201,254,1.36,8.51,19.88,21.0,26.48,22.77,NAVONE
Miami_2026_R64_Tsitsipas_de-Minaur,85.36666666666666,15.27415,17.89,1288.7624122842956,1.7070826306913995,287,126,187,316,503,10.073820282885848,236,132,201,189,5.2,11.66,22.13,24.66,27.69,8.66,TSITSIPAS
Miami_2026_R64_Fils_Blanch,65.56666666666666,12.031333333333333,18.35,953.5613291176522,1.63710407239819,215,111,154,207,361,13.14273762332708,175,97,151,125,4.4,15.1,23.6,22.65,25.5,8.74,FILS
Miami_2026_R64_Bergs_Etcheverry,157.26666666666668,28.96285,18.42,2059.2137168986424,1.6407051282051281,487,182,451,397,848,11.151360677420271,449,212,294,368,7.56,18.08,23.02,24.33,15.34,11.67,BERGS
Miami_2026_R64_Bergs_Etcheverry,157.26666666666668,28.96285,18.42,2064.903083313557,1.6522435897435896,449,182,397,451,848,10.212265108821654,298,195,310,318,4.23,14.14,10.27,13.08,17.2,41.09,ETCHEVERRY
Miami_2026_R64_Dzumhur_Sinner,70.7,14.794183333333333,20.93,1242.7091618553025,1.7858490566037737,262,101,191,302,493,10.508817556026262,248,100,177,189,12.55,15.12,22.5,28.34,13.27,8.23,SINNER
Miami_2026_R64_Walton_Mensik,112.51666666666667,18.767666666666667,16.68,1617.52719877612,1.5914507772020725,392,166,295,386,681,8.741954360718221,326,180,227,295,5.95,15.82,18.53,21.64,26.1,11.96,MENSIK
Miami_2026_R64_Nakashima_Cilic,144.16666666666666,26.728233333333332,18.54,1507.4993959151768,1.4258578431372548,398,189,353,279,632,7.895918396039716,271,212,262,226,1.24,16.22,22.37,24.06,27.86,8.25,NAKASHIMA
Miami_2026_R32_Fils_Tsitsipas,54.833333333333336,9.17765,16.74,656.1053971003762,1.5489736070381233,182,77,157,115,272,6.914843608648331,123,91,101,84,2.47,17.95,32.54,22.37,18.8,5.87,TSITSIPAS
Miami_2026_R32_Fils_Tsitsipas,54.833333333333336,9.17765,16.74,704.4800132148646,1.6809384164222876,159,77,115,157,272,7.174782013521717,128,85,111,107,1.66,11.85,23.84,26.79,24.53,11.33,FILS
Miami_2026_R32_Jodar_Etcheverry,109.28333333333333,16.848483333333334,15.42,1365.9041661668587,1.6303514376996806,300,133,279,282,561,12.037008214118108,232,133,194,213,4.39,15.57,10.34,10.74,15.41,43.55,ETCHEVERRY
Miami_2026_R32_Paul_Collignon,140.1,28.201349999999998,20.13,2394.5998109147763,1.7196394686907022,530,180,577,326,903,12.73758527298556,448,229,346,363,9.13,14.35,17.93,23.09,17.19,18.32,COLLIGNON
Miami_2026_R32_Moutet_Sinner,71.3,14.835566666666667,20.81,1290.9581449827738,1.9190274841437633,235,103,191,254,445,15.442949695547831,257,102,172,162,22.96,17.73,26.6,17.42,11.53,3.75,SINNER
Miami_2026_R32_Tiafoe_Mensik,171.85,26.73886666666667,15.56,2528.137138571413,1.725552608311229,565,231,405,531,936,12.89162123526472,500,252,334,412,8.5,15.49,19.4,22.7,23.67,10.25,MENSIK
Miami_2026_R32_Zheng_Keys,136.93333333333334,18.695566666666664,13.65,1317.324659510339,1.5851156069364163,357,181,292,214,506,10.01460249955207,336,105,181,185,8.24,12.79,30.55,15.8,27.05,5.57,ZHENG
Miami_2026_R16_Etcheverry_Paul,73.76666666666667,12.544783333333333,17.01,1206.5033441977866,1.7681017612524461,258,94,241,174,415,9.882517953703015,195,97,167,194,6.58,15.85,14.23,16.79,17.75,28.8,ETCHEVERRY
Miami_2026_R16_Michelsen_Sinner,100.05,18.795233333333332,18.79,1507.3027587570632,1.7357910906298004,330,132,265,324,589,12.1461674873051,318,127,195,238,8.38,13.18,14.73,14.91,16.09,32.71,SINNER
Miami_2026_R16_Vacherot_Fils,132.85,19.99925,15.05,1662.4024186316358,1.5577197149643704,425,193,338,396,734,10.594047197026413,312,195,268,236,3.5,13.62,18.73,16.49,28.33,19.32,FILS
Doha_2026_QF_Mboko_Rybakina,143.63333333333333,25.418966666666666,17.7,1803.9799849914994,1.5502169197396962,456,214,386,409,795,12.746088360818147,172,270,275,364,4.33,11.9,23.79,30.44,20.45,9.09,MBOKO
Dubai_2026_R16_Rybakina_Ruzic,90.75,15.964266666666667,17.59,926.035073417801,1.454054054054054,274,133,244,117,361,10.632109829559,190,105,143,161,7.45,16.67,42.48,23.32,8.79,1.29,RYBAKINA
Dubai_2026_R32_Rybakina_Birrell,60.733333333333334,11.463016666666666,18.87,637.6796503574594,1.4190348525469167,191,89,173,139,312,6.758621317555152,131,76,100,106,6.03,11.45,36.55,29.83,13.16,2.97,RYBAKINA
Indian_Wells_2026_R16_Kartal_Rybakina,77.23333333333333,13.903699999999999,18.0,815.6411557777044,1.4794871794871796,219,107,186,116,302,11.336671145347202,176,70,117,132,10.78,15.22,38.33,26.12,7.85,1.69,RYBAKINA
Indian_Wells_2026_F_Sabalenka_Rybakina,151.13333333333333,23.603616666666667,15.62,1538.9286157891013,1.5903629536921151,399,204,314,308,622,8.814690155168769,330,158,252,230,7.22,13.63,29.42,27.5,18.32,3.92,RYBAKINA
Indian_Wells_2026_QF_Pegula_Rybakina,87.7,16.35695,18.65,1072.297111740641,1.4828473413379073,299,134,248,183,431,10.158822996023217,194,109,170,210,7.85,15.56,35.56,27.68,11.75,1.6,RYBAKINA
Indian_Wells_2026_R64_Baptiste_Rybakina,135.95,22.640183333333333,16.65,1543.1478650152615,1.5444025157232704,404,193,343,304,647,9.770314367715688,326,136,224,243,10.06,13.64,27.89,27.19,18.19,3.03,RYBAKINA
Indian_Wells_2026_R32_Kostyuk_Rybakina,86.85,14.237216666666665,16.39,950.3495751848973,1.5087619047619047,258,126,214,185,399,6.731899997549703,180,109,151,186,8.57,12.82,34.84,31.12,11.42,1.23,RYBAKINA
Indian_Wells_2026_SF_Rybakina_Svitolina,106.01666666666667,16.5733,15.63,1217.6732859732936,1.462536443148688,346,160,284,223,507,8.13802549562724,259,123,201,199,6.56,12.57,39.36,30.62,9.17,1.72,RYBAKINA
Doha_2026_R16_Zheng_Rybakina,147.16666666666666,22.56285,15.33,1466.0212408048046,1.5004926108374386,395,200,344,355,699,10.422416400177951,285,178,227,253,7.04,12.71,35.49,28.66,13.59,2.51,RYBAKINA
Doha_2026_R32_Wang_Rybakina,80.45,13.1877,16.39,938.9657441058396,1.4742911153119092,252,127,184,196,380,10.62608415361815,153,90,155,189,6.63,10.4,39.08,34.81,8.87,0.22,RYBAKINA
Doha_2026_QF_Mboko_Rybakina,143.63333333333333,25.418966666666666,17.7,1804.653908751179,1.5599783080260303,466,214,409,386,795,9.233985212385416,335,179,280,315,10.0,12.44,37.69,27.7,10.67,1.49,RYBAKINA
Miami_2026_R64_Rybakina_Putintseva,76.85,15.562999999999999,20.25,1224.4849534699576,1.536318407960199,317,117,223,247,470,11.54133214160647,199,97,180,189,11.0,10.81,30.35,37.84,7.77,2.24,RYBAKINA
Miami_2026_R16_Rybakina_Gibson,64.5,10.680866666666667,16.56,656.4691473913208,1.4622994652406416,182,94,113,145,258,7.230168035878204,118,76,101,120,5.74,10.86,31.25,30.87,19.13,2.14,RYBAKINA
Miami_2026_R32_Rybakina_Kostyuk,81.31666666666666,12.128816666666667,14.92,835.1236695382092,1.4229338842975208,240,117,194,171,365,12.648017767076258,158,101,136,164,4.28,13.59,43.28,24.39,11.8,2.66,RYBAKINA
Doha_2026_R16_Zheng_Rybakina,147.16666666666666,22.56285,15.33,1654.2118511355086,1.7183497536945813,417,200,355,344,699,8.947313177708628,381,153,250,213,6.24,13.51,30.7,17.76,27.5,4.29,ZHENG
Miami_2026_QF_Paul_Fils,167.03333333333333,32.93221666666667,19.72,2611.0095036370903,1.6966379310344826,584,229,499,438,937,15.493357635089469,455,219,382,381,6.75,13.85,16.36,13.38,18.54,31.12,FILS
Miami_2026_QF_Tiafoe_Sinner,70.55,12.641916666666667,17.92,1025.7907656749924,1.7091903719912473,230,96,144,232,376,14.008720430536462,213,98,134,168,8.58,14.08,19.74,30.11,14.97,12.52,SINNER
Miami_2026_SF_Lehecka_Fils,74.7,13.145766666666667,17.6,972.864532579132,1.6145833333333333,253,107,248,162,410,10.374167928026242,166,113,160,159,4.45,14.25,20.15,17.75,18.59,24.81,FILS
Miami_2026_SF_Zverev_Sinner,112.71666666666667,18.87655,16.75,1480.9094289378165,1.789628482972136,328,139,302,293,595,8.771788818221326,298,147,204,236,7.36,16.94,18.12,16.47,16.87,24.24,SINNER
Miami_2026_F_Lehecka_Sinner,181.33333333333334,16.320583333333335,9.0,1298.2011749059668,1.7168333333333332,310,132,287,222,509,14.426901509986235,226,132,183,181,11.92,17.59,20.18,20.48,20.96,8.87,LEHECKA
Miami_2026_F_Lehecka_Sinner,181.33333333333334,16.320583333333335,9.0,1304.4776761837768,1.7076666666666664,290,132,222,287,509,11.691681655966176,311,106,189,194,5.46,13.69,13.71,16.52,18.71,31.91,SINNER
Bucharest_2026_R32_Altmaier_Martinez,96.31666666666666,24.314566666666668,25.24,2013.9623904073499,1.6812725090036014,418,106,350,373,723,10.818506554232306,294,205,303,323,5.74,11.19,15.29,18.36,19.42,30.0,ALTMAIER
Bucharest_2026_R32_Baez_Gaubas,65.08333333333333,16.8304,25.86,1137.3274702160775,1.593909626719057,267,91,260,165,425,10.085021362512776,145,115,189,157,4.24,16.34,18.47,19.83,15.32,25.8,BAEZ
Bucharest_2026_R32_O'Connell_Navone,120.58333333333333,28.78711666666667,23.87,2326.778828107128,1.731629392971246,464,148,500,337,837,11.766843551504849,321,217,345,372,6.2,11.98,17.05,12.97,15.07,36.72,NAVONE
Bucharest_2026_R32_O'Connell_Navone,120.58333333333333,28.78711666666667,23.87,2155.8955505936683,1.6030883919062833,475,148,337,500,837,10.969678592199484,301,209,377,308,5.44,10.55,15.33,19.82,28.42,20.45,O'CONNELL
Houston_2026_R32_Basavareddy_Draxl,145.63333333333333,20.035229949999998,13.76,2002.9379312162419,1.5681722689075632,501,172,514,295,809,11.49739897225112,441,197,284,286,12.3,19.3,22.96,21.01,17.9,6.53,BASAVAREDDY
Houston_2026_R32_Damm_Nakashima,90.8,8.498492733333332,9.36,872.1732617376932,1.5376595744680852,232,125,182,214,396,8.153905638418907,198,84,124,127,5.09,13.42,25.67,20.89,22.3,12.62,NAKASHIMA
Houston_2026_R32_Pinnington-jones_Zhang,62.85,9.481144416666666,15.09,919.1985021913974,1.53868778280543,221,86,206,157,363,11.047329989984291,124,91,139,126,3.09,10.92,17.13,12.48,23.64,32.74,ZHANG
Marrakech_2026_R32_Bellucci_Bennani,148.16666666666666,29.560133333333333,19.95,2345.383596826955,1.522243166823751,548,195,460,484,944,11.29874240579427,403,195,342,381,3.45,14.52,19.5,18.04,20.09,24.39,BELLUCCI
Houston_2026_R32_Etcheverry_Gomez,116.43333333333334,14.484940416666666,12.44,1586.3760916360193,1.8109467455621302,345,128,241,321,562,13.277025194235687,231,138,239,231,6.62,6.35,19.99,13.96,14.46,38.62,GOMEZ
Houston_2026_R32_Etcheverry_Gomez,116.43333333333334,14.484940416666666,12.44,1572.4046130965376,1.796449704142012,331,128,321,241,562,9.920337620899216,241,134,255,223,3.92,14.3,14.27,13.93,12.93,40.66,ETCHEVERRY
Bucharest_2026_R16_Moller_Navone,78.21666666666667,19.35875,24.75,1663.1649381783784,1.6752503576537912,337,94,233,361,594,12.447201858688045,205,147,275,270,3.14,6.16,12.92,13.74,22.18,41.85,NAVONE
Houston_2026_R16_Etcheverry_Bolt,132.28333333333333,18.310861566666667,13.84,2003.9339893241856,1.7311342592592593,416,159,392,373,765,10.938882001466332,284,176,321,295,4.5,13.8,13.72,14.89,17.15,35.94,ETCHEVERRY
Houston_2026_R16_Shelton_Zhang,113.05,12.284140733333334,10.87,1128.9794091064634,1.3686804451510333,312,167,287,231,518,9.910711881636807,228,97,163,157,5.15,14.32,18.91,10.24,18.66,32.72,ZHANG
Marrakech_2026_R16_Darderi_Bellucci,78.0,13.96025,17.9,1127.3352852383425,1.59875,243,104,226,206,432,12.230268667424935,190,94,179,146,6.79,13.01,15.27,14.77,11.79,38.38,BELLUCCI
Indian-Wells_2026_1st_Vekic_Valentova,158.51666666666668,28.424466666666667,17.93,1868.7749694433653,1.412475633528265,511,203,363,316,679,10.324238598808426,260,272,311,303,4.77,7.03,26.63,32.63,23.83,5.12,VALENTOVA
Doha_2026_Q_Valentova_Seidel,126.08333333333333,23.520300000000002,18.65,1530.4887365598345,1.3985997666277712,431,174,310,307,617,8.859971563146921,228,202,265,258,6.49,7.87,31.16,30.95,18.09,5.45,VALENTOVA
Doha_2026_R32_Valentova_Muchova,82.05,14.157783333333333,17.26,987.370422986125,1.5321011673151752,274,103,238,157,395,8.423447552172393,126,116,160,175,10.02,7.58,29.11,25.81,22.27,5.21,VALENTOVA
AO_2026_R64_Fruhvirtova_Valentova,161.58333333333334,26.48886666666667,16.39,2323.8126113566623,1.3446287519747235,633,210,394,598,992,11.01041944396858,255,267,417,427,4.82,8.45,28.07,34.27,21.72,2.66,VALENTOVA
Miami_2026_1st_Valentova_Volynets,82.4,19.803099999999997,24.03,1387.9711113357605,1.6239370078740158,330,111,269,240,509,7.677470621782646,203,136,214,212,10.75,7.05,26.66,33.17,17.08,5.29,VALENTOVA
Miami_2026_R64_Starodubtseva_Bucsa,65.11666666666666,9.628933333333332,14.79,716.1216620931297,1.6373177842565598,169,80,134,98,232,15.287636727014991,96,90,120,102,4.08,12.32,28.5,25.07,24.2,5.83,STARODUBTSEVA
Miami_2026_R32_Anisimova_Starodubtseva,82.83333333333333,12.310333333333334,14.86,802.442590789418,1.6338942307692308,201,110,156,148,304,6.837471607988835,161,104,138,110,6.69,17.56,32.83,22.33,15.07,5.53,STARODUBTSEVA
Miami_2026_1st_Lys_Starodubtseva,77.23333333333333,12.224583333333333,15.83,1021.3896391342436,1.6767999999999998,233,110,123,258,381,9.176734523503743,165,90,161,172,5.2,10.22,24.81,27.52,27.12,5.14,STARODUBTSEVA
Miami_2026_Q_Inglis_Starodubtseva,130.65,19.50455,14.93,1510.8037738634564,1.601,349,136,314,196,510,11.248415419340574,170,184,235,236,4.85,9.01,20.96,24.84,26.94,13.39,STARODUBTSEVA
Houston_2026_R16_Burruchaga_Nakashima,127.5,17.939912083333336,14.07,1784.9913434164707,1.635,446,153,389,348,737,10.479687831973813,292,183,283,294,5.27,9.57,19.86,24.8,27.57,12.93,NAKASHIMA
Houston_2026_R16_Tien_Basavareddy,120.55,17.330430216666667,14.38,1821.641421872928,1.6816666666666666,425,162,392,352,744,8.882285004870692,360,185,262,264,7.88,16.01,20.78,16.25,19.43,19.65,BASAVAREDDY
Delray_Beach_2025_R32_Eubanks_Opelka,86.55,9.591262583333334,11.08,1140.7020245240903,1.7777996070726916,263,126,235,230,465,9.420140862874762,244,122,141,154,10.11,20.69,19.49,17.19,19.31,13.2,OPELKA
Delray_Beach_2025_R16_Opelka_Nakashima,111.8,11.18830375,10.01,1164.0147840423717,1.4968253968253968,350,171,385,130,515,8.141984915484494,322,135,182,143,9.39,26.39,24.94,17.91,14.69,6.69,OPELKA
Brisbane_2025_R16_Opelka_Arnaldi,119.98333333333333,9.780542016666667,8.15,1170.7532227971801,1.7210338680926915,290,161,241,222,463,10.175398362609606,313,126,169,126,15.24,22.92,19.36,15.3,16.18,11.0,OPELKA
Brisbane_2025_R32_Gomez_Opelka,134.1,6.423817666666666,4.79,763.7232238910722,1.6702702702702703,181,110,131,200,331,10.361005853203904,193,75,107,94,8.69,19.72,19.19,18.92,18.57,14.9,OPELKA
Brisbane_2025_SF_Opelka_Mpetshi-Perricard,86.1,8.747503666666667,10.16,1026.2371088257812,1.698523206751055,237,133,220,220,440,11.02638499163404,279,69,128,127,14.89,18.91,14.96,12.2,17.27,21.77,OPELKA
Brisbane_2025_QF_Djokovic_Opelka,656.1,10.679075666666668,1.63,1238.5306015789279,1.762129144851658,289,137,211,296,507,8.29268395954046,252,120,183,169,8.99,13.79,12.27,15.75,26.91,22.29,OPELKA
Rome_2025_1st_Tien_Opelka,108.08333333333333,23.06495,21.34,1710.0574843565098,1.5701017811704834,396,153,363,309,672,9.824502456543,345,133,289,237,7.9,17.24,14.43,15.98,22.15,22.3,OPELKA
Washington_2025_R64_Opelka_Cassone,140.66666666666666,22.15198333333333,15.75,1498.8479948406023,1.5186842105263159,391,208,334,238,572,7.334382837929078,372,166,231,180,7.08,23.37,21.77,18.26,20.49,9.03,OPELKA
Washington_2025_R32_Medvedev_Opelka,119.9,16.126250000000002,13.45,1178.6926319169559,1.4951666666666668,321,175,322,200,522,6.50602720926069,335,106,164,132,11.57,23.27,22.61,20.67,17.48,4.4,OPELKA
Athens_2025_R32_Opelka_Kopriva,77.36666666666666,11.045903866666666,14.28,1234.4427821737513,1.7849264705882353,287,110,190,292,482,9.710873000775734,263,94,153,188,11.54,14.76,17.23,20.54,26.2,9.72,OPELKA
Queens_2025_R16_Opelka_Rinderknech,96.83333333333333,16.2461,16.78,985.4610942958576,1.6901437371663244,257,149,213,201,414,9.48099574340964,254,73,133,111,10.9,25.79,19.83,16.31,16.51,10.65,OPELKA
Queens_2025_R32_Opelka_Ugo-Carabelli,89.0,15.973450000000001,17.95,1022.5001190278894,1.62375,241,138,158,255,413,8.368412343237425,280,56,123,143,13.79,17.93,16.19,21.99,18.33,11.77,OPELKA
Indian_Wells_2026_R64_Shelton_Opelka,132.73333333333332,17.45515,13.15,1333.3865755531444,1.4828402366863904,352,201,291,303,594,11.375131491896235,337,131,184,171,8.72,21.17,18.7,11.52,13.62,26.27,OPELKA
Indian_Wells_2026_1st_Opelka_Quinn,100.55,14.367750000000001,14.29,1046.1987054546642,1.5446153846153847,254,151,166,302,468,9.71917485306716,259,102,154,130,7.14,21.43,22.19,20.6,17.77,10.86,OPELKA
Hertogenbosch_2025_Q_Opelka_Lajal,75.18333333333334,7.9623136,10.59,863.19066703139,1.5913439635535307,223,116,197,184,381,10.018663338673404,205,96,129,119,8.32,21.57,23.08,21.5,17.71,7.82,OPELKA
Hertogenbosch_2025_R16_Opelka_Jarry,79.38333333333334,7.331652833333334,9.24,819.4807061499525,1.6338129496402876,209,119,194,175,369,8.774427739526322,210,102,97,118,7.26,23.11,25.74,19.46,17.25,7.18,OPELKA
Hertogenbosch_2025_Q_Opelka_Yevseyev,87.26666666666667,14.203092616666668,16.28,1460.5669873730892,1.6075284090909092,368,142,306,340,646,9.995731151893454,361,123,188,242,13.96,18.16,26.57,26.24,11.81,3.26,OPELKA
Hertogenbosch_2025_R32_Opelka_De-jong,205.86666666666667,17.018095816666666,8.27,1887.020436665298,1.6866298342541437,453,227,391,455,846,9.68730893865796,515,160,275,247,12.11,18.71,24.47,21.71,14.8,8.2,OPELKA
Hertogenbosch_2025_SF_Opelka_Bergs,67.9,8.200627216666668,12.08,912.0581328115834,1.679862700228833,218,99,206,184,390,9.613329814924088,198,101,132,125,9.37,17.47,18.78,18.38,20.87,15.13,OPELKA
Hertogenbosch_2025_QF_Medvedev_Opelka,96.28333333333333,9.968730316666667,10.35,1129.0398634708476,1.6897058823529412,278,155,228,260,488,9.366370697773752,298,100,136,167,11.92,16.84,21.41,18.82,19.4,11.61,OPELKA
Adelaide_2026_R16_Opelka_Paul,71.31666666666666,7.286901233333333,10.22,807.6191659956972,1.6508474576271186,217,109,166,178,344,8.612368219969012,200,80,121,111,9.68,19.84,23.07,17.3,22.86,7.27,OPELKA
Adelaide_2026_R32_Opelka_Popyrin,83.61666666666666,7.141211666666666,8.54,681.6124351787745,1.7604938271604937,152,100,120,167,287,10.263649830798702,166,59,86,109,12.87,14.68,18.95,17.96,19.03,16.5,OPELKA
Miami_2025_R64_Rune_Opelka,123.15,21.596083333333336,17.54,1548.470867190411,1.647018030513176,368,186,306,293,599,10.41766231175216,358,137,218,224,11.87,19.51,15.67,19.91,17.78,15.26,OPELKA
Miami_2025_1st_Eubanks_Opelka,85.2,14.647533333333334,17.19,1110.9133870352628,1.7223790322580643,256,131,197,260,457,10.1290831766832,246,109,147,174,10.0,17.14,12.97,10.62,13.65,35.61,OPELKA
Miami_2025_R32_Opelka_Machac,74.73333333333333,15.3226,20.5,870.4090727422545,1.5642512077294686,220,117,143,213,356,10.70914929539552,212,73,105,123,9.59,17.55,14.16,13.59,20.03,25.08,OPELKA
Geneva_2025_Q_Opelka_Ofner,96.18333333333334,14.99195,15.59,1234.6918160234777,1.5088039867109633,306,157,277,222,499,9.242038484729932,268,139,188,157,4.58,23.69,20.49,16.27,14.54,20.43,OPELKA
Geneva_2025_Q_Opelka_Dalla-Valle,88.5,14.582733333333334,16.48,1021.3069747179038,1.4778217821782178,270,125,223,209,432,6.854745024771764,220,126,156,118,7.43,23.21,17.69,18.06,13.9,19.72,OPELKA
Dallas_2025_R32_Opelka_Shevchenko,76.25,6.82489525,8.95,816.7236280795568,1.7680306905370844,209,123,171,167,338,10.08828971289944,218,70,101,108,9.68,24.78,20.86,14.55,16.78,13.35,OPELKA
Dallas_2025_R16_Opelka_Norrie,149.8,15.715353783333335,10.49,1866.4789733256857,1.7439446366782008,446,202,366,410,776,8.935408941852474,382,167,269,241,8.07,19.88,20.45,20.08,20.53,10.99,OPELKA
Rogers_cup_2025_1st_Ofner_Opelka,114.93333333333334,18.338783333333332,15.96,1133.1805079346805,1.4532312925170068,308,169,274,237,511,10.23169531244594,308,130,144,153,4.04,20.18,19.51,22.69,20.79,12.79,OPELKA
Rogers_cup_2025_R64_Opelka_Machac,140.23333333333332,25.224183333333333,17.99,1610.2715039141324,1.54,409,213,351,342,693,9.021464324479066,421,148,216,198,9.0,19.87,16.46,16.22,23.15,15.3,OPELKA
Rogers_cup_2025_R32_Tien_Opelka,85.28333333333333,16.183416666666666,18.98,1221.5140737503343,1.602482269503546,287,139,156,337,493,11.1851542306587,281,83,189,164,6.99,15.38,9.78,12.49,27.76,27.59,OPELKA
Basel_2025_Q_Opelka_van-de-Zandschulp,83.48333333333333,14.3844,17.23,719.6240814231214,1.4381201044386422,193,117,154,200,354,10.228671573557792,220,62,93,105,11.74,20.41,18.48,26.54,20.53,2.29,OPELKA
Basel_2025_R16_Opelka_van-de-Zandschulp,159.66666666666666,29.560966666666666,18.51,1773.7027491282934,1.6310012062726176,416,224,381,405,786,9.598560369743478,463,184,210,252,14.92,19.41,17.59,21.57,20.71,5.8,OPELKA
Basel_2025_Q_Opelka_Brunold,179.8,29.018033333333335,16.14,2496.566517455044,1.7369747899159664,547,254,296,665,961,11.712432518298176,538,203,360,317,13.99,15.04,15.31,24.87,23.57,7.22,OPELKA
Basel_2025_R32_Baez_Opelka,72.1,11.199716666666665,15.53,852.6621338329643,1.5734449760765552,208,117,126,242,368,7.683802053626351,210,74,138,123,11.48,13.04,14.7,27.19,28.14,5.45,OPELKA
Basel_2025_QF_Humbert_Opelka,81.98333333333333,10.069716666666666,12.28,833.5247671102601,1.6307317073170733,215,119,173,196,369,7.544436727575063,220,84,115,107,11.87,20.31,24.51,23.92,14.43,4.97,OPELKA
Brisbane_2026_R16_Majchrzak_Opelka,149.6,15.650722333333333,10.46,1597.224482442595,1.6191358024691358,418,225,337,313,650,9.345919055895568,370,171,246,221,7.63,18.79,22.71,24.26,19.6,7.0,OPELKA
Brisbane_2026_R32_Opelka_Sweeny,82.4,7.777175349999999,9.44,766.5121622987294,1.5088305489260145,205,115,134,239,373,10.069391179008369,192,85,99,129,5.76,15.14,20.77,25.83,26.12,6.38,OPELKA
Barcelona_2025_R32_Tsitsipas_Opelka,69.8,9.094088116666667,13.03,978.3882183148748,1.7839449541284402,222,99,187,165,352,11.934613093223572,187,102,157,127,7.5,13.15,15.39,14.3,19.56,30.09,OPELKA
Madrid_2025_1st_Opelka_Hijikata,124.88333333333334,22.285383333333336,17.84,1626.7717530318387,1.6751753155680225,354,168,309,341,650,11.551551752767471,358,130,232,206,13.25,19.14,16.44,18.47,18.78,13.92,OPELKA
Madrid_2025_R64_Khachanov_Opelka,106.05,18.7408,17.67,1330.6994223967013,1.6862778730703258,314,155,306,155,461,12.421498629235035,312,133,190,149,11.23,20.68,18.97,14.28,15.14,19.69,OPELKA
Cincinnati_2025_R32_Opelka_Comesana,225.1,19.434366666666666,8.63,1334.3547263147148,1.406060606060606,382,211,332,329,661,9.97176711657148,371,101,195,192,12.74,20.72,17.76,18.18,15.79,14.81,OPELKA
Cincinnati_2025_R64_de-Minaur_Opelka,99.38333333333334,13.958266666666667,14.04,993.055135642313,1.4208812260536399,283,145,244,217,461,11.02718063095302,303,67,145,139,8.52,20.69,14.74,5.54,9.43,41.08,OPELKA
Cincinnati_2025_1st_Dellien_Opelka,100.03333333333333,12.9091,12.9,995.1044652119908,1.5545454545454545,258,146,220,220,440,10.445694419558109,277,67,138,135,8.9,21.15,16.61,10.66,9.83,32.85,OPELKA
Indian-Wells_2025_1st_Safiullin_Opelka,85.88333333333334,12.740983333333334,14.84,1021.2749774700469,1.6274891774891775,236,126,186,232,418,12.446620558709949,232,94,148,126,12.34,18.93,16.78,22.97,16.39,12.58,OPELKA
Eastbourne_2025_R16_Mensik_Opelka,86.08333333333333,14.474,16.81,1007.4411298891607,1.6581780538302278,252,135,244,163,407,10.072677486869615,280,76,136,123,12.94,24.18,21.5,15.91,13.59,11.88,OPELKA
Eastbourne_2025_R32_Loffhagen_Opelka,183.6,20.272333333333332,11.04,1500.9918523208546,1.6890560875512997,369,218,264,334,598,10.455956006526645,472,64,180,217,21.58,22.35,16.48,16.13,12.88,10.57,OPELKA
Shanghai_2025_1st_Opelka_Bonzi,95.06666666666666,15.0029,15.78,1112.421943568456,1.6020952380952382,273,136,237,225,462,8.098801817165153,263,90,147,174,12.92,19.58,20.3,19.08,17.2,10.92,OPELKA
Miami_2026_1st_Opelka_Borges,120.9,20.670383333333334,17.1,1436.7049358509337,1.5524853801169591,350,180,246,358,604,10.858343131517511,341,137,188,209,9.96,17.01,16.82,12.88,19.44,23.89,OPELKA
Miami_2026_R64_Draper_Opelka,92.66666666666667,14.756300000000001,15.92,1093.6232962828797,1.5247637051039697,278,141,177,287,464,8.55798923644031,276,110,156,141,9.71,16.19,16.26,14.49,24.04,19.31,OPELKA
Miami_2026_R32_Opelka_Fritz,63.166666666666664,9.009166666666665,14.26,645.4548974653777,1.4653846153846155,180,105,168,111,279,6.492320799683292,185,52,97,80,8.59,25.19,19.8,9.74,11.38,25.3,OPELKA
Brussels_2025_R32_Opelka_Bonzi,69.28333333333333,13.611733333333332,19.65,791.0198483499244,1.5326478149100258,202,105,185,165,350,6.415958684483646,204,73,106,118,16.05,17.27,17.47,15.02,15.51,18.68,OPELKA
Paris_2025_R64_Moutet_Opelka,128.03333333333333,18.860883333333334,14.73,1413.6266269348341,1.7168053244592345,310,168,269,293,562,18.878066170682818,394,71,211,136,25.52,18.89,22.8,19.76,11.96,1.07,OPELKA
Paris_2025_Q_Opelka_Bellucci,67.56666666666666,10.800133333333333,15.98,678.7144643542548,1.4922155688622754,177,100,183,130,313,7.628064949421996,203,60,96,74,15.79,23.84,26.34,22.13,9.49,2.41,OPELKA
Bucharest_2026_R16_Sakellaridis_Marozsan,1182.2666666666667,21.634,1.83,1824.9930813745423,1.59053738317757,434,149,360,369,729,8.792237487616585,367,140,277,294,6.67,16.65,19.65,20.12,15.81,21.1,MAROZSAN
Bucharest_2026_QF_Altmaier_Marozsan,118.93333333333334,20.97648333333333,17.64,1719.3391735747714,1.5733681462140994,392,131,418,240,658,11.5916911319097,250,162,258,259,8.12,16.08,18.39,18.83,23.55,15.04,MAROZSAN
Bucharest_2026_SF_Marozsan_Merida,128.65,30.247833333333332,23.51,2212.915557766396,1.543666026871401,513,203,365,563,928,11.19952670690672,387,194,352,376,6.27,13.53,15.95,16.9,18.07,29.28,MAROZSAN
Bucharest_2026_R16_Altmaier_Prizmic,197.36666666666667,46.056016666666665,23.34,3732.7983269127913,1.6863789615643965,741,224,630,658,1288,12.842052743545729,582,273,595,533,7.12,11.63,12.79,12.22,13.69,42.55,ALTMAIER
Bucharest_2026_QF_Altmaier_Marozsan,118.93333333333334,20.97648333333333,17.64,1745.5087798416325,1.5868146214099217,374,131,240,418,658,12.79217522896386,305,135,290,282,4.15,10.68,11.49,12.95,17.18,43.56,ALTMAIER
Bucharest_2026_SF_Navone_van-de-Zandschulp,211.21666666666667,51.63688333333334,24.45,4482.723169596957,1.6784375,954,250,1016,682,1698,11.40672303717744,548,483,683,729,2.2,8.37,15.71,15.25,19.08,39.39,NAVONE
Bucharest_2026_QF_Molcan_Navone,138.4,43.094833333333334,31.14,3613.580107649029,1.5967453733248245,776,161,710,644,1354,12.01520960910675,461,303,606,614,6.27,7.6,14.36,24.3,27.41,20.07,NAVONE
Miami_2026_1st_Marozsan_Fonseca,109.93333333333334,18.532466666666668,16.86,1504.0387734573508,1.640807799442897,358,168,313,321,634,10.560342524896356,337,142,210,249,10.53,21.54,18.39,19.42,20.55,9.56,MAROZSAN
Monte_Carlo_2026_Q_Maestrelli_Blockx,107.18333333333334,24.275199999999998,22.65,1814.564123444644,1.6388749999999999,394,143,302,356,658,10.317054687980804,249,150,298,256,4.39,10.67,12.29,13.04,19.43,40.19,BLOCKX
Monte_Carlo_2026_R64_Bergs_Mannarino,81.08333333333333,13.544450000000001,16.7,1119.7881989332502,1.6023121387283237,272,114,250,189,439,8.519142542877285,227,108,181,181,4.73,16.76,21.51,22.94,23.36,10.7,BERGS
Monte_Carlo_2026_R64_Cerundolo_Tsitsipas,105.6,19.28265,18.26,1582.544898842003,1.6057103064066853,361,148,280,288,568,10.713291050348634,230,137,275,216,3.24,11.26,16.9,10.35,12.25,46.0,TSITSIPAS
Monte_Carlo_2026_R64_Altmaier_Machac,138.26666666666668,26.044566666666665,18.84,2410.5466123439282,1.6811871227364183,511,171,518,293,811,14.279334857556394,332,214,346,386,6.32,12.87,14.47,9.47,16.65,40.23,ALTMAIER
Monte_Carlo_2026_R64_Fonseca_Diallo,85.61666666666666,16.723533333333332,19.53,1302.085850725768,1.5914653784219002,306,114,223,303,526,13.499831800874611,169,129,209,203,3.68,9.12,18.81,12.67,14.9,40.83,FONSECA
Monte_Carlo_2026_R64_Shapovalov_Blockx,106.06666666666666,24.022966666666665,22.65,1805.3076578377334,1.6392326732673268,390,164,349,278,627,13.772363062857956,220,195,277,245,5.8,12.26,13.2,9.43,16.16,43.14,BLOCKX
Monte_Carlo_2026_R32_Humbert_Sinner,64.5,11.66825,18.09,947.0941087699597,1.6483720930232557,208,84,128,242,370,11.42938074451184,215,77,145,132,8.31,12.49,14.17,18.31,16.73,30.0,SINNER
Monte_Carlo_2026_R64_Dzumhur_Marozsan,65.36666666666666,16.68405,25.52,1291.9414837047648,1.640727902946274,284,96,244,248,492,11.955056947800353,216,91,193,202,10.31,13.39,16.28,24.53,24.54,10.95,MAROZSAN
Monte_Carlo_2026_R64_Etcheverry_Dimitrov,115.93333333333334,21.577299999999997,18.61,1833.224682081029,1.6955128205128205,380,142,341,312,653,12.237768985887408,273,135,307,260,4.19,15.13,11.44,13.64,14.75,40.85,ETCHEVERRY
Monte_Carlo_2026_R32_Fonseca_Rinderknech,152.65,26.646916666666666,17.46,1945.808609757824,1.5738255033557047,440,196,374,396,770,12.132126054824305,306,180,289,279,7.62,10.53,25.09,15.2,11.71,29.86,FONSECA
Monte_Carlo_2026_R32_Rublev_Bergs,76.88333333333334,13.9382,18.13,1143.818779288092,1.7132264529058117,261,109,269,184,453,13.695075583269082,226,128,162,190,6.22,20.56,20.04,18.03,17.53,17.62,BERGS
Monte_Carlo_2026_R16_Bergs_Zverev,110.78333333333333,17.822366666666667,16.09,1489.626185377649,1.693228346456693,332,129,321,263,584,11.450589316220958,290,132,204,265,9.32,18.64,18.74,15.69,18.95,18.66,BERGS
Monte_Carlo_2026_R16_Berrettini_Fonseca,73.23333333333333,13.737599999999999,18.76,1104.0867184277652,1.6987068965517242,224,95,158,206,364,13.53844557439103,174,92,161,155,10.18,10.73,23.95,15.87,12.14,27.14,FONSECA
Monte_Carlo_2026_R16_Machac_Sinner,120.65,18.166166666666665,15.06,1463.7990281502987,1.570948905109489,336,164,271,292,563,13.6689308771547,282,144,245,199,4.65,15.86,16.01,10.84,11.13,41.5,SINNER
Monte_Carlo_2026_R32_Etcheverry_Atmane,117.45,23.114649999999997,19.68,1872.3581503149755,1.7053749999999999,389,146,310,357,667,11.582040464246054,262,150,287,244,4.85,13.31,10.66,11.19,18.44,41.55,ETCHEVERRY
Monte_Carlo_2026_R16_Alcaraz_Etcheverry,143.2,27.368100000000002,19.11,2471.7807493938126,1.8318042813455657,484,181,493,366,859,12.597912061426351,326,233,360,342,6.47,14.74,12.69,13.79,15.93,36.37,ETCHEVERRY
Charleston_2026_R16_Zarazua_Starodubtseva,61.21666666666667,13.812983333333333,22.56,1168.8101820477564,1.6306553911205073,242,73,199,154,353,12.571719848726802,150,97,161,155,14.78,11.68,23.61,25.35,16.67,7.9,STARODUBTSEVA
Charleston_2026_F_Pegula_Starodubtseva,82.1,15.964283333333332,19.44,1125.296369725977,1.5234347048300536,280,104,189,199,388,9.89598783951214,168,98,185,179,6.69,8.38,22.96,28.02,22.95,10.99,STARODUBTSEVA
Charleston_2026_R32_Starodubtseva_Gorgodze,118.98333333333333,21.035683333333335,17.68,1538.3265109934957,1.4990897269180754,383,149,288,286,574,8.826167767699298,177,147,263,244,5.18,8.54,28.1,32.17,20.54,5.47,STARODUBTSEVA
Charleston_2026_QF_Kessler_Starodubtseva,96.38333333333334,18.36,19.05,1287.9210843599901,1.541111111111111,317,119,248,216,464,8.244775885154024,179,143,219,193,5.61,8.02,20.49,24.54,27.07,14.27,STARODUBTSEVA
Charleston_2026_R64_Zhang_Starodubtseva,51.75,9.128566666666666,17.64,619.9827505914966,1.5490322580645162,159,83,85,118,203,10.860518259016333,106,54,103,86,3.59,12.2,28.15,27.94,17.75,10.37,STARODUBTSEVA
Charleston_2026_SF_Keys_Starodubtseva,73.08333333333333,13.708333333333334,18.76,962.0108814765524,1.6105145413870245,217,95,117,173,290,9.46085247746029,149,62,136,136,8.07,8.97,17.26,16.18,17.7,31.81,STARODUBTSEVA
Monte_Carlo_2026_QF_Auger-Aliassime_Sinner,91.83333333333333,16.9293,18.43,1404.0748579711735,1.6792703150912107,306,113,292,243,535,13.397234250666076,269,142,211,173,8.77,17.71,18.11,14.56,15.26,25.59,SINNER
Monte_Carlo_2026_QF_Fonseca_Zverev,160.13333333333333,31.009183333333333,19.36,2546.0542734842847,1.6400699912510934,572,200,426,569,995,11.32069384833596,399,238,415,392,6.46,8.98,18.89,15.67,18.08,31.91,FONSECA
Monte_Carlo_2026_SF_Zverev_Sinner,81.71666666666667,15.968783333333333,19.54,1378.8835841809632,1.7612847222222223,280,93,201,326,527,14.172114467765889,274,90,204,198,8.33,10.72,10.87,15.11,18.27,36.7,SINNER
Houston_2026_R32_Mcdonald_Brooksby,78.96666666666667,11.107724366666668,14.07,1187.0731801059153,1.6711504424778763,288,121,258,222,480,10.534566092617204,232,150,139,214,5.73,18.51,23.52,16.91,22.95,12.38,BROOKSBY
Auckland_2026_R16_Brooksby_Baez,87.73333333333333,15.549750016666668,17.72,1598.0216644939558,1.7031331592689294,388,121,255,426,681,9.118315645844133,290,181,253,296,7.54,14.98,24.14,29.37,17.86,6.1,BROOKSBY
Auckland_2026_R32_Brooksby_Watt,86.21666666666667,10.355860083333333,12.01,1262.8111068406256,1.8510869565217392,275,134,278,234,512,9.843910101093176,274,156,176,191,8.82,17.77,20.79,15.19,16.4,21.02,BROOKSBY
Tokyo_2025_R32_Humbert_Brooksby,104.06666666666666,13.1394146,12.63,1583.930443166399,1.9230654761904762,337,137,322,312,634,14.855846637897836,274,223,208,271,3.92,15.47,21.14,20.43,18.95,20.09,BROOKSBY
Tokyo_2025_R16_Brooksby_Darderi,97.98333333333333,15.607581766666666,15.93,1787.484353697201,1.828891820580475,381,128,316,362,678,13.22839939186854,330,185,234,324,8.34,13.34,22.4,27.56,14.58,13.78,BROOKSBY
Tokyo_2025_QF_Brooksby_Rune,90.48333333333333,12.297350183333332,13.59,1435.053398255417,1.8291530944625405,302,120,331,207,538,10.40924111045066,265,170,195,233,8.58,19.74,23.67,19.41,14.68,13.91,BROOKSBY
Tokyo_2025_SF_Brooksby_Fritz,90.15,12.426414099999999,13.78,1369.1010229900523,1.7537067545304779,303,120,308,205,513,10.114578728999776,249,153,190,227,6.77,15.39,23.82,24.18,16.27,13.58,BROOKSBY
Dubai_2026_R32_Bergs_Brooksby,94.11666666666666,16.97405,18.04,1272.7794259068248,1.6013029315960914,306,120,281,272,553,14.538889977913804,242,162,167,209,6.5,19.0,16.48,20.52,24.12,13.39,BROOKSBY
Dubai_2026_R16_Brooksby_Khachanov,103.36666666666666,21.086850000000002,20.4,1624.294351156414,1.610054347826087,374,139,358,226,584,13.999021505427166,280,183,212,261,6.42,16.85,18.79,18.68,22.76,16.51,BROOKSBY
Dubai_2026_QF_Medvedev_Brooksby,56.516666666666666,11.613750000000001,20.55,865.9446028689606,1.4566433566433565,215,87,244,119,363,9.921697845078816,138,101,113,156,6.02,15.67,20.37,24.56,24.31,9.07,BROOKSBY
Queens_2025_R32_Brooksby_Draper,77.85,12.322733333333334,15.83,926.3790211213145,1.4504032258064516,254,107,264,128,392,9.43189016622994,147,131,141,140,6.92,15.78,25.8,25.89,16.48,9.13,BROOKSBY
Indian_Wells_2026_R64_Brooksby_Tiafoe,83.2,17.113333333333333,20.57,1267.8376351519191,1.5626213592233011,315,109,283,229,512,11.368114997090563,253,146,174,202,5.45,16.06,21.95,23.98,17.25,15.32,BROOKSBY
Indian_Wells_2026_1st_Brooksby_Popyrin,91.13333333333334,15.403183333333335,16.9,1370.3557714226451,1.7023809523809523,292,125,266,276,542,11.01967473324941,266,148,184,215,9.81,18.86,21.42,18.69,13.94,17.28,BROOKSBY
Doha_2026_R32_Lehecka_Brooksby,82.35,13.896933333333333,16.88,1144.9492799006423,1.5446397188049208,290,122,269,211,480,9.288072062541705,247,135,162,189,6.76,20.34,21.47,17.03,18.37,16.04,BROOKSBY
Miami_2025_1st_Safiullin_Brooksby,132.78333333333333,25.990916666666667,19.57,1957.210395625875,1.5851654215581643,461,180,340,475,815,11.11480510263237,302,231,277,312,5.02,14.59,18.85,23.75,28.53,9.26,BROOKSBY
Geneva_2025_Q_Norrie_Brooksby,74.68333333333334,16.845466666666667,22.56,1270.375647706217,1.5873737373737373,298,105,250,232,482,11.50883030403458,171,160,196,184,6.08,15.11,23.02,23.9,22.25,9.64,BROOKSBY
Geneva_2025_Q_Albot_Brooksby,121.55,22.494683333333334,18.51,2034.5977063955409,1.693069306930693,466,169,416,352,768,13.429333889297896,306,236,290,288,8.05,17.66,25.91,25.05,17.41,5.92,BROOKSBY
Rogers_cup_2025_1st_Moutet_Brooksby,73.28333333333333,14.228483333333333,19.42,1144.6475509437003,1.6106382978723406,268,90,273,201,474,12.292964565258554,215,126,164,207,13.02,21.86,27.97,24.2,9.22,3.72,BROOKSBY
Houston_2025_Q_Brooksby_Maloney,79.93333333333334,9.317010916666668,11.66,944.8766377629595,1.5263598326359833,238,104,203,193,396,11.376454704677815,161,109,133,169,6.13,14.82,20.89,24.44,25.17,8.55,BROOKSBY
Houston_2025_F_Brooksby_Tiafoe,87.38333333333334,15.037800333333333,17.21,1496.6647849345252,1.6006915629322267,357,113,293,303,596,14.93703002955828,226,156,212,258,6.11,13.27,25.9,33.26,17.03,4.43,BROOKSBY
Houston_2025_Q_Gomez_Brooksby,158.51666666666668,16.925091849999998,10.68,1773.4251867894689,1.6131165919282513,429,216,316,377,693,12.328640400623426,303,201,251,266,5.85,15.36,24.23,20.58,22.01,11.97,BROOKSBY
Houston_2025_R16_Tabilo_Brooksby,168.81666666666666,23.356842866666668,13.84,2244.528533326961,1.511941580756014,576,214,479,450,929,12.05167085384014,363,226,341,393,6.9,11.72,19.26,23.88,29.38,8.86,BROOKSBY
Houston_2025_R32_Daniel_Brooksby,88.18333333333334,12.523787633333335,14.2,1310.1365991112855,1.6691558441558443,303,119,214,283,497,9.60596208593456,225,138,187,205,6.55,14.9,22.28,22.26,23.74,10.27,BROOKSBY
Houston_2025_SF_Paul_Brooksby,438.05,25.263037999999998,5.77,2646.19542421149,1.6903891977760126,617,219,579,423,1002,11.095452177401032,374,323,400,443,5.41,13.27,23.08,27.31,24.01,6.92,BROOKSBY
Houston_2025_QF_Brooksby_Kovacevic,140.33333333333334,17.98145225,12.81,1879.4618950134602,1.6725950782997763,445,176,391,346,737,11.62385476913872,284,216,283,293,6.25,14.67,24.37,19.95,24.12,10.64,BROOKSBY
Basel_2025_R32_Brooksby_Muller,67.48333333333333,13.538166666666665,20.06,1062.1053567666474,1.7509719222462203,232,101,187,253,440,9.88313221711126,211,110,143,197,4.97,17.38,21.75,21.39,21.9,12.62,BROOKSBY
Basel_2025_R16_Brooksby_Davidovich-Fokina,167.25,37.4029,22.36,2765.3457738675816,1.771135781383433,576,217,459,602,1061,13.5507497253157,530,305,360,481,8.13,15.24,17.36,21.62,19.83,17.82,BROOKSBY
Cincinnati_2025_R64_Brooksby_Cazaux,112.95,21.550816666666666,19.08,1521.300386148145,1.5566481994459835,346,146,286,325,611,9.921916570947449,241,192,238,224,6.5,15.76,21.15,20.88,22.24,13.48,BROOKSBY
Cincinnati_2025_1st_Brooksby_Muller,159.36666666666667,27.3132,17.14,2183.0253347838516,1.5709073900841908,539,206,440,453,893,12.869870618775886,330,274,292,362,5.84,17.65,23.82,23.01,20.93,8.75,BROOKSBY
Cincinnati_2025_R32_Khachanov_Brooksby,83.65,14.701416666666667,17.57,1320.2339305938378,1.646511627906977,300,110,256,211,467,11.143601191011417,220,161,178,203,6.64,14.64,23.59,24.34,20.69,10.1,BROOKSBY
Eastbourne_2025_R16_Borges_Brooksby,81.23333333333333,17.648883333333334,21.73,1346.1028506078887,1.7238578680203045,301,115,266,218,484,12.26499121596596,235,133,185,216,10.39,17.06,21.97,24.3,18.71,7.56,BROOKSBY
Eastbourne_2025_F_Fritz_Brooksby,86.16666666666667,20.928533333333334,24.29,1406.1699856039245,1.604647676161919,324,117,267,278,545,13.285608526695148,244,130,206,248,6.85,12.35,16.92,23.09,25.7,15.09,BROOKSBY
Eastbourne_2025_QF_Brooksby_Evans,82.78333333333333,18.623983333333335,22.5,1366.8857554191175,1.5513470681458004,303,101,168,363,531,10.823356106477556,229,141,200,228,7.61,10.5,25.51,27.03,23.55,5.8,BROOKSBY
Eastbourne_2025_Q_Vukic_Brooksby,83.66666666666667,17.855083333333333,21.34,1215.281994851928,1.506218487394958,303,121,221,270,491,8.237180118134612,226,123,173,185,10.45,15.73,28.66,23.73,16.18,5.26,BROOKSBY
Eastbourne_2025_R32_Brooksby_Comesana,105.33333333333333,20.498683333333336,19.46,1671.6695560187889,1.6534228187919462,367,142,306,338,644,10.861478144187362,289,165,236,276,11.99,15.74,22.42,21.53,18.33,10.0,BROOKSBY
Eastbourne_2025_SF_Humbert_Brooksby,166.9,34.08155,20.42,2489.3032535397965,1.6168755221386801,599,207,474,547,1021,11.722908377407926,380,301,367,397,4.96,12.9,19.16,24.3,25.67,13.01,BROOKSBY
Eastbourne_2025_Q_Brooksby_Majchrzak,99.13333333333334,20.380933333333335,20.56,1515.4212966508678,1.5783857729138167,363,144,290,283,573,9.545223879602457,244,182,235,245,8.78,16.23,24.47,24.22,18.99,7.32,BROOKSBY
Shanghai_2025_R64_Griekspoor_Brooksby,105.93333333333334,13.993400000000001,13.21,1276.394130439948,1.7709618874773139,271,127,263,250,513,8.603691925190727,243,153,161,214,5.88,18.62,22.09,18.48,15.77,19.16,BROOKSBY
Shanghai_2025_1st_Brooksby_Trotter,100.6,15.9468,15.85,1419.6073441826743,1.763113367174281,281,122,242,290,532,16.76537369619637,250,169,209,207,6.75,17.14,21.61,21.94,16.62,15.95,BROOKSBY
Indian_Wells_2025_R64_Brooksby_Auger-Aliassime,88.73333333333333,18.139316666666666,20.44,1337.3488947518795,1.5966719492868462,313,108,244,302,546,12.321321225568123,191,155,195,200,7.61,17.39,22.08,22.99,19.54,10.38,BROOKSBY
Indian_Wells_2025_1st_Bonzi_Brooksby,150.63333333333333,31.183333333333334,20.7,2251.6067605026874,1.5500897666068223,567,192,462,442,904,12.236464239076073,342,269,335,341,8.62,18.42,23.49,28.83,17.24,3.39,BROOKSBY
Indian_Wells_2025_R32_Draper_Brooksby,100.96666666666667,20.395333333333333,20.2,1589.586680257127,1.5844532279314887,390,134,405,223,628,9.864249788969468,242,184,237,236,5.66,19.18,20.87,24.48,23.06,6.75,BROOKSBY
Miami_2026_1st_Bergs_Brooksby,87.86666666666666,15.690833333333334,17.86,2479.171892476963,1.5545608108108107,600,125,636,474,1110,15.34637598914918,530,332,350,430,8.24,21.37,18.73,17.29,19.93,14.44,BROOKSBY
Dallas_2026_R32_Paul_Brooksby,142.11666666666667,18.302136383333334,12.88,2159.0343003525973,1.879255319148936,471,190,508,314,822,9.094649062728784,437,246,266,386,8.66,14.7,20.48,17.29,20.24,18.62,BROOKSBY
Paris_2025_Q_Brooksby_van-de-Zandschulp,122.33333333333333,23.86255,19.51,1816.1854650250796,1.7241106719367587,377,166,391,315,706,15.187238649280348,350,201,231,304,9.24,18.93,22.63,17.4,15.12,16.68,BROOKSBY
Barcelona_2026_R32_Opelka_Quinn,111.21666666666667,12.273349133333333,11.04,1232.2944484134125,1.6504078303425775,311,160,276,278,554,9.829300832059468,275,144,194,155,8.13,17.52,20.69,17.94,16.78,18.95,OPELKA
Munich_2026_R32_Tabilo_Fonseca,93.1,14.832158216666667,15.93,1632.6276504417,1.7596153846153846,361,133,261,332,593,11.540192181086134,239,121,242,260,8.33,7.48,20.1,11.93,15.4,36.76,FONSECA
Munich_2026_R32_Zhang_Darderi,127.25,21.178523133333332,16.64,1817.1644144283027,1.6441988950276243,438,164,338,440,778,10.352593660145828,257,168,302,304,5.45,7.53,14.6,16.31,22.87,33.25,ZHANG
Munich_2026_R32_Bergs_Topo,69.46666666666667,8.570296149999999,12.34,935.8431339034812,1.8850815850815852,218,94,197,178,375,10.312535357201869,182,97,135,164,7.76,15.61,19.28,21.02,23.46,12.86,BERGS
Munich_2026_R32_Cilic_Altmaier,68.78333333333333,8.453110783333333,12.29,848.9358676736788,1.7064356435643564,201,97,160,177,337,12.933657974757054,164,78,117,146,2.94,13.96,13.77,7.1,11.96,50.26,ALTMAIER
Munich_2026_R32_Engel_Kopriva,130.13333333333333,22.572492633333333,17.35,2193.733774417972,1.7491881566380134,524,171,408,448,856,12.078941071085572,356,207,358,391,3.21,8.18,17.25,23.38,24.23,23.75,ENGEL
Munich_2026_R32_Zverev_Kecmanovic,138.6,23.038709166666667,16.62,2286.711374008087,1.6217588395285585,554,188,530,418,948,10.735928190294407,338,260,389,350,4.67,14.0,20.02,19.98,25.0,16.34,KECMANOVIC
Barcelona_2026_R32_Fils_Atmane,144.63333333333333,20.425022033333335,14.12,2270.910884441238,1.7618075801749271,513,216,368,539,907,11.424858480079076,380,192,340,324,5.19,8.91,17.73,13.43,17.48,37.26,FILS
Barcelona_2026_R32_Nakashima_Cerundolo,102.36666666666666,17.503221699999997,17.1,1748.990225797572,1.7708974358974359,388,127,337,282,619,11.876004494807487,219,161,272,252,6.14,8.52,19.74,21.53,23.58,20.49,NAKASHIMA
Barcelona_2026_R32_Navone_Rublev,111.91666666666667,22.0742242,19.72,2383.468200676956,1.8007655502392343,515,151,425,482,907,12.647287196381486,311,236,356,358,2.84,7.13,17.1,16.84,20.21,35.87,NAVONE
Barcelona_2026_R16_Borges_Etcheverry,120.08333333333333,19.360605333333336,16.12,2045.1485124637975,1.7180839612486545,450,147,382,400,782,12.969970640524078,297,193,344,287,4.38,10.94,12.5,12.43,20.86,38.9,ETCHEVERRY
Munich_2026_R16_Rinderknech_Fonseca,81.73333333333333,10.033520583333335,12.28,1114.591115236775,1.7501915708812261,258,117,253,195,448,12.582212870516498,204,98,166,165,5.88,11.4,23.92,16.65,17.18,24.97,FONSECA
Munich_2026_R32_Marozsan_Tsitsipas,1209.7166666666667,19.4717533,1.61,2127.5296872686363,1.7364197530864196,461,213,320,486,806,11.852253911092555,399,171,304,346,6.78,14.18,13.54,9.95,11.78,43.78,MAROZSAN
Munich_2026_R32_Marozsan_Tsitsipas,1209.7166666666667,19.4717533,1.61,2129.8832948636814,1.7045267489711933,511,213,486,320,806,15.825778224736997,355,240,325,270,5.3,13.45,21.85,13.32,17.82,28.25,TSITSIPAS
Barcelona_2026_R16_De-minaur_Medjedovic,94.73333333333333,12.591647816666667,13.29,1178.6953088677005,1.4282574568288853,323,127,291,237,528,12.21897212185781,186,161,187,188,6.03,16.04,21.86,10.94,15.15,29.99,MEDJEDOVIC
Munich_2026_R16_Blockx_Shelton,106.05,14.458598383333333,13.63,1443.7194664736228,1.9148902821316616,307,141,301,243,544,14.419383197982524,187,151,212,200,6.87,9.28,15.98,11.24,12.59,44.05,BLOCKX
Munich_2026_R16_Cobolli_Bergs,73.35,9.472908233333333,12.91,985.4241979424379,1.814782608695652,229,93,158,240,398,12.02759397190647,176,87,150,177,4.83,12.96,17.73,21.07,19.79,23.62,BERGS
Barcelona_2026_R16_Fils_Nakashima,72.68333333333334,11.438127233333335,15.74,1241.5190266184359,1.7460869565217392,289,98,273,216,489,11.763618172741191,192,158,194,187,5.61,11.37,19.82,20.9,25.3,17.0,NAKASHIMA
Barcelona_2026_R16_Fils_Nakashima,72.68333333333334,11.438127233333335,15.74,1304.403041853501,1.8128695652173914,286,98,216,273,489,9.218012583291602,212,115,198,190,4.99,8.24,18.26,12.15,19.81,36.55,FILS
Munich_2026_R16_Altmaier_Molcan,102.91666666666667,17.004048316666665,16.52,1849.9427330623394,1.801033591731266,392,136,306,366,672,12.630016676713112,351,140,260,268,10.13,12.33,14.04,12.29,13.94,37.28,ALTMAIER
Munich_2026_R16_Shapovalov_Marozsan,85.2,10.538312466666667,12.37,1080.327397704309,1.64642166344294,248,127,205,217,422,11.324818094899646,228,98,182,154,7.33,16.35,16.51,14.82,10.65,34.35,MAROZSAN
Barcelona_2026_QF_Fils_Musetti,75.35,12.1335339,16.1,1280.3959398251845,1.750711743772242,277,109,194,283,477,11.93092534496436,224,108,208,174,6.23,10.77,19.35,14.34,21.34,27.97,FILS
Barcelona_2026_QF_Medjedovic_Borges,94.2,12.166091766666666,12.92,1261.6550972459079,1.5834415584415584,315,128,271,265,536,11.26086201649871,220,124,207,178,7.8,15.35,19.69,11.72,22.93,22.52,MEDJEDOVIC
Stuttgart_2026_R16_Swiatek_Siegemund,89.55,8.2006795,9.16,837.2301265237666,1.5466666666666666,224,104,158,191,349,11.300154703757048,149,117,121,161,5.64,13.72,31.71,31.92,15.31,1.71,SWIATEK
Stuttgart_2026_QF_Swiatek_Andreeva,156.1,19.883606999999998,12.74,1999.2616560219742,1.5530487804878048,485,199,391,442,833,10.236026641663964,295,273,305,328,3.18,12.34,21.83,17.94,28.39,16.33,SWIATEK
Stuttgart_2026_R16_Rybakina_Shnaider,72.45,8.868148083333333,12.24,851.8343728430003,1.4205627705627704,227,113,143,210,353,12.248373344355064,155,83,151,133,4.57,10.81,27.69,34.07,20.12,2.74,RYBAKINA
Munich_2026_QF_Fonseca_Shelton,109.16666666666667,13.15122645,12.05,1209.1298837161662,1.6641541038525962,292,139,245,240,485,13.18698899100206,172,127,169,196,4.47,7.85,18.22,16.53,16.79,36.14,FONSECA
Barcelona_2026_F_Rublev_Fils,100.51666666666667,14.769708533333333,14.69,1696.4869260573146,1.7836411609498681,379,154,253,385,638,12.402684194402577,269,143,258,243,3.77,6.92,18.97,9.35,14.93,46.06,FILS
Barcelona_2026_SF_Jodar_Fils,111.6,17.157595949999997,15.37,1910.9536700588628,1.766628830874007,449,164,335,417,752,10.44479592613427,295,151,286,305,3.68,9.08,17.83,11.16,16.06,42.19,FILS
Barcelona_2026_SF_Rublev_Medjedovic,117.33333333333333,13.741148816666668,11.71,1332.7225157200626,1.5170391061452515,361,169,302,306,608,13.0187905313277,267,147,232,189,7.34,19.89,23.67,14.57,21.08,13.45,MEDJEDOVIC
Madrid_2026_Q_Prizmic_O'Connell,201.93333333333334,32.94271666666667,16.31,2441.98978779797,1.6351970669110907,535,245,362,530,892,14.003807699293567,383,235,378,330,5.45,13.29,21.88,10.41,11.86,37.11,PRIZMIC
Madrid_2026_Q_Prizmic_O'Connell,201.93333333333334,32.94271666666667,16.31,2275.279394821876,1.5394133822181484,556,245,530,362,892,13.018751060913582,327,230,357,337,6.93,15.48,18.21,11.68,12.74,34.97,O'CONNELL
Stuttgart_2026_F_Rybakina_Muchova,78.55,8.588190883333334,10.93,836.355775379734,1.456319290465632,224,111,160,230,390,9.505314571570477,170,75,133,147,8.37,11.34,30.96,35.93,12.08,1.32,RYBAKINA
Stuttgart_2026_SF_Rybakina_Andreeva,77.83333333333333,9.595111233333334,12.33,970.3037979882239,1.4971830985915493,243,116,182,241,423,10.49534301014882,181,106,141,167,6.54,12.66,30.74,27.46,19.25,3.35,RYBAKINA
Stuttgart_2026_QF_Rybakina_Fernandez,180.71666666666667,19.730304333333333,10.92,1880.39552414992,1.4463959390862944,504,243,412,417,829,9.46788086193903,314,188,298,331,5.03,11.99,28.53,34.57,16.23,3.64,RYBAKINA
Stuttgart_2026_SF_Rybakina_Andreeva,77.83333333333333,9.595111233333334,12.33,931.2689950079746,1.470221327967807,254,116,241,182,423,8.725419406364153,135,131,148,195,3.47,14.02,28.08,20.43,26.43,7.57,ANDREEVA
Madrid_2026_1st_Bergs_Cilic,127.56666666666666,20.60455,16.15,1267.0722314260763,1.6126436781609195,303,160,267,227,494,10.264956048001398,258,149,188,237,5.39,20.5,19.44,16.34,21.56,16.78,BERGS
Madrid_2026_1st_Dzumhur_Bellucci,77.01666666666667,17.178866666666668,22.31,1422.4810877815873,1.6062193126022912,310,100,265,275,540,10.902316493387616,276,130,200,222,9.89,14.08,21.02,26.13,17.65,11.21,BELLUCCI
Madrid_2026_1st_Zhang_Kopriva,56.483333333333334,11.066066666666666,19.59,661.3640106859857,1.3559556786703602,189,92,189,98,287,11.192178348614672,135,69,108,88,7.04,19.18,20.77,13.47,21.31,18.23,ZHANG
Madrid_2026_1st_Brooksby_Nava,98.75,16.27958333333333,16.49,1245.0826071182166,1.6120954003407155,292,132,299,167,466,13.202512817664966,216,136,157,200,9.72,19.81,21.92,18.93,15.41,14.21,BROOKSBY
Madrid_2026_R64_Swiatek_Snigur,60.31666666666667,11.482766666666667,19.04,653.0694753369086,1.4323369565217392,188,89,171,81,252,6.375827864004736,104,93,93,112,1.62,11.45,33.62,27.95,19.9,5.46,SWIATEK
Madrid_2026_1st_Altmaier_Cerundolo,74.98333333333333,15.362599999999999,20.49,1241.4764132638718,1.698559670781893,246,99,224,205,429,12.986311772747484,202,80,184,186,7.91,13.33,11.04,6.38,7.93,53.42,ALTMAIER
Madrid_2026_1st_Atmane_Kecmanovic,74.53333333333333,15.201083333333335,20.4,1061.6848495678255,1.4833333333333334,256,114,225,240,465,7.1985835285853765,171,117,182,144,2.44,13.19,19.18,17.63,17.9,29.66,KECMANOVIC
Madrid_2026_1st_Borges_Navone,86.15,18.174416666666666,21.1,1435.5024626913905,1.6572981366459627,320,122,302,243,545,12.159238861630236,225,139,230,235,3.62,11.14,20.66,10.73,14.9,38.95,NAVONE
Madrid_2026_1st_Garin_Blockx,139.41666666666666,29.453633333333336,21.13,2057.320670085382,1.6443243243243244,461,193,352,417,769,11.022817585146388,253,188,320,292,2.81,13.41,14.31,13.84,15.79,39.84,BLOCKX
Madrid_2026_1st_Kypson_Tsitsipas,158.4,28.469483333333336,17.97,2044.1664297708703,1.6392857142857142,452,217,333,416,749,13.462673112326788,358,164,302,270,6.18,12.98,15.31,7.22,13.07,45.24,TSITSIPAS
Madrid_2026_1st_Marozsan_Quinn,113.5,20.166366666666665,17.77,1313.4666176387261,1.4751824817518249,337,169,271,344,615,8.956977685702219,318,108,212,221,5.6,17.62,16.64,11.68,18.15,30.3,MAROZSAN
Madrid_2026_R64_Fils_Buse,170.21666666666667,35.728950000000005,20.99,2717.2454392614336,1.7107452339688043,574,226,453,557,1010,12.87252348732586,409,222,407,372,7.31,12.27,15.93,10.92,15.79,37.79,FILS
Madrid_2026_R64_Ofner_Etcheverry,78.3,12.502433333333332,15.97,989.2720722832033,1.5087475149105367,240,108,171,219,390,10.627857947031126,147,91,158,160,1.82,15.44,8.63,10.15,16.2,47.76,ETCHEVERRY
Madrid_2026_R64_Sinner_Bonzi,140.23333333333332,21.54435,15.36,1861.6032959913239,1.6816728167281674,406,177,266,426,692,12.992866898160871,384,136,281,258,6.08,15.41,14.6,9.67,15.09,39.14,SINNER
Madrid_2026_R64_Damm_Mensik,66.58333333333333,10.8379,16.28,654.4357138726878,1.4870090634441087,168,104,156,146,302,11.453579035545664,175,46,102,111,8.74,21.31,23.54,9.93,16.54,19.93,MENSIK
Madrid_2026_R64_Nakashima_Blockx,111.16666666666667,24.080466666666666,21.66,1531.6004840403439,1.455364238410596,378,165,311,307,618,10.98029844473757,265,146,251,218,5.49,13.64,21.03,15.7,19.75,24.39,NAKASHIMA
Madrid_2026_R64_Nakashima_Blockx,111.16666666666667,24.080466666666666,21.66,1618.1246031519265,1.5386754966887417,377,165,307,311,618,11.901036466082845,192,147,268,252,4.72,12.14,11.36,7.85,14.81,49.13,BLOCKX
Madrid_2026_R64_Navone_Zverev,102.43333333333334,17.930983333333334,17.51,1510.1993741786498,1.639344262295082,337,131,378,214,592,11.278392090994236,210,183,225,235,2.26,11.76,17.61,17.14,25.22,26.0,NAVONE
Madrid_2026_R64_Bublik_Tsitsipas,73.28333333333333,12.623116666666666,17.23,1014.2494760596592,1.6594713656387665,213,115,130,246,376,11.769664273846963,191,79,157,134,6.32,10.35,15.97,11.46,22.42,33.48,TSITSIPAS
Madrid_2026_R64_Medvedev_Marozsan,129.23333333333332,24.253216666666667,18.77,2125.387221809701,1.5667686034658512,500,186,512,343,855,11.87928161033827,441,192,335,314,8.88,16.63,17.39,19.6,16.28,21.21,MAROZSAN
Madrid_2026_R32_Fils_Nava,90.1,14.12765,15.68,1132.8787368259812,1.5806159420289856,265,132,206,216,422,11.834175371690762,164,140,180,167,2.44,12.05,21.67,15.83,21.84,26.16,FILS
Madrid_2026_R32_Fonseca_Jodar,127.4,20.471783333333335,16.07,1599.561783720885,1.5803385416666667,374,177,244,392,636,10.923747662996533,269,181,235,245,2.7,12.77,20.26,9.67,13.19,41.4,FONSECA
Madrid_2026_R32_Prizmic_Etcheverry,129.93333333333334,22.2394,17.12,1535.038751052788,1.5308943089430893,380,153,326,249,575,11.00959161932071,244,166,222,225,5.94,12.35,28.55,15.77,13.65,23.75,PRIZMIC
Madrid_2026_R32_Prizmic_Etcheverry,129.93333333333334,22.2394,17.12,1637.1615986948843,1.6357723577235772,358,153,249,326,575,12.089532948712655,244,160,253,231,3.55,13.24,11.26,10.03,10.84,51.07,ETCHEVERRY
Madrid_2026_R32_Sinner_Moller,76.68333333333334,11.82485,15.42,896.5854657129279,1.5778280542986425,214,101,179,200,379,9.94694803885823,184,100,142,129,3.83,19.21,16.85,15.41,17.92,26.77,SINNER
Madrid_2026_R32_Tsitsipas_Merida,68.0,12.826483333333334,18.86,925.3064239203527,1.6245742092457423,212,96,152,195,347,11.855273227253296,159,56,148,112,7.82,14.1,18.56,11.25,11.47,36.8,TSITSIPAS
Madrid_2026_R32_Blockx_Auger-Aliassime,92.55,16.696383333333333,18.04,1339.0960895518842,1.6533557046979865,292,130,244,285,529,13.097006197909328,194,118,204,183,6.33,12.6,13.02,7.33,8.29,52.43,BLOCKX
Madrid_2026_R32_Khachanov_Mensik,107.7,20.116183333333332,18.68,1730.8081137667798,1.6948751642575557,376,152,251,320,571,11.869944945412014,273,162,263,274,7.1,11.38,15.05,16.02,24.58,25.87,MENSIK
Madrid_2026_R32_Kalinina_Osaka,75.75,16.411083333333334,21.66,1097.0262578549207,1.5005454545454544,284,115,175,218,393,10.57940886320838,144,68,167,174,8.81,15.45,18.64,37.6,17.64,1.87,OSAKA
Madrid_2026_R64_Osorio_Osaka,78.38333333333334,15.700266666666666,20.03,933.0519765346795,1.407058823529412,267,123,186,169,355,10.765682323643144,147,90,142,147,8.77,18.42,27.09,20.65,23.55,1.51,OSAKA
Madrid_2026_R32_Swiatek_Li,129.73333333333332,22.039916666666667,16.99,1374.7823879131042,1.492189679218968,345,162,219,245,464,9.401931945221868,194,148,226,237,4.7,9.61,22.33,23.22,28.59,11.54,SWIATEK
Madrid_2026_R64_Ruse_Rybakina,148.15,29.623583333333332,20.0,1747.919569049639,1.4967633928571427,458,194,409,291,700,13.973061752370857,315,220,258,262,6.82,9.92,28.92,31.51,17.49,5.34,RYBAKINA
Madrid_2026_R32_Zheng_Rybakina,141.36666666666667,21.81436666666667,15.43,1419.9771848011453,1.540302613480055,360,177,344,263,607,8.570209635963499,228,167,221,230,3.22,8.76,24.51,24.23,33.18,6.1,RYBAKINA
Madrid_2026_R32_Zheng_Rybakina,141.36666666666667,21.81436666666667,15.43,1445.7119436122548,1.5440165061898212,367,177,263,344,607,8.731007160455786,241,117,237,192,3.46,9.02,18.75,7.78,12.38,48.6,ZHENG
Madrid_2026_R64_Mcnally_Mboko,78.73333333333333,17.039833333333334,21.64,1210.4494292221045,1.4936666666666667,319,115,312,210,522,11.189378833982788,128,148,213,235,5.94,10.33,25.4,19.11,23.54,15.68,MBOKO
Madrid_2026_R16_Etcheverry_Fils,89.45,17.058266666666665,19.07,1461.786605068018,1.7038338658146963,319,115,214,290,504,12.034271558835272,202,120,208,200,6.52,11.17,21.09,11.09,14.42,35.72,FILS
Madrid_2026_R16_Etcheverry_Fils,89.45,17.058266666666665,19.07,1373.2151032828617,1.626517571884984,307,115,290,214,504,9.636567966061689,208,147,227,194,4.6,17.66,16.39,14.99,12.68,33.67,ETCHEVERRY
Madrid_2026_R16_Sinner_Norrie,86.16666666666667,14.56805,16.91,1312.8474163277258,1.6975133214920073,277,114,202,292,494,10.83019648301472,299,75,192,179,7.2,12.94,11.93,12.12,13.2,42.62,SINNER
Madrid_2026_R16_Tsitsipas_Ruud,177.51666666666668,29.494966666666667,16.62,2349.579635566952,1.6612426035502958,533,246,469,390,859,12.62221751304507,453,185,355,276,10.8,16.64,19.26,10.51,13.8,28.98,TSITSIPAS
Madrid_2026_R16_Cerundolo_Blockx,98.48333333333333,20.475900000000003,20.79,1543.8989692339471,1.5506382978723405,350,152,279,312,591,11.049285170316452,213,163,273,199,3.88,14.3,14.02,9.62,9.34,48.82,BLOCKX
Madrid_2026_QF_Fils_Lehecka,74.03333333333333,14.784466666666667,19.97,1216.787016747594,1.6529516994633273,279,105,248,199,447,11.099305614705887,200,113,188,198,3.11,12.03,14.13,9.23,16.96,44.55,FILS
Madrid_2026_QF_Sinner_Jodar,116.23333333333333,19.4801,16.76,1690.8296480348315,1.7279166666666665,362,151,315,317,632,11.544601770756149,343,148,241,228,6.85,15.74,14.35,9.64,10.4,43.03,SINNER
Madrid_2026_R16_Mensik_Zverev,138.53333333333333,18.4583,13.32,1512.035132889919,1.631888111888112,355,173,307,328,635,12.005844707827118,310,130,210,269,7.25,14.54,18.11,14.93,18.89,26.28,MENSIK
Madrid_2026_SF_Blockx_Zverev,96.3,18.685283333333334,19.4,1703.5494287769222,1.7338959212376934,372,136,407,219,626,11.795982125408097,236,197,249,228,6.74,14.8,13.65,10.06,15.53,39.22,BLOCKX
Madrid_2026_SF_Sinner_Fils,85.73333333333333,15.094899999999999,17.61,1185.8295435641899,1.6147058823529412,278,107,258,192,450,14.364721167730936,152,126,182,154,5.14,10.09,20.92,10.05,16.45,37.35,FILS
Madrid_2026_SF_Sinner_Fils,85.73333333333333,15.094899999999999,17.61,1151.9658118944942,1.5759191176470588,266,107,192,258,450,9.823968767909092,245,134,176,178,7.52,16.31,15.43,15.27,18.48,26.98,SINNER
Madrid_2026_F_Sinner_Zverev,57.43333333333333,9.56645,16.66,714.7782871134766,1.6677316293929711,158,74,122,165,287,10.88659307900362,154,53,112,99,7.05,16.02,14.54,9.47,9.82,43.11,SINNER
Rome_2026_1st_Brooksby_Baez,101.88333333333334,21.740183333333334,21.34,1777.2675057526023,1.619700748129676,410,146,364,341,705,11.446795252677797,306,189,265,269,7.26,17.69,22.4,20.07,17.51,15.07,BROOKSBY
Rome_2026_1st_Marozsan_Kopriva,78.18333333333334,16.098666666666666,20.59,1259.605338347335,1.518196457326892,312,108,277,237,514,10.495722136605274,213,132,212,204,6.82,18.37,17.66,23.58,18.01,15.56,MAROZSAN
Rome_2026_1st_Zhang_Altmaier,142.5,23.22648333333333,16.3,1963.8769528835878,1.538169642857143,447,195,408,382,790,12.613473125869245,353,200,295,373,3.33,14.07,14.82,8.33,11.74,47.71,ALTMAIER
Rome_2026_1st_Zhang_Altmaier,142.5,23.22648333333333,16.3,1913.6683189396547,1.4982142857142857,449,195,382,408,790,12.182462491723427,347,186,286,258,10.56,14.63,20.42,13.61,18.57,22.21,ZHANG
Rome_2026_1st_Bergs_Atmane,82.5,13.594716666666667,16.48,1234.1420115169078,1.7896761133603238,245,108,199,259,458,12.978928152563633,211,89,191,184,7.17,12.68,12.55,15.96,11.87,39.78,BERGS
Rome_2026_1st_Burruchaga_Bellucci,114.45,21.1269,18.46,1678.7579865041869,1.736288088642659,377,142,336,306,642,11.55164972063481,348,133,249,238,10.05,15.98,19.25,23.14,21.23,10.35,BELLUCCI
Rome_2026_1st_Cina_Blockx,119.56666666666666,26.585183333333337,22.23,2007.622592209154,1.6063205417607225,431,170,293,496,789,13.048987546801827,317,161,300,283,5.64,10.1,10.38,7.97,13.42,52.49,BLOCKX
Rome_2026_1st_Svrcina_Kecmanovic,84.08333333333333,18.919766666666664,22.5,1499.0961872778985,1.5774336283185841,330,109,275,287,562,9.584400031948636,195,129,231,229,5.88,10.39,17.82,20.45,20.4,25.06,KECMANOVIC
Rome_2026_1st_Tsitsipas_Machac,98.05,17.45723333333333,17.8,1316.7866681342236,1.556338028169014,329,136,229,272,501,7.989160054304756,244,94,231,182,3.99,12.43,18.23,10.66,14.23,40.47,TSITSIPAS
Rome_2026_R64_Auger-Aliassime_Navone,173.08333333333334,41.13705,23.77,3496.9295095511634,1.7933976261127595,662,201,665,540,1205,14.238716281335517,417,360,527,484,4.5,8.95,15.6,13.55,14.22,43.18,NAVONE
Rome_2026_R64_Etcheverry_Bellucci,153.8,24.056500000000003,15.64,1805.569963139042,1.6056670602125147,416,174,423,339,762,14.348686346277969,295,201,283,260,4.02,19.07,13.75,14.01,17.39,31.77,ETCHEVERRY
Rome_2026_R64_Etcheverry_Bellucci,153.8,24.056500000000003,15.64,1919.414914306921,1.7115702479338843,431,174,339,423,762,8.22492777593159,430,166,277,286,9.46,16.39,22.82,23.48,16.71,11.14,BELLUCCI
Rome_2026_R64_Medjedovic_Fonseca,143.03333333333333,25.58555,17.89,1956.0659345854726,1.607542857142857,430,182,308,414,722,11.488966855145282,286,208,286,299,3.38,11.0,18.7,11.65,13.4,41.87,FONSECA
Rome_2026_R64_Medjedovic_Fonseca,143.03333333333333,25.58555,17.89,1836.6832779313083,1.5052571428571428,445,182,414,308,722,10.689358052841325,312,175,304,256,8.43,20.02,19.62,13.28,19.39,19.25,MEDJEDOVIC
Rome_2026_R64_Nakashima_Bautista-Agut,81.71666666666667,18.6157,22.78,1543.5932857236894,1.5795652173913044,343,97,230,300,530,13.703214104249104,208,139,239,241,5.54,9.22,13.73,21.12,30.18,20.21,NAKASHIMA
Rome_2026_R64_Popyrin_Mensik,131.03333333333333,21.9099,16.72,1679.6819137814875,1.667945205479452,370,158,346,304,650,11.660577457255457,330,141,224,298,8.87,13.71,21.94,16.75,14.61,24.12,MENSIK
Rome_2026_R64_Rublev_Kecmanovic,73.83333333333333,13.421249999999999,18.18,1057.7663495292622,1.4826887661141805,267,102,227,224,451,8.927282192229919,139,113,193,149,2.34,11.97,18.01,13.97,26.44,27.25,KECMANOVIC
Rome_2026_R64_Sinner_Ofner,100.53333333333333,18.1438,18.05,1408.5821606864022,1.6585599999999998,302,120,218,329,547,11.597180313032526,290,118,206,223,6.24,14.25,14.65,11.91,13.05,39.9,SINNER
Rome_2026_R32_Blockx_Zverev,73.08333333333333,15.239133333333333,20.85,1316.351574567606,1.7602587800369685,276,102,232,237,469,11.748698090906442,195,127,189,177,7.87,12.56,12.03,9.33,14.38,43.84,BLOCKX
Rome_2026_R64_Mcnally_Swiatek,162.76666666666668,31.960516666666667,19.64,2572.1723247299997,1.54175,609,186,457,525,982,10.546356186051224,362,261,363,405,9.44,11.19,24.91,27.35,19.87,7.23,SWIATEK
Rome_2026_R32_Cocciaretto_Swiatek,66.46666666666667,10.6504,16.02,732.6799679296805,1.488235294117647,197,86,138,107,245,7.466136289494259,106,79,114,116,8.54,12.65,30.55,26.27,19.24,2.75,SWIATEK
Rome_2026_R64_Sakkari_Rybakina,75.3,17.04113333333333,22.63,1129.7545937221962,1.4903743315508022,282,104,189,263,452,9.948476228437032,200,100,168,191,7.27,8.77,20.68,30.74,28.49,4.04,RYBAKINA
Rome_2026_R32_Eala_Rybakina,92.41666666666667,18.184116666666668,19.68,1351.190703532883,1.4819402985074626,329,129,216,295,511,9.435001428583837,212,131,237,199,8.99,8.77,28.29,34.69,15.13,4.14,RYBAKINA
Rome_2026_R64_Navarro_Cocciaretto,91.48333333333333,21.73528333333333,23.76,1553.0565800354298,1.4907268170426065,391,122,273,258,531,13.70201534274388,133,198,287,264,4.48,7.29,17.37,38.85,25.87,6.15,NAVARRO
Rome_2026_R64_Osaka_Lys,128.23333333333332,24.052216666666666,18.76,1575.790245853413,1.3575083426028922,458,176,323,340,663,10.500957662647156,182,163,270,312,1.39,14.17,21.23,33.5,27.34,2.36,OSAKA
Rome_2026_R16_Osaka_Swiatek,80.1,16.71065,20.86,1040.7804108537896,1.4159857904085258,288,105,242,196,438,11.142658771770511,132,107,178,176,3.55,15.37,22.14,29.46,27.19,2.29,OSAKA
Rome_2026_R16_Osaka_Swiatek,80.1,16.71065,20.86,1152.4855288916672,1.602486678507993,275,105,196,242,438,9.559344806813703,180,117,184,191,3.86,7.69,22.18,28.24,30.68,7.35,SWIATEK
Rome_2026_R16_Pliskova_Rybakina,58.266666666666666,10.920633333333333,18.74,693.4774442503892,1.309438775510204,193,84,149,174,323,7.718024937111705,111,64,102,147,3.71,8.17,26.28,31.52,26.2,4.12,RYBAKINA
Rome_2026_R32_Bellucci_Landaluce,107.05,16.843883333333334,15.73,1382.5856878319996,1.6785594639865997,320,124,336,171,507,11.45633077669346,254,169,200,176,7.98,21.37,19.5,16.39,16.68,18.07,BELLUCCI
Rome_2026_R32_Nakashima_Basilashvili,99.6,19.242966666666668,19.32,1367.8964508947502,1.5254814814814814,330,139,294,283,577,8.676117067915136,218,179,191,224,2.49,12.49,22.27,19.09,26.56,17.1,NAKASHIMA
Rome_2026_R32_Navone_Medjedovic,182.31666666666666,30.606316666666665,16.79,2264.8271866116565,1.4420054200542005,568,220,465,477,942,11.592411027478365,371,251,378,340,6.73,18.84,19.38,16.35,19.01,19.68,MEDJEDOVIC
Rome_2026_R32_Navone_Medjedovic,182.31666666666666,30.606316666666665,16.79,2739.6623223428783,1.7275519421860885,539,220,477,465,942,13.172134411292204,321,332,408,407,3.39,7.89,17.04,12.26,14.42,44.99,NAVONE
Rome_2026_R32_Sinner_Popyrin,65.78333333333333,11.50835,17.49,955.0077804919489,1.6982800982800983,198,80,176,183,359,11.10130886108639,192,96,144,141,9.26,18.02,21.7,18.44,11.28,21.29,SINNER
Rome_2026_R16_Sinner_Pellegrino,88.46666666666667,18.29093333333333,20.68,1586.8207016410895,1.6718840579710144,331,108,223,400,623,10.53148813902988,293,146,224,232,8.6,13.05,14.84,20.03,18.26,25.22,SINNER
Rome_2026_QF_Sinner_Rublev,91.75,18.162816666666668,19.8,1292.3170904869594,1.6122719734660034,303,115,258,283,541,11.027222857279869,265,134,206,199,4.5,14.22,14.84,12.33,18.02,36.08,SINNER
Rome_2026_QF_Pegula_Swiatek,67.13333333333334,14.635216666666668,21.8,1161.012814721868,1.5294014084507044,280,90,228,192,420,9.271714710390128,157,154,190,198,4.99,9.65,25.33,29.44,25.13,5.46,SWIATEK
Rome_2026_SF_Swiatek_Svitolina,134.15,28.5862,21.31,2060.330255691498,1.5984504132231405,479,172,279,437,716,11.194641036239595,320,208,332,313,7.15,10.88,27.86,29.89,19.16,5.07,SWIATEK
Rome_2026_QF_Svitolina_Rybakina,143.46666666666667,27.6571,19.28,2005.468655970533,1.4968360498561841,522,208,379,399,778,10.3936251807705,349,180,350,328,6.21,9.56,30.79,37.38,13.35,2.71,RYBAKINA
Madrid_2026_R64_Zheng_Kenin,113.21666666666667,21.006733333333333,18.55,1257.7219664456568,1.5359872611464969,328,146,257,224,481,10.833509322981165,212,107,225,160,4.77,7.78,21.13,13.07,28.5,24.74,ZHENG
Rome_2026_1st_Bondar_Zheng,137.61666666666667,28.374616666666668,20.62,2102.0291574153375,1.552771855010661,481,163,399,411,810,12.13582739657836,340,178,312,285,7.66,6.56,14.78,12.2,25.98,32.82,ZHENG
Rome_2026_R64_Bucsa_Zheng,95.23333333333333,17.061799999999998,17.92,1032.7062866638357,1.4844569288389513,276,125,197,210,407,10.943196543526044,216,89,156,140,5.16,9.81,22.75,15.07,28.89,18.31,ZHENG
Rome_2026_R32_Zheng_Ostapenko,148.76666666666668,18.998233333333335,12.77,1329.730996948855,1.6433544303797467,315,181,256,284,540,11.28510565717479,241,94,180,197,4.32,12.21,20.16,8.35,16.95,38.01,ZHENG
Rome_2026_1st_Bondar_Zheng,137.61666666666667,28.374616666666668,20.62,2027.034768449603,1.5121535181236674,457,163,411,399,810,11.152593799949862,173,266,329,324,1.36,5.23,12.93,13.19,29.32,37.96,BONDAR
Rome_2026_F_Sinner_Ruud,104.65,21.4756,20.52,1827.9985751303443,1.7267022696929237,366,119,340,332,672,11.0250330550742,332,166,276,253,9.14,12.84,14.31,14.84,15.14,33.74,SINNER
Rome_2026_SF_Sinner_Medvedev,1255.6666666666667,33.62535,2.68,3006.5827332918593,1.7966585167074165,613,196,497,585,1082,13.611833691765016,549,235,441,448,10.02,12.68,14.28,16.9,20.89,25.23,SINNER
Geneva_2026_Q_Bernet_Comesana,164.2,12.264933333333333,7.47,1172.3286065497025,1.7442424242424241,257,96,283,151,434,13.085407339620604,177,110,181,160,10.31,19.2,20.07,15.79,12.82,21.81,BERNET
Geneva_2026_Q_Feldbausch_Basavareddy,86.23333333333333,20.008333333333333,23.2,1764.226281895702,1.7155615696887685,368,116,310,306,616,8.33335225261284,281,157,245,246,10.65,14.85,21.64,17.56,18.56,16.74,BASAVAREDDY
Geneva_2026_Q_Galan_Basavareddy,109.08333333333333,21.968999999999998,20.14,1566.650307881377,1.654178674351585,358,132,295,281,576,10.854579223935486,247,148,246,212,6.51,13.27,20.7,19.5,18.87,21.13,BASAVAREDDY
Geneva_2026_R32_Trungelliti_Navone,174.33333333333334,31.90761666666667,18.3,2804.4108591219047,1.6664160401002506,567,229,423,582,1005,13.888565797128138,412,237,412,406,4.21,9.4,14.0,12.25,15.85,44.28,NAVONE
Geneva_2026_R32_Tsitsipas_Mpetshi-Perricard,93.61666666666666,16.8671,18.02,1477.0939282795248,1.678095238095238,321,159,279,272,551,8.821257095877872,274,109,221,185,8.6,16.42,17.03,8.02,12.11,37.82,TSITSIPAS
Hamburg_2026_Q_Kovacevic_Zhang,146.36666666666667,19.294198616666666,13.18,1926.4325052037993,1.5349336057201226,483,217,368,431,799,9.533953701740243,341,185,323,263,6.26,13.68,19.15,9.76,17.58,33.56,ZHANG
Hamburg_2026_R32_Altmaier_Hijikata,151.25,15.5753099,10.3,1845.0766884778755,1.912970711297071,344,128,255,408,663,12.613197054110987,307,137,258,273,9.04,10.86,10.92,8.69,11.44,49.05,ALTMAIER
Hamburg_2026_R32_Atmane_Etcheverry,9.55,1.68402515,17.63,173.93228588395323,1.769736842105263,38,9,33,34,67,6.6705360690744335,16,20,28,27,4.05,14.88,9.54,9.28,18.96,43.28,ETCHEVERRY
Hamburg_2026_R32_Mensik_Struff,88.81666666666666,11.392803083333332,12.83,1265.5517661201516,1.693719806763285,299,141,267,265,532,10.387280749556307,272,134,179,258,5.96,12.73,23.31,15.86,17.3,24.84,MENSIK
Strasbourg_2026_R32_Bejlek_Navarro,86.05,14.584825066666667,16.95,1347.1127139191312,1.6095744680851063,333,110,253,248,501,9.71448860187167,132,156,217,208,6.31,7.25,31.76,30.15,17.79,6.74,NAVARRO
Geneva_2026_R32_Basavareddy_Munar,74.15,15.138433333333333,20.42,1323.4751278535866,1.56198347107438,313,93,337,187,524,11.96667451843467,220,119,217,182,10.65,14.83,19.3,17.18,17.54,20.5,BASAVAREDDY
Geneva_2026_R32_Brooksby_Ruud,91.45,16.873516666666667,18.45,1459.522339786805,1.686760124610592,329,129,335,212,547,9.861534288730043,235,154,207,247,6.18,21.09,20.26,21.42,15.54,15.51,BROOKSBY
Geneva_2026_R16_Collignon_Ruud,86.9,19.02505,21.89,1548.5705090582446,1.6132743362831858,348,127,355,242,597,11.137111908971631,266,147,211,205,6.26,16.86,16.22,10.82,11.36,38.47,COLLIGNON
Geneva_2026_R16_Norrie_Navone,100.66666666666667,22.8737,22.72,1902.9604073105274,1.76,367,131,253,425,678,13.80991978015002,234,181,302,270,3.08,6.9,12.25,12.37,18.85,46.54,NAVONE
Geneva_2026_R16_Tsitsipas_Tien,108.81666666666666,22.4415,20.62,1896.2116941044596,1.6498220640569394,426,171,363,349,712,11.11980244574838,348,182,322,221,8.23,15.24,18.49,13.74,19.98,24.31,TSITSIPAS
Geneva_2026_R16_Tsitsipas_Tien,108.81666666666666,22.4415,20.62,1821.9204026863426,1.5997627520759192,417,171,349,363,712,12.634482293864092,297,167,285,280,5.03,12.92,21.62,17.37,12.55,30.51,TIEN
Hamburg_2026_R16_Buse_Mensik,62.516666666666666,9.016334916666667,14.42,958.8171245298198,1.6953744493392071,218,88,175,231,406,11.002742464450112,160,98,150,164,6.23,9.68,20.04,16.73,23.12,24.19,MENSIK
Hamburg_2026_R16_Paul_Etcheverry,1296.9833333333333,32.31740286666666,2.49,3628.4924225304358,1.8174193548387096,742,263,674,653,1327,11.307154273182514,554,345,608,516,3.44,13.49,11.88,12.32,18.86,40.01,ETCHEVERRY
Strasbourg_2026_R16_Navarro_Jovic,143.65,19.91508341666667,13.86,1804.8992393266876,1.442020202020202,510,184,408,283,691,9.679404952761091,173,260,306,301,3.89,8.98,32.1,30.34,18.51,6.18,NAVARRO
Strasbourg_2026_R16_Navarro_Jovic,143.65,19.91508341666667,13.86,1998.814650617432,1.5754545454545454,480,184,283,408,691,11.023385548692882,288,219,304,321,5.46,10.22,29.06,30.83,18.82,5.6,JOVIC
Strasbourg_2026_QF_Zhang_Navarro,149.5,23.288190366666665,15.58,2056.5371032533803,1.404192685102587,572,213,334,389,723,9.2272162454706,202,287,370,343,3.13,7.17,30.4,31.85,19.09,8.35,NAVARRO
Strasbourg_2026_SF_Navarro_Li,77.18333333333334,12.7968185,16.58,1131.6268092541175,1.434974533106961,290,104,244,170,414,7.899806837524522,113,182,194,195,3.92,8.14,24.07,25.94,26.22,11.72,NAVARRO
Strasbourg_2026_F_Mboko_Navarro,140.5,22.141638016666665,15.76,2085.970894622763,1.467992240543162,483,192,290,507,797,12.0189933105559,184,270,325,322,4.52,6.65,24.67,27.63,25.58,10.94,NAVARRO
Strasbourg_2026_F_Mboko_Navarro,140.5,22.141638016666665,15.76,2089.3742402231514,1.4638215324927255,548,192,507,290,797,13.8529516448628,219,230,320,421,4.6,8.86,24.24,16.73,29.5,16.07,MBOKO
Strasbourg_2026_R16_Mboko_Boisson,82.61666666666666,14.153584133333334,17.13,1379.3639146926046,1.5330670926517573,303,116,222,324,546,11.023303515924653,166,155,199,256,8.95,12.25,21.56,13.03,24.67,19.54,MBOKO
Strasbourg_2026_SF_Mboko_Cristian,171.6,26.733840283333333,15.58,2383.7823996269267,1.4225965488907149,611,215,542,498,1040,9.4640728172001,253,298,380,491,2.73,6.54,19.66,17.94,36.3,16.84,MBOKO
Strasbourg_2026_QF_Mboko_Fernandez,91.58333333333333,11.826311266666666,12.91,1179.7093911365835,1.5230902777777777,288,128,221,263,484,13.151017120228412,133,119,203,236,4.03,6.56,22.85,20.22,33.32,13.02,MBOKO
RG_2026_R64_Navone_Mensik,281.1166666666667,57.44063333333334,20.43,3539.8668255172292,1.7656413612565445,787,321,594,593,1187,11.73221229240291,537,306,484,562,12.48,12.9,18.05,17.0,18.17,21.41,MENSIK
RG_2026_1st_Droguet_Mensik,129.03333333333333,23.3747,18.12,1257.327008360444,1.470358814352574,337,174,324,215,539,12.377541458230048,284,120,171,218,10.4,18.17,21.63,17.65,15.4,16.74,MENSIK
RG_2026_1st_Muller_Tsitsipas,49.43333333333333,8.598933333333333,17.4,374.0007153346111,1.3592233009708738,103,64,54,106,160,13.045309481910412,63,22,50,56,5.98,10.52,18.62,10.89,10.86,43.13,TSITSIPAS
RG_2026_1st_Sinner_Tabur,128.8,22.42618333333333,17.41,1670.5881641332792,1.7962809917355371,359,164,250,355,605,11.545495337454105,371,113,234,227,12.04,15.09,14.2,14.51,18.64,25.52,SINNER
RG_2026_R64_Navone_Mensik,281.1166666666667,57.44063333333334,20.43,3468.1467799503625,1.7054319371727749,741,321,593,594,1187,15.619204684229246,407,431,503,499,4.25,7.88,19.13,13.7,16.21,38.84,NAVONE
RG_2026_R64_Fonseca_Prizmic,207.21666666666667,36.0619,17.4,2105.447275539881,1.5337198067632851,501,253,376,415,791,11.410924951116971,360,208,329,305,6.53,11.63,22.19,15.92,14.1,29.63,FONSECA
RG_2026_R64_Starodubtseva_Rybakina,148.65,27.603,18.57,1343.5550005607222,1.4425,357,187,295,191,486,9.914261869506728,237,145,164,221,7.2,10.17,28.26,24.78,19.01,10.58,RYBAKINA
RG_2026_1st_Erjavec_Rybakina,75.28333333333333,15.2011,20.19,900.041347613379,1.440909090909091,226,108,176,191,367,10.272603649192147,198,78,136,130,12.57,15.56,37.07,22.58,10.52,1.71,RYBAKINA
RG_2026_R64_Bejlek_Swiatek,92.76666666666667,20.174416666666666,21.75,1374.4914059186324,1.5601973684210526,310,109,263,231,494,13.141051538577816,181,139,185,208,8.82,13.81,29.23,28.21,15.14,4.78,SWIATEK
RG_2026_1st_Jones_Swiatek,60.666666666666664,12.523083333333334,20.64,710.3697021972237,1.4458791208791208,176,83,103,157,260,24.75399571320776,97,89,120,102,5.24,7.98,26.81,31.99,17.71,10.26,SWIATEK
RG_2026_1st_Mboko_Bartunkova,69.31666666666666,14.546683333333334,20.99,962.5415511331009,1.38714859437751,234,97,191,207,398,12.188777255010004,97,90,147,199,6.91,6.54,17.89,16.08,41.55,11.04,MBOKO
RG_2026_1st_Navarro_Tjen,103.25,24.44111666666667,23.67,1325.6674104657072,1.4092537313432836,339,136,294,173,467,9.121378040332202,151,178,217,208,5.96,11.58,22.19,26.65,23.87,9.75,NAVARRO
RG_2026_R64_Starodubtseva_Rybakina,148.65,27.603,18.57,1440.0571987755302,1.4941176470588236,323,187,191,295,486,17.96704994522748,162,116,213,198,3.85,6.61,15.98,10.43,14.25,48.88,STARODUBTSEVA
RG_2026_R64_Jovic_Navarro,78.5,15.654283333333332,19.94,1001.8630922013319,1.5330472103004291,218,101,172,169,341,11.851731292806456,169,106,154,160,9.8,14.11,26.66,29.57,13.37,6.48,JOVIC
RG_2026_R64_Jovic_Navarro,78.5,15.654283333333332,19.94,859.8141971891201,1.3351931330472104,248,101,169,172,341,7.803464498592391,84,137,141,130,4.74,12.38,23.83,28.11,19.41,11.52,NAVARRO
RG_2026_R64_Mboko_Siniakova,159.65,37.83325,23.7,1944.9303655591668,1.4032803180914513,492,218,374,402,776,9.337896370645796,215,202,310,393,5.67,10.48,19.88,13.8,37.13,13.05,MBOKO
RG_2026_R64_Arnaldi_Tsitsipas,197.65,36.69271666666667,18.56,2096.55668815484,1.6052462526766595,466,244,309,415,724,15.064915880585486,422,118,328,252,12.22,11.11,19.76,11.26,10.6,35.04,TSITSIPAS
RG_2026_R32_Fonseca_Djokovic,294.01666666666665,45.1083,15.34,3050.772862138678,1.635321100917431,648,329,473,577,1050,12.889018380372926,464,229,392,435,7.85,12.36,20.2,13.06,11.56,34.98,FONSECA
RG_2026_R32_de-Minaur_Mensik,145.63333333333333,32.69886666666667,22.45,1712.3782325847044,1.679032258064516,409,180,312,385,697,13.91324138797257,345,144,234,285,13.24,12.65,13.81,19.69,22.74,17.87,MENSIK
RG_2026_R32_Linette_Swiatek,85.43333333333334,14.848816666666666,17.38,1012.4248307312179,1.5647679324894517,232,109,144,214,358,9.320756799923087,145,114,150,141,4.1,11.73,26.56,34.79,17.93,4.89,SWIATEK
RG_2024_R16_Arnaldi_Tsitsipas,191.15,42.08865,22.02,3486.234127153734,1.8923413566739606,670,263,429,638,1067,13.66310533462157,584,245,490,446,14.01,8.51,18.78,12.83,18.81,27.06,TSITSIPAS
RG_2026_R16_Mensik_Rublev,224.93333333333334,47.799099999999996,21.25,2630.264381195647,1.6668345927791772,599,320,423,606,1029,10.499827515188697,506,209,350,428,8.52,18.07,17.57,14.24,19.84,21.75,MENSIK
RG_2026_R16_Kostyuk_Swiatek,99.26666666666667,18.767283333333335,18.91,1028.7141140973222,1.4329457364341085,250,136,138,202,340,11.196389238595946,152,95,158,135,10.35,11.68,25.76,25.47,21.61,5.13,SWIATEK
RG_2026_R32_Mboko_Keys,150.01666666666668,33.023266666666665,22.01,2012.8968520866315,1.4984909456740443,494,221,362,376,738,10.642526284498794,179,232,306,407,5.8,7.61,15.21,10.71,22.86,37.8,MBOKO
RG_2026_R16_Ruud_Fonseca,235.65,46.967999999999996,19.93,3070.7257298838185,1.7099236641221374,647,295,504,553,1057,12.22526205130991,413,256,420,456,7.65,10.14,17.45,12.82,10.87,41.07,FONSECA
RG_2026_1st_Siegemund_Osaka,115.68333333333334,18.095966666666666,15.64,1055.6518050155446,1.3459044368600683,292,149,239,190,429,9.502105475564772,153,99,150,187,8.32,19.15,23.79,40.71,7.11,0.91,OSAKA
RG_2026_R16_Sabalenka_Osaka,87.93333333333334,15.065633333333333,17.13,771.7119875016875,1.3873508353221955,220,129,195,112,307,10.107558759371118,158,78,122,109,6.53,25.19,25.74,19.08,20.41,3.05,OSAKA
RG_2026_R32_Jovic_Osaka,177.76666666666668,30.142216666666666,16.96,1617.6390191050305,1.352198421645998,453,222,322,317,639,9.61995474098994,260,125,262,264,7.44,18.65,20.43,27.64,24.19,1.64,OSAKA
RG_2026_R64_Vekic_Osaka,110.7,21.160649999999997,19.12,893.7388164147684,1.2183333333333333,270,154,180,177,357,9.648969383340043,142,85,143,147,6.54,19.23,25.0,28.87,18.67,1.69,OSAKA
RG_2026_R32_Jovic_Osaka,177.76666666666668,30.142216666666666,16.96,1767.5967225988709,1.5007891770011275,434,222,317,322,639,9.99635034586146,262,208,274,284,3.68,11.73,30.6,26.29,20.22,7.47,JOVIC
RG_2026_QF_Mensik_Fonseca,164.68333333333334,30.095166666666668,18.27,2265.467580511095,1.6834990059642145,511,228,453,402,855,11.77475315142475,338,224,304,314,7.45,13.76,21.77,14.15,9.45,33.42,FONSECA
RG_2026_QF_Mensik_Fonseca,164.68333333333334,30.095166666666668,18.27,2482.0660517633396,1.8422465208747514,495,228,402,453,855,13.025930577892415,464,192,315,368,15.75,13.15,15.94,13.51,19.71,21.94,MENSIK
Rome_2026_R64_Gauff_Valentova,93.83333333333333,19.795066666666667,21.1,1317.0917659368015,1.4085227272727272,359,132,269,221,490,14.415970707849612,183,158,185,210,6.51,14.19,20.42,22.81,28.08,7.99,GAUFF
Rome_2026_F_Gauff_Svitolina,168.76666666666668,43.139916666666664,25.56,3448.3409808261986,1.5083185840707964,840,242,520,748,1268,12.068947183897972,474,343,579,557,6.14,10.36,18.56,25.81,28.86,10.28,GAUFF
Rome_2026_R32_Gauff_Sierra,130.23333333333332,25.958000000000002,19.93,1912.472439061482,1.4741152679474216,482,186,228,440,668,10.93416417124502,287,209,299,307,4.48,10.05,15.7,23.56,34.65,11.56,GAUFF
Rome_2026_QF_Gauff_Andreeva,137.76666666666668,36.4679,26.47,2877.793343640445,1.6842020850040096,609,197,462,527,989,15.812390482198913,363,250,420,432,8.95,8.89,15.31,17.65,30.54,18.66,GAUFF
Rome_2026_SF_Cirstea_Gauff,84.05,16.29285,19.38,1242.1582992288807,1.510702875399361,303,104,187,280,467,9.537873542322904,166,120,201,195,5.88,8.78,13.61,23.08,37.32,11.33,GAUFF
RG_2026_R64_Gauff_Sherif,110.16666666666667,25.222916666666666,22.9,1969.2100270176163,1.5764982373678025,418,121,244,420,664,13.474674574832123,228,155,302,269,8.07,8.33,13.47,18.34,33.78,18.0,GAUFF
RG_2026_R32_Gauff_Potapova,157.68333333333334,40.1267,25.45,2332.4000620570823,1.4272179155900087,558,209,331,538,869,9.743795040854058,245,230,330,366,5.17,9.16,13.77,15.42,38.93,17.56,GAUFF
RG_2026_1st_Gauff_Townsend,80.96666666666667,15.96615,19.72,932.4876900305616,1.4317813765182186,246,111,186,198,384,10.326198934533108,116,103,152,123,2.56,15.74,18.69,14.44,30.98,17.6,GAUFF
RG_2026_SF_Mensik_Zverev,181.38333333333333,30.268216666666667,16.69,2165.7855279928535,1.8209890109890108,466,225,439,390,829,12.041184982160573,409,189,288,361,11.42,13.25,19.06,18.79,16.99,20.49,MENSIK
Hertogenbosch_2026_R32_Zhang_Brooksby,137.65,18.434765033333335,13.39,1901.6963295826322,1.6485683987274655,465,202,407,426,833,8.973096045181068,372,226,280,342,6.72,16.94,21.86,20.56,19.97,13.96,BROOKSBY
Hertogenbosch_2026_R32_Zhang_Brooksby,137.65,18.434765033333335,13.39,1877.5243809278033,1.6025450689289502,478,202,426,407,833,9.033373992141746,368,200,287,269,5.49,15.68,19.41,25.78,28.17,5.47,ZHANG
Hertogenbosch_2026_R32_Mccabe_Bergs,224.2,17.14415131666667,7.65,2162.302207449627,1.906695938529089,457,210,338,461,799,12.287625638762522,462,173,304,371,12.51,17.77,23.27,21.11,16.76,8.58,BERGS
Stuttgart_2026_R16_Bellucci_Hanfmann,148.9,15.347845,10.31,1855.5666268626574,1.815281173594132,405,199,389,335,724,14.606039665421015,405,197,302,250,6.64,19.02,21.04,17.53,19.89,15.88,BELLUCCI
Hertogenbosch_2026_R32_Navarro_McNally,275.78333333333336,16.316904233333336,5.92,1866.9944814160017,1.7734620024125454,420,188,360,351,711,10.559374328282487,378,181,265,312,11.43,15.15,24.38,22.45,17.29,9.3,NAVARRO
Halle_2026_Q_Bellucci_Bolt,173.58333333333334,19.630129133333334,11.31,2250.2995011576036,1.8052361396303902,470,199,430,464,894,10.81983669728628,417,272,390,316,6.28,14.13,18.34,19.49,24.57,17.18,BELLUCCI
Halle_2026_Q_Bellucci_Kukushkin,81.03333333333333,12.672407349999999,15.64,1410.5020170772616,1.747029702970297,298,114,217,280,497,10.119415633866565,271,150,238,186,8.35,12.38,18.11,24.79,27.71,8.67,BELLUCCI
Stuttgart_2026_QF_Bellucci_Fritz,145.78333333333333,17.42954628333333,11.96,2029.385814942892,1.7744211686879825,470,216,482,315,797,10.118293561021714,436,222,333,283,7.74,18.92,21.08,19.67,21.99,10.59,BELLUCCI
Halle_2026_Q_Collignon_Bautista-agut,70.81666666666666,11.560417383333334,16.32,1293.5295824667205,1.7485568760611208,307,114,239,223,462,12.035991947953743,241,124,179,214,8.34,14.4,20.53,26.54,21.65,8.53,COLLIGNON
Halle_2026_Q_Collignon_Dougaz,60.166666666666664,7.1214424166666666,11.84,787.6872620350697,1.6227040816326532,188,100,158,196,354,9.297209135946016,188,78,130,121,8.16,17.67,23.13,22.18,20.23,8.61,COLLIGNON
Austin_2026_F_Andreescu_Tararudee,153.58333333333334,24.1301907,15.71,2491.622181675993,1.672678088367899,543,202,406,465,871,10.025564034079892,443,260,362,387,11.38,16.4,26.95,20.64,15.55,9.08,ANDREESCU
Austin_2026_R16_Andreescu_Zarazua,106.78333333333333,17.6086213,16.49,1769.084062323363,1.6560945273631842,420,143,387,276,663,9.14024670535906,318,147,258,275,13.48,15.55,34.66,24.37,8.91,3.02,ANDREESCU
Austin_2026_R32_Sierra_Andreescu,116.68333333333334,15.031415966666666,12.88,1359.0464730965487,1.4326848249027235,385,168,322,281,603,6.888094172615222,209,198,223,229,6.33,15.34,32.51,24.94,16.14,4.75,ANDREESCU
Austin_2026_QF_Andreescu_Jones,123.71666666666667,23.306451916666667,18.84,2354.6959089399184,1.6473076923076924,514,173,390,430,820,10.440203133355054,315,281,362,346,6.63,12.89,27.33,24.18,18.44,10.53,ANDREESCU
Austin_2026_SF_Badosa_Andreescu,125.76666666666667,17.202358133333334,13.68,1653.0784619564736,1.5278042959427207,415,177,352,276,628,7.8874860585486415,225,197,274,272,5.4,12.0,24.35,18.6,25.4,14.25,ANDREESCU
Rome_2026_F_Gauff_Svitolina,168.76666666666668,43.139916666666664,25.56,3490.7343448307834,1.5112094395280236,855,242,748,520,1268,11.02186780809054,341,407,520,579,7.37,10.67,16.89,22.18,30.82,12.07,SVITOLINA
Rome_2026_QF_Svitolina_Rybakina,143.46666666666667,27.6571,19.28,2136.1349104899605,1.6029721955896454,521,208,399,379,778,10.981717479581494,159,268,330,318,2.29,10.25,16.65,19.96,34.72,16.12,SVITOLINA
Rome_2026_SF_Swiatek_Svitolina,134.15,28.5862,21.31,2005.371227775412,1.5665289256198347,489,172,437,279,716,10.468630926010556,156,286,317,296,4.12,12.38,17.78,23.35,27.39,14.98,SVITOLINA
Halle_2026_R32_Bellucci_Bublik,74.08333333333333,9.0276291,12.19,1081.6192065091466,1.822269807280514,238,117,265,159,424,15.049314699212667,240,102,160,170,10.26,19.32,24.28,19.64,16.12,10.37,BELLUCCI
Halle_2026_R32_Etcheverry_Medvedev,87.66666666666667,14.7754794,16.85,1557.4160898472176,1.7476608187134504,339,120,313,290,603,9.122089956703444,223,122,241,254,6.34,12.89,9.74,20.33,36.28,14.42,ETCHEVERRY
Halle_2026_R32_Fonseca_Hanfmann,69.11666666666666,7.613143933333333,11.01,831.7708704927228,1.6508393285371703,213,101,223,143,366,10.660912410401044,165,103,125,128,4.13,19.41,22.47,16.36,16.08,21.56,FONSECA
Halle_2026_R32_Marozsan_Kecmanovic,119.86666666666666,16.972434483333334,14.16,1744.6781656115495,1.5838523644752018,437,188,358,407,765,9.468442957776984,379,162,250,327,9.04,16.76,18.13,21.31,28.69,6.07,MAROZSAN
Halle_2026_R32_Marozsan_Kecmanovic,119.86666666666666,16.972434483333334,14.16,1746.2149564699382,1.5846597462514418,430,188,407,358,765,13.919098717623688,298,203,274,290,5.74,15.2,25.43,27.52,22.12,3.98,KECMANOVIC
Halle_2026_R32_Popyrin_Collignon,64.83333333333333,6.954212966666666,10.73,793.0746852864341,1.7276881720430108,185,96,188,141,329,8.284878455650382,203,80,100,123,10.63,24.17,27.63,18.44,14.04,5.09,COLLIGNON
Queens_2026_R32_Brooksby_Damm,109.53333333333333,15.371016666666666,14.03,1287.5974997138853,1.6599659284497443,286,161,285,253,538,12.177105765666678,272,152,180,197,9.21,21.17,19.59,18.85,20.53,10.64,BROOKSBY
Queens_2026_R32_Mensik_Mannarino,161.83333333333334,27.301066666666667,16.87,2199.6823123784884,1.6105620155038758,516,215,348,536,884,10.066144669785364,404,245,359,375,6.84,16.46,17.64,23.83,27.13,8.1,MENSIK
Queens_2026_R32_Nakashima_Fucsovics,71.03333333333333,13.990566666666666,19.7,983.0447288295122,1.4869120654396728,235,102,225,156,381,7.521638551362203,188,106,157,166,6.41,13.23,22.72,24.5,27.98,5.15,NAKASHIMA
Queens_2026_R32_Rinderknech_Medjedovic,102.9,15.241033333333332,14.81,924.4190054196929,1.3976424361493123,253,150,249,210,459,10.857347738364211,217,82,152,124,8.61,26.71,16.52,11.23,22.24,14.68,MEDJEDOVIC
Nottingham_2026_R16_Starodubtseva_Navarro,179.8,33.918533333333336,18.86,2313.116284039889,1.4176998368678628,608,223,425,431,856,10.71606932325384,257,340,357,365,7.66,13.97,23.67,30.18,18.16,6.36,NAVARRO
Nottingham_2026_R32_Bondar_Navarro,136.85,25.074749999999998,18.32,1647.3609613097437,1.3572228443449048,435,187,253,401,654,11.197101244203608,189,213,277,253,5.42,10.62,21.95,28.66,23.8,9.54,NAVARRO
Nottingham_2026_R16_Starodubtseva_Navarro,179.8,33.918533333333336,18.86,2431.3973301336223,1.5101957585644372,618,223,431,425,856,9.174000203108555,322,253,419,367,5.31,11.06,20.3,26.66,25.08,11.59,STARODUBTSEVA
Nottingham_2026_R32_Bondar_Navarro,136.85,25.074749999999998,18.32,1782.8634957241231,1.5258678611422172,458,187,401,253,654,8.854134040491273,264,225,271,328,7.76,10.54,27.94,25.89,20.92,6.95,BONDAR
Halle_2026_R16_Hurkacz_Altmaier,121.51666666666667,13.235492683333332,10.89,1655.519767542515,1.9198813056379822,345,175,374,260,634,11.572633716929486,349,191,207,245,14.47,18.09,20.32,13.3,15.08,18.75,ALTMAIER
Halle_2026_R32_Bergs_Fritz,133.28333333333333,13.56652715,10.18,1591.2967675578514,1.7277922077922079,398,206,395,280,675,10.263393807427208,401,157,229,339,9.79,19.38,24.47,18.35,20.83,7.19,BERGS
Queens_2026_R16_Brooksby_Cerundolo,84.61666666666666,18.02446666666667,21.3,1283.449108045258,1.6545138888888888,296,117,366,156,522,13.100640477002898,238,160,161,233,7.53,18.79,22.79,21.19,18.07,11.64,BROOKSBY
Queens_2026_R16_Nakashima_Buse,76.75,14.219766666666667,18.53,1137.0922635967506,1.5244859813084113,256,103,198,297,495,9.39245640770295,198,128,167,168,7.92,14.33,20.83,20.7,29.37,6.85,NAKASHIMA
Halle_2026_R16_Collignon_Bellucci,114.86666666666666,13.548643566666668,11.8,1611.3601014427975,1.78079561042524,363,167,346,313,659,12.238720444992698,363,174,221,236,9.8,18.91,24.58,19.13,20.78,6.81,COLLIGNON
Halle_2026_R16_Collignon_Bellucci,114.86666666666666,13.548643566666668,11.8,1546.3255395199233,1.6868312757201647,366,167,313,346,659,12.73769391278197,350,166,269,207,5.92,15.81,22.11,17.52,19.22,19.43,BELLUCCI
Halle_2026_R16_Marozsan_Fritz,66.53333333333333,7.987193700000001,12.0,802.6005339174358,1.5247619047619048,216,109,247,115,362,9.48811903167037,187,99,105,161,7.39,20.15,23.56,12.83,21.4,14.68,MAROZSAN
Eastbourne_2026_R32_Bergs_Munar,80.23333333333333,13.328966666666668,16.61,1140.6220333196813,1.662007874015748,254,122,213,263,476,14.488661465883167,256,111,151,225,11.2,17.55,22.06,25.3,18.49,5.38,BERGS
Eastbourne_2026_R32_Altmaier_Kovacevic,99.6,14.147283333333332,14.2,1124.7110213305405,1.7571138211382114,236,137,192,232,424,9.71906895690593,245,132,149,184,9.11,16.67,19.65,16.26,21.37,16.94,ALTMAIER
Eastbourne_2026_R32_Brooksby_Vukic,84.25,17.41695,20.67,1405.2611548458628,1.7800918836140889,323,118,309,290,599,13.560810814071592,243,173,218,245,7.02,17.75,24.48,30.02,16.71,4.02,BROOKSBY
Eastbourne_2026_R32_Humbert_Bellucci,161.3,25.9108,16.06,2008.6161481834417,1.7075304540420821,445,215,353,481,834,9.73688781201188,434,220,386,259,4.72,16.42,17.55,20.62,24.33,16.36,BELLUCCI
Mallorca_2026_R16_Marozsan_Tabilo,79.35,10.243584783333334,12.91,1056.071953522258,1.5651205936920223,263,119,198,271,469,9.620440449725034,220,85,159,194,7.68,14.55,13.64,14.8,30.98,18.36,MAROZSAN
Mallorca_2026_R16_Sonego_Kecmanovic,126.38333333333334,13.69006605,10.83,1372.3613723036165,1.5183216783216782,349,182,349,220,569,9.504293875513056,331,146,205,233,8.05,20.31,31.02,23.7,15.82,1.09,KECMANOVIC
Mallorca_2026_R32_Tsitsipas_Buse,111.38333333333334,11.017537116666666,9.89,1215.084253837752,1.6929475587703438,279,146,188,289,477,11.312201833961938,225,114,182,144,8.8,10.18,20.95,13.22,21.92,24.92,TSITSIPAS
Nottingham_2026_F_Bouzkova_Navarro,177.4,30.63845,17.27,2328.5459098625197,1.4929777777777777,572,204,423,481,904,10.712520429149068,289,268,372,353,8.88,15.54,25.74,30.65,14.38,4.8,NAVARRO
Nottingham_2026_QF_Bouzas-Maneiro_Navarro,101.18333333333334,18.1493,17.94,1124.5766389927446,1.3712749615975424,320,148,211,235,446,9.74169832825102,101,166,181,181,3.82,12.19,23.33,30.22,21.05,9.4,NAVARRO
Nottingham_2026_SF_Navarro_Golubic,128.0,29.343,22.92,2102.8405519269527,1.373499538319483,529,158,358,435,793,10.303414367786926,242,263,337,355,5.64,10.94,21.44,36.66,20.48,4.84,NAVARRO
Eastbourne_2026_R16_Diallo_Etcheverry,157.78333333333333,18.183600000000002,11.52,1363.3592188836237,1.472191011235955,361,191,345,283,628,11.070675945782854,252,154,230,200,4.37,24.03,16.64,13.59,24.61,16.76,ETCHEVERRY
Bad_Homburg_2026_R16_Osaka_Mertens,67.0,7.009895183333333,10.46,663.8587604473192,1.4058201058201059,187,97,134,137,271,10.195774468605444,145,46,101,104,6.7,17.43,20.4,37.07,17.34,1.06,OSAKA
Bad_Homburg_2026_R32_Osaka_Frech,157.78333333333333,10.653707133333334,6.75,1010.2590839557679,1.4448473282442749,262,117,199,233,432,8.591913082653008,185,95,146,183,6.88,13.17,26.85,37.45,12.66,2.98,OSAKA
Bad_Homburg_2026_R16_Swiatek_Navarro,125.1,11.5872461,9.26,1006.1401701049972,1.2890822784810128,316,165,239,201,440,7.532053657730945,105,175,182,155,2.6,15.29,32.61,19.36,23.01,7.13,NAVARRO
Bad_Homburg_2026_R32_Lys_Navarro,99.56666666666666,11.698709166666667,11.75,1037.2305355160804,1.390033222591362,295,143,185,258,443,8.120941876288207,126,154,191,170,2.85,11.92,25.88,29.73,20.71,8.91,NAVARRO
Bad_Homburg_2026_R16_Swiatek_Navarro,125.1,11.5872461,9.26,1055.6771476794804,1.3253164556962025,316,165,201,239,440,8.951337869499516,192,112,175,199,2.77,10.32,30.42,28.21,25.62,2.66,SWIATEK
Eastbourne_2026_QF_Choinski_Bergs,75.98333333333333,12.42995,16.36,997.976890004116,1.6695464362850971,227,118,153,249,402,8.641256427273865,221,98,138,192,7.39,18.43,19.7,25.32,24.38,4.79,BERGS
Mallorca_2026_QF_Kecmanovic_Marozsan,76.61666666666666,9.59388225,12.52,1030.8479194640345,1.6541666666666668,253,116,209,237,446,9.339607120955293,243,91,148,196,8.65,16.19,20.55,17.98,24.62,12.0,MAROZSAN
Mallorca_2026_R32_Marozsan_Molcan,145.26666666666668,19.733035266666665,13.58,2096.961387433014,1.6417004048582995,510,219,463,418,881,13.88886706546078,473,190,307,339,11.97,17.64,19.11,21.97,21.27,8.04,MAROZSAN
Mallorca_2026_R32_Kecmanovic_Ghibaudo,139.31666666666666,19.763831166666666,14.19,1862.1501066674323,1.4608519269776876,476,196,394,388,782,10.060524235764316,359,220,300,305,4.62,15.24,21.25,22.31,25.39,11.19,KECMANOVIC
Mallorca_2026_QF_Kecmanovic_Marozsan,76.61666666666666,9.59388225,12.52,921.8954021836382,1.4817460317460316,251,116,237,209,446,8.876874272169209,201,112,144,149,5.43,16.02,22.93,20.5,21.71,13.4,KECMANOVIC
Eastbourne_2026_SF_Bergs_Samuel,126.46666666666667,21.4841,16.99,1810.98186220403,1.670012239902081,419,185,334,413,747,13.984039842271477,390,173,266,324,9.58,17.72,22.59,25.94,19.17,5.0,BERGS
Mallorca_2026_SF_Marozsan_Davidovich-fokina,120.48333333333333,13.365146116666667,11.09,1417.2603990602454,1.6208157524613223,359,172,342,281,623,10.548886171340731,316,156,195,250,6.29,18.92,20.79,18.71,23.48,11.81,MAROZSAN
Eastbourne_2026_F_Bergs_Humbert,1335.2333333333333,20.570116666666664,1.54,1566.691153630726,1.6178571428571427,374,169,336,343,679,8.1390773419094,317,160,255,318,6.38,18.71,21.54,26.85,20.02,6.5,BERGS
Wimbledon_2026_1st_Bautista-Agut_Fonseca,146.18333333333334,27.976233333333333,19.14,2384.200873052566,1.712112676056338,540,213,445,400,845,12.035992630007415,442,221,360,351,7.73,12.93,17.19,18.17,24.26,19.72,FONSECA
Wimbledon_2026_1st_Sinner_Kecmanovic,209.35,35.258649999999996,16.84,2781.213708922564,1.6523121387283237,711,283,447,692,1139,9.39815619675182,605,276,419,404,6.98,13.55,16.72,25.39,23.63,13.74,SINNER
Wimbledon_2026_1st_Sinner_Kecmanovic,209.35,35.258649999999996,16.84,2576.1525700324996,1.538150289017341,673,283,692,447,1139,9.61724936498168,481,324,398,434,5.25,14.78,24.45,24.92,25.4,5.2,KECMANOVIC
Wimbledon_2026_1st_Vukic_Brooksby,113.23333333333333,20.423099999999998,18.04,1738.5304954567735,1.6674251497005987,401,156,291,450,741,8.762319052767628,322,181,265,311,4.4,13.16,27.7,32.42,18.77,3.54,BROOKSBY
Wimbledon_2026_1st_Gaston_Tsitsipas,89.91666666666667,20.462516666666666,22.76,1641.9707580802162,1.7665248226950356,338,151,205,365,570,9.860393141783526,317,124,247,214,10.22,10.99,20.5,21.17,26.37,10.74,TSITSIPAS
Wimbledon_2026_1st_Collignon_Fils,96.63333333333334,16.903483333333334,17.49,1481.2263120072553,1.6430344827586207,359,162,285,375,660,12.190311856549052,329,144,225,258,8.81,13.61,20.48,23.01,26.04,8.05,FILS
Wimbledon_2026_1st_Mensik_Samuel,213.0,48.58383333333334,22.81,3354.1486344438417,1.6107251675807432,831,314,673,799,1472,11.792257734001405,722,315,476,604,9.27,12.45,16.15,22.9,24.53,14.7,MENSIK
Wimbledon_2026_R64_Brooksby_Buse,95.08333333333333,17.506733333333333,18.41,1534.1580404115628,1.7168794326241137,350,140,321,316,637,10.648629804898786,318,157,209,271,10.27,17.42,27.82,26.17,15.14,3.17,BROOKSBY
Wimbledon_2026_R64_De-Jong_Fonseca,140.8,23.930316666666666,17.0,1881.8058447490125,1.656013363028953,435,193,363,453,816,11.94100569110292,403,179,265,310,8.23,15.38,22.09,21.69,20.12,12.5,FONSECA
Wimbledon_2026_R64_Sinner_Borges,151.46666666666667,26.52603333333333,17.51,2291.8484060293918,1.7821637426900585,516,220,375,516,891,13.98781579783346,474,223,297,358,9.82,13.56,17.43,22.47,22.93,13.79,SINNER
Wimbledon_2026_R64_Tsitsipas_Djokovic,98.1,17.70263333333333,18.05,1200.0869558746745,1.6118466898954704,298,141,199,227,426,11.126790450787109,204,112,160,166,5.9,7.93,22.11,20.8,24.96,18.3,TSITSIPAS
Wimbledon_2026_R64_Berrettini_Fils,171.18333333333334,25.713666666666665,15.02,2147.0252286946975,1.6851190476190476,503,240,469,375,844,11.888211703056614,434,227,311,337,7.28,13.96,22.46,20.52,23.03,12.75,FILS
Wimbledon_2026_R64_Mensik_Dimitrov,205.43333333333334,33.40865,16.26,2797.234340303021,1.7332052267486548,652,297,527,530,1057,11.745283474927,629,269,375,542,8.32,13.15,16.43,19.33,24.21,18.56,MENSIK
Wimbledon_2026_1st_Navarro_Badosa,140.71666666666667,21.878516666666666,15.55,1578.666805472071,1.289237199582027,469,210,329,274,603,9.413305458544457,185,217,260,259,5.18,15.87,25.67,20.18,27.44,5.67,NAVARRO
Wimbledon_2026_R64_Navarro_Selekhmeteva,110.73333333333333,21.929183333333334,19.8,1428.8153479082393,1.322336328626444,388,167,296,241,537,8.095007906623284,149,185,213,232,6.57,13.38,24.77,32.64,18.11,4.53,NAVARRO
Wimbledon_2026_R64_Pliskova_Swiatek,68.91666666666667,14.268566666666667,20.7,1042.3779909642658,1.5521653543307086,250,98,196,233,429,9.587214054091836,162,116,152,187,6.44,11.13,25.05,24.55,27.62,5.21,SWIATEK
Wimbledon_2026_1st_Townsend_Swiatek,121.48333333333333,18.80975,15.48,1506.36083381429,1.6181311018131102,358,161,268,364,632,13.028346472679331,268,134,223,249,7.05,15.01,26.25,26.22,21.43,4.03,SWIATEK
Wimbledon_2026_R32_Safiullin_Fonseca,128.66666666666666,21.750183333333332,16.9,1889.7915711269823,1.715968289920725,445,186,389,377,766,14.895265514776533,366,175,254,289,8.58,15.87,17.55,16.03,21.97,20.0,FONSECA
Wimbledon_2026_R32_Sinner_Brooksby,133.3,23.538933333333333,17.66,1827.865556747222,1.653697383390216,444,171,485,293,778,11.40397638232743,360,217,241,322,10.09,16.8,25.2,24.29,17.81,5.8,BROOKSBY
Wimbledon_2026_R32_Sinner_Brooksby,133.3,23.538933333333333,17.66,1987.4272591440242,1.7956769055745165,435,171,293,485,778,11.433541667242874,407,160,286,280,8.48,12.47,17.61,27.54,21.35,12.55,SINNER
Wimbledon_2026_R32_Eala_Swiatek,134.23333333333332,24.28015,18.09,1844.341423098923,1.637785388127854,429,170,258,409,667,9.229557854461769,332,189,284,275,8.06,14.52,25.46,32.72,15.82,3.43,SWIATEK
Wimbledon_2026_R32_Navarro_Kostyuk,103.83333333333333,17.75818333333333,17.1,1316.7191773983632,1.4021534320323015,368,161,247,244,491,9.667322806711583,139,186,212,226,6.0,13.0,26.32,29.52,18.34,6.83,NAVARRO
Wimbledon_2026_R16_Sinner_Mochizuki,156.31666666666666,27.820716666666666,17.8,2199.1509937166725,1.7608652900688297,489,199,354,540,894,14.84778065581527,470,197,319,338,9.81,13.08,18.9,28.75,20.53,8.94,SINNER
Wimbledon_2026_F_Sinner_Zverev,226.05,29.575983333333333,13.08,2540.2044752898278,1.6966832504145937,607,275,552,521,1073,11.662117006569334,576,253,362,380,9.07,16.15,16.2,15.42,16.92,26.24,SINNER
Wimbledon_2026_SF_Sinner_Djokovic,139.68333333333334,24.94745,17.86,1858.6094383995166,1.7217136150234742,416,184,308,428,736,10.887743660205633,386,169,246,278,8.61,13.3,15.99,21.46,23.28,17.36,SINNER
Brisbane_2025_R16_Nishioka_Lehecka,139.11666666666667,19.841976483333333,14.26,2204.8545602566633,1.7545273631840796,506,187,220,507,727,12.398038240472149,351,159,352,300,9.81,8.17,20.2,18.51,23.95,19.35,LEHECKA
Brisbane_2025_QF_Jarry_Lehecka,89.05,9.017843966666668,10.13,991.5621206339277,1.6584313725490196,256,127,154,235,389,11.971381131626302,171,108,152,138,4.52,12.19,25.68,14.11,15.75,27.75,LEHECKA
Brisbane_2025_F_Opelka_Lehecka,12.416666666666666,1.7945228333333332,14.45,207.69277286869013,1.768421052631579,51,24,33,35,68,6.964878061224416,30,20,23,30,6.04,11.64,25.68,13.03,14.66,28.95,LEHECKA
Brisbane_2025_R32_Lehecka_Rune,407.75,10.056733116666667,2.47,1101.224416699741,1.6210247349823321,287,130,189,246,435,8.465012354544351,203,95,181,153,6.8,13.92,21.42,13.54,21.12,23.2,LEHECKA
Brisbane_2025_SF_Lehecka_Dimitrov,82.66666666666667,8.32086885,10.07,957.1879549516444,1.755531453362256,237,101,164,144,308,12.223733177191775,151,85,148,142,3.92,10.49,22.98,14.1,23.85,24.66,LEHECKA
Rome_2025_1st_Lehecka_Muller,214.38333333333333,29.504900000000003,13.76,2571.878954583817,1.6709621993127148,598,201,354,613,967,10.63604940513824,406,181,408,378,9.06,15.21,17.12,20.11,24.44,14.06,LEHECKA
Madrid_2026_R32_Lehecka_Michelsen,85.3,14.990266666666667,17.57,1139.6196561463446,1.5235188509874327,272,117,158,276,434,9.475116136853558,229,108,184,159,9.71,12.63,13.55,13.08,22.52,28.5,LEHECKA
Madrid_2026_R64_Lehecka_Tabilo,129.43333333333334,26.259283333333332,20.29,1629.0239799872645,1.5293367346938775,393,186,236,352,588,10.503783502437264,291,137,244,239,7.42,16.47,18.04,12.36,17.39,28.32,LEHECKA
Madrid_2026_R16_Lehecka_Musetti,74.28333333333333,14.536249999999999,19.57,1264.6667745150746,1.7206627680311892,255,105,177,243,420,10.863913980977054,210,96,197,151,14.44,15.47,16.2,14.4,11.46,28.02,LEHECKA
Madrid_2026_QF_Fils_Lehecka,74.03333333333333,14.784466666666667,19.97,1176.9850397553942,1.5833631484794275,280,105,199,248,447,13.71712632387509,203,113,193,183,6.98,11.82,14.12,14.0,21.44,31.65,LEHECKA
Washington_2025_R16_de-Minaur_Lehecka,164.85,30.32881666666667,18.4,1806.5380806908129,1.4621181262729124,505,218,362,386,748,8.392618434651943,347,158,277,250,9.25,19.59,21.29,16.65,24.04,9.18,LEHECKA
Washington_2025_R32_Svajda_Lehecka,124.43333333333334,24.12595,19.39,1647.5354968656868,1.483313885647608,425,178,274,351,625,10.53100553204978,290,152,259,254,8.69,17.44,21.12,20.06,26.09,6.61,LEHECKA
Dubai_2026_R16_Carreno-Busta_Lehecka,111.36666666666666,23.867633333333334,21.43,1665.1418278109995,1.6177358490566036,413,152,349,286,635,11.52477017038514,268,172,250,262,8.4,16.56,19.11,26.6,23.32,6.0,LEHECKA
Dubai_2026_R32_Nardi_Lehecka,122.33333333333333,22.477666666666668,18.37,1791.6713547457207,1.6655797101449274,419,170,325,324,649,11.404681580512966,281,209,268,234,9.68,17.47,20.41,19.61,21.6,11.22,LEHECKA
Dubai_2026_QF_Auger-Aliassime_Lehecka,112.51666666666667,19.69695,17.51,1359.7948560476088,1.5777448071216618,352,159,311,220,531,8.44844209072108,232,164,190,180,7.84,21.92,24.77,16.52,19.28,9.67,LEHECKA
Queens_2025_R32_de-Minaur_Lehecka,75.83333333333333,12.827683333333333,16.92,1020.5523686777112,1.5728880157170924,241,110,174,245,419,10.489201933302216,191,103,156,156,6.37,13.28,16.34,25.51,30.26,8.24,LEHECKA
Queens_2025_R16_Lehecka_Diallo,64.03333333333333,8.632283333333334,13.48,643.1490705182872,1.4754335260115607,170,95,128,160,288,11.271019552799483,137,64,102,96,5.7,17.45,15.68,15.45,22.88,22.85,LEHECKA
Queens_2025_QF_Lehecka_Fearnley,77.21666666666667,12.36205,16.01,920.940806640691,1.4609053497942386,244,112,160,164,324,10.388051560132253,158,94,136,145,5.39,16.58,17.26,16.98,26.02,17.78,LEHECKA
Queens_2025_F_Alcaraz_Lehecka,127.61666666666666,22.56065,17.68,1374.9418234944624,1.5524355300859598,364,183,292,241,533,13.02001576800332,283,139,209,163,12.62,23.55,25.07,19.08,17.36,2.32,LEHECKA
Queens_2025_SF_Lehecka_Draper,127.28333333333333,17.598766666666666,13.83,1324.5310583278394,1.4955489614243322,342,183,245,291,536,8.946705982099157,268,125,184,169,11.22,21.79,19.84,15.65,18.5,13.0,LEHECKA
Indian_Wells_2026_R64_Baez_Lehecka,70.93333333333334,14.2317,20.06,1182.0584812972638,1.56340206185567,295,100,246,236,482,9.73750162871961,198,140,185,168,6.88,16.91,23.38,29.29,16.95,6.59,LEHECKA
Doha_2026_R32_Lehecka_Brooksby,82.35,13.896933333333333,16.88,1295.6125196271953,1.7370826010544815,279,122,211,269,480,10.93093683758268,216,133,185,186,10.88,18.73,23.09,24.15,18.08,5.06,LEHECKA
Doha_2026_R16_Lehecka_Bergs,69.51666666666667,9.106016666666667,13.1,682.8221931485118,1.5927953890489914,179,84,118,157,275,7.511684099516881,124,71,103,85,6.67,18.08,25.8,18.88,20.88,9.69,LEHECKA
Doha_2026_QF_Lehecka_Fils,89.61666666666666,17.900633333333335,19.97,1430.5477778483362,1.634153400868307,348,136,261,281,542,9.137934001088023,229,157,226,204,8.2,16.28,21.15,23.57,21.76,9.04,LEHECKA
Miami_2025_R64_Monfils_Lehecka,126.4,28.24755,22.35,1958.0542392086832,1.600109170305677,470,186,363,339,702,13.441641483933171,361,155,254,281,12.45,14.64,18.39,17.01,19.33,18.19,LEHECKA
Stuttgart_2025_R32_Bonzi_Lehecka,75.18333333333334,8.713710566666666,11.59,924.8633459064783,1.5785567010309278,246,125,151,248,399,9.074887520035746,186,74,131,143,9.14,15.06,18.53,20.02,26.71,10.54,LEHECKA
Stuttgart_2025_R16_Struff_Lehecka,86.23333333333333,8.463380083333332,9.81,865.8300728123892,1.5119284294234592,249,140,159,242,401,11.19967018733072,218,61,125,131,8.78,17.85,20.37,16.8,20.75,15.45,LEHECKA
Stuttgart_2025_QF_Shelton_Lehecka,60.18333333333333,4.2612398,7.08,387.1260818768907,1.2858921161825725,119,92,82,106,188,6.749903674298899,87,23,65,46,7.49,19.94,24.1,9.22,11.78,27.47,LEHECKA
Monte_Carlo_2026_R16_Lehecka_Bublik,75.01666666666667,14.070016666666668,18.76,1132.9418260711216,1.7420833333333334,248,116,232,167,399,11.370618884915796,196,77,174,137,13.93,16.59,15.83,12.81,19.92,20.91,LEHECKA
Monte_Carlo_2026_R64_Lehecka_Nava,181.95,37.41206666666667,20.56,2635.967800739958,1.6967878275570583,582,257,453,462,915,13.182068526129736,434,270,399,354,11.38,17.28,17.96,13.69,18.51,21.17,LEHECKA
Monte_Carlo_2026_R32_Lehecka_Tabilo,159.46666666666667,33.857166666666664,21.23,2497.5475093791392,1.6385152838427948,572,214,343,565,908,9.771076616508186,405,217,376,352,8.5,13.78,16.82,18.79,22.9,19.22,LEHECKA
Rogers_cup_2025_R16_Lehecka_Fritz,176.11666666666667,35.81598333333333,20.34,2338.66582124002,1.51109243697479,590,257,395,479,874,10.666181256958582,370,272,352,357,6.59,13.99,20.8,15.37,24.31,18.94,LEHECKA
Rogers_cup_2025_R32_Fils_Lehecka,112.11666666666666,19.63726666666667,17.52,1376.4674551604844,1.5059071729957807,372,163,231,312,543,8.82790262007137,241,155,212,201,6.42,15.03,22.37,18.78,21.42,15.97,LEHECKA
Rogers_cup_2025_R64_McDonald_Lehecka,91.05,15.751216666666666,17.3,1197.842856971699,1.6,298,137,202,254,456,9.841289300181948,208,109,184,182,9.22,16.81,18.99,18.62,24.07,12.29,LEHECKA
Basel_2025_R32_van-de-Zandschulp_Lehecka,83.08333333333333,14.036766666666667,16.89,1082.6928372913435,1.5752851711026616,263,119,204,215,419,12.899093649664382,156,117,150,157,6.99,15.35,24.56,19.9,19.75,13.45,LEHECKA
Brisbane_2026_R16_Lehecka_Korda,43.36666666666667,4.153186316666667,9.58,385.3617295678347,1.4085714285714286,129,69,93,84,177,8.05846594059378,91,37,62,50,10.43,21.27,34.22,13.39,13.86,6.82,LEHECKA
Brisbane_2026_R32_Lehecka_Machac,144.28333333333333,15.698301366666668,10.88,1888.0337040292516,1.844393063583815,418,193,281,420,701,12.355375406583743,303,205,260,281,6.85,14.69,19.6,14.56,24.14,20.15,LEHECKA
Madrid_2025_R64_Lehecka_Norrie,95.43333333333334,20.35408333333333,21.33,1382.0873599094737,1.5654761904761905,344,139,225,311,536,9.896014851709785,242,137,198,202,6.58,15.92,15.74,17.9,23.18,20.7,LEHECKA
Cincinnati_2025_R32_Lehecka_Walton,114.48333333333333,21.345516666666665,18.65,1416.9740888133356,1.4936708860759493,362,150,203,366,569,8.816576255652972,247,145,216,200,5.39,13.93,22.51,22.91,23.25,12.0,LEHECKA
Cincinnati_2025_R16_Shelton_Lehecka,80.8,12.730833333333333,15.76,910.6155470301628,1.441036717062635,241,114,196,138,334,13.85745980565711,157,80,137,93,11.13,13.96,22.92,13.55,12.58,25.87,LEHECKA
Cincinnati_2025_R64_Lehecka_Boyer,112.68333333333334,16.525816666666667,14.67,1099.3407284593998,1.428130360205832,288,148,163,271,434,10.405018783046254,182,120,177,169,5.83,17.06,19.96,15.62,25.94,15.58,LEHECKA
Rome_2026_R32_Ruud_Lehecka,79.4,14.984216666666667,18.87,1121.3610533429548,1.6765060240963856,249,109,196,213,409,7.700941099673829,183,101,178,140,8.81,15.73,16.85,11.81,16.53,30.28,LEHECKA
Rome_2026_R64_Struff_Lehecka,184.68333333333334,15.577583333333333,8.43,1167.8805816667634,1.5596460176991152,286,123,187,255,442,9.11068088933322,194,118,175,173,7.49,13.99,18.42,13.84,22.29,23.97,LEHECKA
Dubai_2025_R32_Lehecka_Humbert,67.9,13.742883333333333,20.24,1060.6503435592751,1.6293877551020408,242,103,196,202,398,10.814426865172836,148,136,181,124,5.76,18.46,19.76,17.4,21.4,17.21,LEHECKA
Queens_2026_R16_Hijikata_Lehecka,224.1,30.567966666666667,13.64,2225.6649912748576,1.6183460076045628,525,217,391,493,884,11.03441211095665,402,225,340,316,8.87,18.84,23.83,25.5,18.29,4.65,LEHECKA
Queens_2026_R32_Majchrzak_Lehecka,111.81666666666666,20.783549999999998,18.59,1594.714704504456,1.5032098765432098,394,165,173,397,570,9.928694595110162,246,163,266,252,6.84,14.61,19.13,26.6,27.29,5.54,LEHECKA
Shanghai_2025_R64_Halys_Lehecka,84.96666666666667,15.378983333333334,18.1,1063.0993282763452,1.7045652173913044,223,118,159,211,370,13.866400233228095,168,83,148,149,13.13,17.7,19.21,10.87,20.74,18.34,LEHECKA
Shanghai_2025_R16_Rinderknech_Lehecka,90.66666666666667,17.0736,18.83,1074.7090123351072,1.5649621212121212,272,121,220,207,427,9.692327766982208,187,95,175,151,7.47,15.47,22.97,16.04,16.28,21.77,LEHECKA
Shanghai_2025_R32_Shapovalov_Lehecka,93.53333333333333,20.07555,21.46,1247.1988136486082,1.6837251356238698,269,130,177,242,419,10.915688525781468,212,98,191,142,11.54,14.83,20.01,16.21,18.78,18.63,LEHECKA
Doha_2025_R16_Marozsan_Lehecka,63.63333333333333,10.292883333333332,16.18,790.2034253527369,1.5896103896103897,186,104,107,169,276,10.387651135490245,123,84,93,124,6.5,17.51,20.7,12.26,19.61,23.42,LEHECKA
Doha_2025_R32_Lehecka_Dimitrov,75.31666666666666,12.757399999999999,16.94,983.3591188033712,1.706222222222222,218,109,157,163,320,12.871758880891832,178,99,146,121,9.28,19.95,21.86,12.43,17.04,19.43,LEHECKA
Doha_2025_SF_Lehecka_Draper,141.55,29.401799999999998,20.77,2196.2503799565466,1.6759519038076152,525,203,501,289,790,9.81934573717234,322,222,320,268,11.49,17.05,23.18,18.07,13.8,16.41,LEHECKA
Doha_2025_QF_Alcaraz_Lehecka,128.48333333333332,22.6982,17.67,1826.849169464076,1.7579903147699756,419,171,346,304,650,10.630817475231986,299,178,249,229,11.22,16.95,21.47,18.1,22.4,9.85,LEHECKA
Indian_Wells_2025_R64_Norrie_Lehecka,143.66666666666666,30.105616666666666,20.96,2198.867910652938,1.616038647342995,514,203,355,495,850,9.920624066077524,334,198,356,291,7.69,13.92,17.91,15.16,21.22,24.1,LEHECKA
Rotterdam_2025_R32_Lehecka_Popyrin,86.88333333333334,16.464483333333334,18.95,1274.5878618995514,1.6589473684210527,290,119,220,208,428,10.315552565140568,205,112,178,175,12.67,16.9,19.03,13.28,17.8,20.31,LEHECKA
Rotterdam_2025_R16_Lehecka_Hurkacz,54.75,9.75875,17.82,807.9132605420563,1.777521613832853,170,81,121,163,284,13.764890790461218,119,75,110,113,7.97,15.81,17.6,13.11,19.93,25.58,LEHECKA
Hamburg_2025_R16_Lehecka_Cerundolo,100.6,17.1829684,17.08,1742.6051324435562,1.6725826193390454,396,139,289,383,672,10.803826363271272,266,170,302,265,6.41,10.27,14.44,17.47,22.5,28.91,LEHECKA
Hamburg_2025_QF_Etcheverry_Lehecka,111.93333333333334,18.499760783333333,16.53,1980.6356725940252,1.7386183465458664,449,138,361,398,759,12.60274978851111,320,175,323,265,9.71,13.4,15.88,18.41,15.89,26.7,LEHECKA
Hamburg_2025_R32_Gojo_Lehecka,115.23333333333333,17.191892900000003,14.92,1776.6407236653197,1.6299295774647888,420,162,281,417,698,11.826907949029192,297,148,292,269,7.68,11.99,13.0,9.92,12.27,45.14,LEHECKA
Miami_2026_R64_Kouame_Lehecka,95.11666666666666,18.773483333333335,19.74,1604.028864196171,1.6532000000000002,361,132,212,337,549,9.16982685682482,299,141,250,239,10.37,15.06,17.55,19.21,25.88,11.94,LEHECKA
Miami_2026_R16_Lehecka_Fritz,145.23333333333332,23.185316666666665,15.96,1949.7483345995997,1.5978170478170477,486,198,343,391,734,9.161719419994448,328,210,287,301,6.84,15.68,21.08,19.04,22.71,14.66,LEHECKA
Miami_2026_R32_Quinn_Lehecka,93.51666666666667,16.024549999999998,17.14,1278.9104523100186,1.7107508532423208,292,131,214,276,490,12.371385682702568,222,117,187,165,8.2,15.39,20.02,18.2,23.68,14.51,LEHECKA
Miami_2026_SF_Lehecka_Fils,74.7,13.145766666666667,17.6,1008.9462321702433,1.6891666666666665,227,107,162,248,410,13.554309771521083,195,116,155,147,8.0,18.19,23.92,28.8,14.67,6.42,LEHECKA
Miami_2026_QF_Landaluce_Lehecka,122.01666666666667,17.9066,14.68,1510.666008370219,1.5987821380243572,359,164,204,307,511,12.461766410518962,273,187,227,202,7.74,17.12,20.72,21.89,22.62,9.91,LEHECKA
Monte_Carlo_2025_R32_Lehecka_Musetti,138.73333333333332,34.54128333333333,24.9,2416.4016631374716,1.7173956262425447,523,181,471,350,821,12.158958044791424,344,191,393,301,11.75,14.03,14.27,13.55,17.52,28.87,LEHECKA
Monte_Carlo_2025_R64_Lehecka_Korda,86.75,14.98675,17.28,1220.9454685561873,1.5922535211267606,281,133,188,280,468,7.896832347313245,183,97,198,174,5.5,14.26,15.69,10.66,15.68,38.21,LEHECKA
Brussels_2025_F_Lehecka_Auger-Aliassime,154.26666666666668,27.059083333333334,17.54,1717.2854440889953,1.6071770334928228,434,213,301,351,652,13.39655246220609,301,160,240,242,8.79,14.15,21.39,13.54,14.56,27.58,LEHECKA
Brussels_2025_R16_Lehecka_Bailly,74.71666666666667,11.437166666666666,15.31,921.97783237205,1.650564334085779,218,103,92,258,350,10.404299691983182,179,90,143,135,9.58,12.75,17.79,21.91,29.74,8.23,LEHECKA
Brussels_2025_SF_Mpetshi-Perricard_Lehecka,89.41666666666667,15.697650000000001,17.56,1079.7320354724638,1.6662721893491124,246,148,168,238,406,13.43627737337263,218,60,154,134,12.47,14.79,17.79,6.04,5.21,43.71,LEHECKA
Brussels_2025_QF_Lehecka_Bonzi,113.7,19.6986,17.33,1478.1970882398318,1.6239554317548746,351,155,200,385,585,11.396002825308903,250,140,219,242,9.55,12.99,19.82,15.72,28.32,13.59,LEHECKA
Stuttgart_2026_R16_Lehecka_Duckworth,145.76666666666668,16.01325191666667,10.99,1622.035250505126,1.5050962627406568,442,219,300,356,656,9.719028836988173,291,172,246,224,8.13,13.48,22.75,22.78,26.81,6.05,LEHECKA
Stuttgart_2026_SF_Shelton_Lehecka,172.08333333333334,19.09243,11.09,1978.5753121594637,1.5774390243902439,504,259,407,381,788,15.864462502074389,369,182,284,243,10.75,15.64,21.92,13.71,18.01,19.97,LEHECKA
Stuttgart_2026_QF_Lehecka_Tiafoe,85.26666666666667,10.958202550000001,12.85,1080.0528678977646,1.5116554054054054,304,133,183,245,428,9.412733004354212,173,118,180,161,4.68,12.19,24.68,27.69,26.12,4.63,LEHECKA
Paris_2025_R64_Vacherot_Lehecka,53.55,8.541833333333333,15.95,689.4373818997888,1.6204142011834322,169,84,130,135,265,10.64260237584418,116,62,94,96,6.53,13.73,21.49,12.15,18.19,27.91,LEHECKA
Bastad_2026_R16_Altmaier_Darderi,101.2,15.744566933333335,15.56,1725.2017562242834,1.8297520661157025,372,135,364,290,654,11.328419579075817,304,152,234,273,7.23,13.72,14.57,9.99,13.43,41.06,ALTMAIER
Bastad_2026_R32_Altmaier_Gaston,90.65,11.937384,13.17,1353.094707493821,1.72842287694974,281,124,236,247,483,11.136325159171106,289,98,201,199,9.12,13.67,13.69,8.58,13.43,41.52,ALTMAIER
Bastad_2026_R16_Travaglia_Navone,85.5,16.734379466666667,19.57,1702.7896668922938,1.803748326639893,370,115,338,279,617,11.211743490007656,221,221,266,267,1.12,8.72,15.6,17.63,19.49,37.44,NAVONE
Gstaad_2026_R32_Collignon_Skatov,157.71666666666667,22.619393633333335,14.34,2274.347719915141,1.8242364532019704,518,197,318,476,794,10.859658009001652,404,218,365,325,4.48,11.59,14.92,12.26,13.48,43.27,COLLIGNON
Gstaad_2026_R16_Collignon_Sonego,127.85,13.475940266666667,10.54,1514.9022158663195,1.9122028526148969,306,154,302,201,503,12.98830932230126,308,138,196,192,17.6,17.4,16.39,10.26,8.42,29.93,COLLIGNON
Gstaad_2026_QF_Collignon_Vacherot,131.28333333333333,18.12814995,13.81,1890.938763517311,1.667292817679558,443,195,381,419,800,10.211094862194658,365,186,270,273,5.39,13.53,16.04,13.15,11.68,40.2,COLLIGNON
Gstaad_2026_SF_Collignon_Cerundolo,146.71666666666667,24.498057333333335,16.7,2423.629128494319,1.815960591133005,475,173,336,546,882,13.420501213975,420,174,361,317,8.78,9.2,13.89,11.77,12.34,44.02,COLLIGNON
Gstaad_2026_R32_Tsitsipas_Buse,95.93333333333334,12.710002283333333,13.25,1391.7664582218738,1.7614886731391584,288,136,163,386,549,11.224343249193591,227,82,248,187,4.37,7.97,13.02,7.36,10.88,56.39,TSITSIPAS
Gstaad_2026_R16_Kym_Tsitsipas,1287.3,15.328445133333332,1.19,1485.8677663513088,1.6157826649417852,383,212,282,365,647,10.029374721652175,276,151,260,212,5.17,10.97,20.95,9.57,15.05,38.28,TSITSIPAS
Gstaad_2026_SF_Shevchenko_Tsitsipas,113.51666666666667,14.794704016666666,13.03,1652.1081313193663,1.7566091954022987,340,155,241,339,580,12.304915599352723,257,99,254,209,5.22,9.9,17.05,7.03,8.74,52.05,TSITSIPAS
Gstaad_2026_QF_Rinderknech_Tsitsipas,101.0,9.4034888,9.31,929.9520299842036,1.5278225806451613,244,143,224,192,416,9.706850004885338,189,75,168,117,7.94,12.99,24.42,9.1,10.78,34.77,TSITSIPAS
Gstaad_2026_Q_Dietrich_Monteiro,133.9,15.494633016666667,11.57,1463.85122109169,1.4956241956241956,396,165,389,281,670,8.105651188748691,259,205,233,222,2.3,15.45,18.26,8.1,12.33,43.55,MONTEIRO
Gstaad_2026_Q_Monteiro_Herbert,187.36666666666667,16.5922924,8.86,1712.0394476819224,1.5332560834298958,421,239,411,283,694,9.922148825545282,372,209,241,236,4.07,18.94,23.48,13.5,16.03,23.97,MONTEIRO
Gstaad_2026_Q_Dietrich_Monteiro,133.9,15.494633016666667,11.57,1674.7568289142241,1.723938223938224,381,165,281,389,670,7.870885066723567,312,198,233,293,3.2,13.86,23.37,17.04,19.05,23.48,DIETRICH
Gstaad_2026_R16_Cerundolo_Kecmanovic,128.01666666666668,20.605636399999998,16.1,1764.8189625213834,1.5744730679156909,410,179,323,394,717,10.883394159779032,287,129,291,241,6.89,8.62,15.01,12.39,12.44,44.65,KECMANOVIC
Umag_2026_R16_Etcheverry_Merida,94.6,17.371716666666668,18.36,1276.3221566491884,1.5689895470383275,289,121,264,229,493,10.270482719435988,192,96,191,197,5.12,19.85,12.89,13.93,12.87,35.34,ETCHEVERRY
Gstaad_2026_F_Tsitsipas_Collignon,137.0,20.970594249999998,15.31,2254.1488422573775,1.7875776397515528,470,191,286,552,838,11.745279563182862,379,145,318,317,4.9,9.38,14.71,8.06,10.24,52.71,TSITSIPAS
Gstaad_2026_F_Tsitsipas_Collignon,137.0,20.970594249999998,15.31,2341.645473605621,1.8560041407867496,496,191,552,286,838,12.746139521160332,426,231,307,309,9.58,13.94,15.82,8.46,9.82,42.38,COLLIGNON
Estoril_2026_R16_Jacquet_Blockx,138.68333333333334,21.706460766666666,15.65,2518.677284118605,1.8245762711864406,537,222,558,370,928,14.796480527814394,423,237,344,310,10.88,16.58,17.27,9.28,8.99,37.0,BLOCKX
Kitzbuhel_2026_R16_Etcheverry_Rodionov,109.65,16.209347066666666,14.78,1706.2567605478305,1.7316285329744279,357,131,295,340,635,10.217399815177682,245,147,259,261,6.01,13.26,12.55,12.37,16.5,39.31,ETCHEVERRY
Kitzbuhel_2026_QF_Etcheverry_Buse,103.31666666666666,15.771295416666668,15.27,1655.5843596174677,1.737735849056604,367,118,339,324,663,10.87606033204356,234,135,281,264,3.43,10.8,10.22,14.57,20.48,40.51,ETCHEVERRY
Kitzbuhel_2026_R16_Struff_Navone,64.36666666666666,8.351830583333333,12.98,929.4801270863387,1.7639344262295082,205,90,183,169,352,12.248281277624551,163,131,140,147,4.06,8.24,18.16,7.35,12.54,49.65,NAVONE
Kitzbuhel_2026_QF_Navone_Halys,85.88333333333334,12.335463266666666,14.36,1451.0979486461392,1.995964912280702,281,113,256,225,481,14.424138920437075,182,174,202,221,4.5,8.49,18.57,10.63,15.08,42.73,NAVONE
Kitzbuhel_2026_R32_Muller_Navone,80.51666666666667,14.971372933333333,18.59,1719.7357797894697,1.9045714285714286,341,103,273,333,606,10.875972113916092,233,174,243,266,2.92,7.07,14.39,8.92,16.97,49.74,NAVONE
Kitzbuhel_2026_R16_Molcan_Altmaier,144.83333333333334,22.697471566666664,15.67,2436.0055628540886,1.820216962524655,514,188,402,469,871,13.353662719773654,446,161,366,362,6.99,12.86,11.75,9.19,13.59,45.62,ALTMAIER
Kitzbuhel_2026_R32_Altmaier_Collignon,83.93333333333334,14.971461433333333,17.84,1661.8023872353508,1.849928057553957,355,122,333,295,628,15.478998134788103,325,121,232,268,9.38,12.85,14.57,11.07,12.39,39.75,ALTMAIER
Kitzbuhel_2026_R32_Altmaier_Collignon,83.93333333333334,14.971461433333333,17.84,1724.4951341965411,1.9297841726618705,340,122,295,333,628,13.009024814801151,267,156,247,215,8.42,9.48,12.51,11.53,13.31,44.75,COLLIGNON
Kitzbuhel_2026_R32_Baez_Kecmanovic,108.95,16.979345650000003,15.58,1655.8570497591234,1.4931633835457705,444,183,363,352,715,9.735698146282644,293,160,305,253,4.48,15.95,22.29,19.12,20.81,17.36,KECMANOVIC
Estoril_2026_F_Van-assche_Blockx,143.9,25.714095883333336,17.87,2586.804387257485,1.6807885906040267,614,190,433,577,1010,11.313714387588416,450,258,404,386,6.64,10.26,11.62,10.74,19.62,41.12,BLOCKX
Estoril_2026_SF_Blockx_Darderi,164.86666666666667,27.284492983333333,16.55,2903.577359698043,1.7977401129943504,624,224,534,551,1085,12.545047480317262,431,237,429,397,6.95,12.06,15.01,10.67,13.98,41.33,BLOCKX
Kitzbuhel_2026_SF_Bublik_Etcheverry,84.7,10.049797750000002,11.87,1150.2132587414567,1.7024096385542167,248,123,219,225,444,12.580892568756276,212,83,140,180,9.63,16.7,15.08,8.32,10.35,39.93,ETCHEVERRY
Washington_2026_R32_Fritz_Bergs,78.93333333333334,12.303933333333333,15.59,909.507403474303,1.5866515837104072,222,118,187,188,375,10.356947046696003,240,94,127,184,6.57,22.35,23.97,20.92,20.44,5.75,BERGS
Washington_2026_R32_Fils_Jodar,112.28333333333333,15.262283333333333,13.59,1197.650813751671,1.532636655948553,315,154,267,276,543,9.858883958708295,236,126,179,218,5.0,18.3,25.65,16.7,18.68,15.67,FILS
Washington_2026_R32_Nakashima_Etcheverry,81.36666666666666,14.165,17.41,1106.7002894949414,1.603420523138833,253,96,272,162,434,10.180552457215654,183,109,159,174,8.19,14.74,18.54,16.86,25.14,16.54,NAKASHIMA
Washington_2026_R32_Nakashima_Etcheverry,81.36666666666666,14.165,17.41,1155.805289481014,1.6527162977867202,244,96,162,272,434,11.33972498407437,163,98,181,173,3.46,14.59,12.86,12.06,15.67,41.37,ETCHEVERRY
Washington_2026_R32_Svajda_Mensik,274.45,23.321266666666666,8.5,1839.2157045439164,1.4870408163265305,494,204,352,383,735,9.927790847159931,355,207,300,339,5.17,16.29,18.46,23.15,27.99,8.93,MENSIK
Los-Cabos_2026_R16_Winter_Brooksby,100.48333333333333,22.213016666666665,22.11,1737.619220702111,1.6520917678812417,361,125,205,458,663,13.21904967499619,287,199,270,276,7.73,15.38,23.66,26.81,16.49,9.93,BROOKSBY
Washington_2026_R32_de-Minaur_Tsitsipas,120.65,24.931949999999997,20.66,1615.9429694675514,1.4998743718592966,409,180,280,351,631,11.505087847858611,259,153,266,222,5.86,12.21,19.75,11.91,22.44,27.83,TSITSIPAS
Los_Cabos_2026_R16_Lehecka_Wong,111.85,15.732566666666667,14.07,1138.2182580049694,1.4662847790507365,299,151,193,287,480,9.080610551108188,215,116,182,150,7.21,18.3,23.67,17.45,19.31,14.07,LEHECKA
Washington_2026_R32_Navarro_Kenin,99.15,15.7066,15.84,865.9163421665955,1.2334586466165414,279,152,166,140,306,10.91295213399501,122,128,159,115,3.18,23.58,27.45,29.07,12.53,4.19,NAVARRO
Wimbledon_2026_R64_Gasanova_Osaka,67.0,12.954666666666666,19.34,956.2534229901626,1.4437869822485208,252,106,138,251,389,9.54756833369616,125,48,168,154,6.65,12.96,15.35,46.75,17.56,0.72,OSAKA
Wimbledon_2026_R16_Sabalenka_Osaka,88.28333333333333,14.221816666666665,16.11,995.300076543131,1.4878504672897197,262,126,174,231,405,9.633231009551482,175,79,169,165,4.88,16.2,20.32,40.6,17.02,0.97,OSAKA
Wimbledon_2026_1st_Jacquemot_Osaka,78.98333333333333,14.531133333333335,18.4,1142.502386348483,1.4978723404255319,293,132,238,201,439,9.746593291545274,198,88,163,191,11.41,20.05,20.39,27.84,18.51,1.79,OSAKA
Wimbledon_2026_R32_Kasatkina_Osaka,65.73333333333333,13.054499999999999,19.86,1058.9282163846265,1.4640074211502783,262,104,171,235,406,8.846686787166579,183,81,169,189,7.6,14.18,18.83,43.64,15.23,0.52,OSAKA
Washington_2026_R16_Nakashima_Mensik,134.43333333333334,27.819983333333333,20.69,1563.085409145771,1.4797468354430379,391,194,345,347,692,11.13560065952954,353,169,212,228,8.45,15.25,23.5,18.81,23.37,10.62,NAKASHIMA
Washington_2026_R16_Nakashima_Mensik,134.43333333333334,27.819983333333333,20.69,1623.5994035446029,1.5502531645569622,399,194,347,345,692,10.469096893041502,334,174,231,295,4.46,19.21,20.18,17.66,21.94,16.55,MENSIK
Los_Cabos_2026_QF_Wong_Brooksby,88.38333333333334,15.800916666666666,17.88,1262.3799207959892,1.5734513274336284,279,119,249,241,490,11.2979576546757,232,142,167,207,6.95,18.7,24.9,21.35,18.43,9.68,BROOKSBY
Washington_2026_R16_Krueger_Osaka,53.45,10.2907,19.25,486.9737263098755,1.2870748299319728,154,72,114,76,190,8.30867762802211,68,43,78,94,2.89,17.9,19.11,29.89,28.05,2.15,OSAKA
Washington_2026_QF_Cocciaretto_Osaka,134.85,23.1295,17.15,1290.276709010424,1.2814861460957179,411,171,247,222,469,9.010842816668251,168,112,230,232,3.79,13.83,18.91,34.28,27.04,2.14,OSAKA
Washington_2026_R16_Navarro_Cocciaretto,135.0,22.474733333333333,16.65,1358.4681288941463,1.249352179034158,431,182,225,272,497,8.860499740629395,140,172,274,203,2.67,14.61,19.48,32.35,23.61,7.28,NAVARRO
Washington_2026_QF_de-Minaur_Nakashima,113.98333333333333,21.367466666666665,18.75,1684.2174249988284,1.4279909706546277,456,158,473,287,760,10.742840510673265,341,214,266,262,6.76,14.26,24.44,22.4,23.57,8.57,NAKASHIMA
Rogers_cup_2026_Q_Tsitsipas_Rice,74.55,13.431216666666668,18.02,909.9406391144231,1.5408482142857143,231,106,180,170,350,11.368493220338223,179,80,158,115,5.67,14.19,22.97,11.31,20.84,25.02,TSITSIPAS
Washington_2026_SF_Nakashima_Fritz,106.43333333333334,19.65385,18.47,1318.2798011361851,1.4242857142857144,351,153,318,250,568,11.209612937540555,264,155,212,198,4.2,14.11,21.57,18.11,27.86,14.16,NAKASHIMA
Indian_Wells_2024_R16_Mertens_Gauff,66.18333333333334,13.011633333333332,19.66,1126.6162296625944,1.6438923395445135,251,90,283,140,423,7.916444308685552,147,110,169,143,5.56,17.55,31.55,28.7,15.04,1.6,MERTENS
Indian_Wells_2024_R32_Osaka_Mertens,115.88333333333334,21.404366666666665,18.47,1720.1048671458998,1.6091655266757865,352,155,333,281,614,12.597887580054632,212,214,255,219,2.16,19.89,33.67,25.18,14.21,4.9,MERTENS
Rogers_cup_2024_R32_Osaka_Mertens,91.41666666666667,15.996466666666667,17.5,1309.9019358209366,1.6444859813084112,267,116,227,251,478,15.246360709715184,160,187,223,169,2.3,13.92,25.51,28.92,21.47,7.86,MERTENS
Brisbane_2024_R32_Mertens_Rybakina,56.233333333333334,8.43235,15.0,732.49280773982,1.3938423645320197,205,83,180,131,311,6.849066605848004,74,103,135,121,2.34,11.76,28.58,30.73,20.82,5.78,MERTENS
Miami_2025_R32_Mertens_Swiatek,108.0,18.501766666666665,17.13,1605.1036257269614,1.669508670520231,351,141,316,298,614,12.12577179327235,211,187,215,230,5.3,25.77,38.47,22.99,5.83,1.64,MERTENS
Bad_Homburg_2026_R16_Osaka_Mertens,67.0,7.009895183333333,10.46,562.5065313296808,1.1915343915343914,191,97,137,134,271,6.466617735053023,94,79,89,99,3.04,17.17,45.62,29.16,4.42,0.59,MERTENS
United_Cup_2026_RR_Mboko_Mertens,125.23333333333333,16.460733333333334,13.14,1474.799420418515,1.3076923076923077,376,170,272,390,662,9.085288890189556,246,170,221,246,8.61,13.98,32.25,29.44,12.45,3.26,MERTENS
Dubai_2026_R32_Mertens_Navarro,75.05,13.087416666666666,17.44,772.6123372290476,1.2775377969762418,233,99,136,153,289,9.696967116369981,112,89,129,116,4.79,12.53,36.68,32.74,10.67,2.59,MERTENS
AO_2026_1st_Mertens_Tararudee,91.76666666666667,15.402016666666666,16.78,1449.4991481654617,1.4128987517337033,347,116,239,321,560,10.355188605123734,206,164,236,242,6.57,13.18,25.61,31.8,16.12,6.72,MERTENS
AO_2026_R16_Rybakina_Mertens,77.23333333333333,8.797283333333333,11.39,793.1952013582442,1.2930283224400871,236,109,192,161,353,9.38216012610478,115,103,130,123,4.51,16.04,31.75,32.29,13.83,1.59,MERTENS
Dubai_2024_R32_Navarro_Mertens,62.63333333333333,12.0259,19.2,1030.1075811228134,1.6038216560509553,244,87,214,167,381,12.020477641710958,131,120,154,122,6.08,23.52,39.11,23.25,6.23,1.81,MERTENS
Rogers_cup_2026_1st_Berrettini_Navone,391.23333333333335,33.717216666666666,8.62,2728.328465831511,1.576015625,645,210,721,343,1064,11.424687957530292,403,413,439,420,2.2,14.16,27.36,26.48,17.93,11.87,NAVONE
Rogers_cup_2026_1st_Duckworth_O'Connell,159.16666666666666,12.530416666666667,7.87,870.5738097130406,1.4623318385650226,227,97,195,157,352,11.506494619113624,153,111,138,144,2.83,13.97,30.66,22.87,22.8,6.87,O'CONNELL
Rogers_cup_2026_1st_Vukic_Altmaier,178.66666666666666,37.13086666666666,20.78,3044.4077511147407,1.7515562649640861,625,245,544,576,1120,11.627485700399063,529,299,399,501,6.92,14.14,17.36,15.13,21.57,24.89,ALTMAIER
Rogers_cup_2026_1st_Zheng_Kecmanovic,585.4333333333333,35.89375,6.13,2680.6655215071137,1.5295665634674922,653,237,550,482,1032,11.493430510916358,451,248,438,398,6.68,16.91,19.94,22.52,20.44,13.51,KECMANOVIC
Rogers_cup_2026_1st_Baez_Bellucci,80.28333333333333,15.783733333333334,19.66,1203.4193413981654,1.6591911764705882,274,129,226,258,484,12.402774184869353,281,109,195,170,7.42,12.68,19.67,21.14,24.64,14.45,BELLUCCI
Rogers_cup_2026_1st_Damm_Tsitsipas,88.13333333333334,14.841933333333333,16.84,1166.803466858656,1.6867041198501873,262,130,185,265,450,9.8454559439512,200,121,173,156,4.36,11.94,21.02,16.03,18.57,28.07,TSITSIPAS
Rogers_cup_2026_1st_Walton_Brooksby,88.06666666666666,16.683183333333332,18.94,1346.541109673706,1.5941984732824428,333,116,343,180,523,11.727682104507696,211,170,200,204,9.16,19.21,21.74,24.53,18.02,7.34,BROOKSBY
Rogers_cup_2026_1st_Cerundolo_Medjedovic,76.05,13.79655,18.14,790.0643878023752,1.2903002309468823,212,107,182,171,353,9.715476693585837,169,79,129,129,11.44,19.68,17.61,17.68,18.71,14.87,MEDJEDOVIC
Rogers_cup_2026_1st_Mochizuki_Marozsan,79.53333333333333,15.92835,20.03,1007.4175809216978,1.39449378330373,277,116,262,222,484,6.842846633894284,219,123,176,205,5.03,20.57,26.89,25.31,20.75,1.45,MAROZSAN
Rogers_cup_2026_R64_Lehecka_Kopriva,81.43333333333334,14.027033333333332,17.23,1099.3630621194488,1.6225,255,115,123,275,398,9.870508970833804,192,115,150,162,5.76,15.91,22.83,25.1,22.62,7.77,LEHECKA
Rogers_cup_2026_R64_Nakashima_Altmaier,63.0,11.459200000000001,18.19,894.0329630256114,1.5259953161592505,208,93,155,223,378,13.201480117071135,171,73,121,134,10.88,15.46,22.91,21.77,20.33,8.65,NAKASHIMA
Rogers_cup_2026_R64_Nakashima_Altmaier,63.0,11.459200000000001,18.19,996.5930688039932,1.6955503512880563,219,93,223,155,378,7.863265086929089,191,102,136,160,8.97,18.16,17.66,18.41,24.27,12.53,ALTMAIER
Rogers_cup_2026_R64_Bergs_Baez,110.05,19.196616666666667,17.44,1664.3676603174395,1.6965608465608464,375,156,262,393,655,13.690877161286329,340,162,249,314,7.46,17.93,21.17,27.28,19.57,6.59,BERGS
Rogers_cup_2026_R64_Borges_Etcheverry,101.43333333333334,18.763133333333332,18.5,1452.425274171048,1.582267441860465,352,131,406,185,591,12.87063160607964,229,169,227,225,5.54,20.07,15.58,16.15,17.49,25.17,ETCHEVERRY
Rogers_cup_2026_R64_Tsitsipas_Fonseca,110.28333333333333,21.335383333333333,19.35,1612.4762569074767,1.7149425287356321,343,149,237,348,585,10.187232569767032,286,168,218,237,7.33,14.7,19.45,17.28,21.9,19.34,FONSECA
Rogers_cup_2026_R64_Tsitsipas_Fonseca,110.28333333333333,21.335383333333333,19.35,1572.666722547857,1.6557471264367818,353,149,348,237,585,13.030865425008503,287,175,234,208,10.12,14.32,20.63,14.9,15.97,24.06,TSITSIPAS
Rogers_cup_2026_R64_Vacherot_Navone,123.66666666666667,26.890800000000002,21.74,2017.0567358042279,1.5705882352941178,475,159,469,364,833,9.898477215981842,315,253,318,333,1.52,9.04,17.5,23.53,32.93,15.49,NAVONE
Rogers_cup_2026_R64_Brooksby_Shelton,95.46666666666667,17.464366666666667,18.29,1266.8306368477208,1.6042229729729731,299,127,294,232,526,11.002042182614924,245,163,136,232,9.7,21.44,26.98,18.77,14.13,8.98,BROOKSBY
Rogers_cup_2026_R64_Svajda_Fils,98.6,19.38308333333333,19.66,1454.5874134508751,1.596086956521739,348,160,248,304,552,12.86352115187836,292,126,227,231,3.88,14.28,21.62,16.43,25.61,18.19,FILS
Rogers_cup_2026_R64_Collignon_Popyrin,74.8,13.645100000000001,18.24,880.4869211034696,1.5682648401826484,226,114,248,135,383,9.774801733077904,204,114,124,134,7.04,27.06,25.56,18.83,14.24,7.28,COLLIGNON
Rogers_cup_2026_R64_Fearnley_Mensik,127.2,20.5865,16.18,1675.6457634685287,1.5539203860072377,419,175,341,349,690,12.058662458045449,355,179,248,321,8.69,15.73,19.81,20.24,21.56,13.98,MENSIK
Rogers_cup_2026_R64_Kecmanovic_Rinderknech,173.18333333333334,25.14,14.52,1971.368485205066,1.5317907444668006,482,226,428,455,883,11.845062404075158,402,211,287,304,6.48,20.8,21.82,18.1,21.35,11.46,KECMANOVIC
Rogers_cup_2026_R64_Bejlek_Swiatek,94.2,19.843666666666664,21.07,1647.4098221235763,1.653295932678822,353,131,286,311,597,10.721395695055037,209,196,231,242,6.74,10.39,27.7,30.81,19.54,4.82,SWIATEK
Rogers_cup_2026_R64_Kasatkina_Rybakina,152.95,22.170883333333332,14.5,1461.3272764733597,1.3547815820543094,462,228,323,297,620,8.406781713212938,302,138,218,257,5.4,13.94,49.87,21.88,6.63,2.28,RYBAKINA
Rogers_cup_2026_R64_Korneeva_Navarro,76.56666666666666,15.52275,20.27,979.7261990876052,1.3241563055062167,287,111,193,184,377,7.42912644541672,113,148,172,139,3.69,14.57,21.48,29.2,21.83,9.23,NAVARRO
Rogers_cup_2026_R64_Udvardy_Osaka,73.63333333333334,14.614766666666666,19.85,948.8609763500452,1.389325842696629,267,110,139,257,396,11.472185456635891,121,97,158,168,2.48,15.08,22.11,40.49,18.31,1.53,OSAKA
Rogers_cup_2026_R32_Lehecka_Blockx,89.36666666666666,17.5199,19.6,1282.5520315791005,1.672379367720466,292,127,210,294,504,10.906949274755757,282,137,183,180,14.27,16.39,25.78,20.07,15.59,7.89,LEHECKA
Rogers_cup_2026_R32_Lehecka_Blockx,89.36666666666666,17.5199,19.6,1327.1869629525722,1.704658901830283,309,127,294,210,504,13.636572453314214,248,155,189,187,8.97,17.14,17.73,9.32,12.33,34.51,BLOCKX
Rogers_cup_2026_R32_Nakashima_Droguet,150.51666666666668,33.07778333333333,21.98,2467.3014968673688,1.5751748251748252,547,195,390,652,1042,11.592043254540066,443,261,349,371,9.94,13.73,20.59,20.29,18.06,17.39,NAKASHIMA
Rogers_cup_2026_R32_Navone_Fils,79.11666666666666,15.15695,19.16,1253.8511285207787,1.5682042833607908,300,112,170,351,521,7.088386895099529,235,106,217,196,2.95,9.98,16.24,22.75,31.39,16.68,FILS
Rogers_cup_2026_R32_Navone_Fils,79.11666666666666,15.15695,19.16,1265.3331069374965,1.5761120263591435,307,112,351,170,521,10.529832627781538,202,181,183,217,2.99,14.48,24.96,20.56,19.81,17.2,NAVONE
Rogers_cup_2026_R32_Atmane_Mensik,100.93333333333334,20.93368333333333,20.74,1558.7184943530476,1.718796992481203,325,136,280,316,596,10.085065201314976,257,147,225,228,7.64,15.34,16.37,16.16,21.06,23.42,MENSIK
Rogers_cup_2026_R32_Bergs_Shelton,64.06666666666666,7.720383333333333,12.05,640.6781683657931,1.7094771241830067,159,87,175,104,279,7.19862043529418,178,50,81,140,11.83,24.77,30.03,14.27,13.47,5.63,BERGS
Rogers_cup_2026_R32_Ruud_Fonseca,114.38333333333334,15.324416666666668,13.4,1307.8570920724383,1.6063492063492064,322,143,302,240,542,8.61846474823825,266,149,203,163,10.44,21.06,22.39,17.42,20.08,8.61,FONSECA
Rogers_cup_2026_R32_Golubic_Swiatek,66.05,14.902099999999999,22.56,1217.5679421235673,1.5795698924731183,280,83,196,215,411,9.97300277553291,151,127,187,192,4.22,8.51,24.63,39.03,20.9,2.7,SWIATEK
Rogers_cup_2026_R32_Li_Rybakina,90.56666666666666,15.717733333333333,17.35,1058.3203875418055,1.4659649122807017,270,124,189,210,399,10.063384858573963,175,116,172,182,5.24,11.29,29.85,33.88,17.18,2.56,RYBAKINA
Rogers_cup_2026_R32_Mertens_Osaka,71.08333333333333,12.980066666666666,18.26,916.540092965356,1.4669473684210526,228,100,141,175,316,8.659790086006328,112,73,142,161,3.47,12.88,14.59,53.18,15.11,0.75,OSAKA
Rogers_cup_2026_R32_Mertens_Osaka,71.08333333333333,12.980066666666666,18.26,818.2987201239592,1.3168421052631578,247,100,175,141,316,8.347369225032187,102,69,139,133,4.66,14.51,40.43,32.58,7.09,0.73,MERTENS
Rogers_cup_2026_R16_Lehecka_Jodar,74.46666666666667,13.160383333333332,17.67,1054.0547820827906,1.621484375,261,109,190,228,418,9.402528286792544,194,105,159,137,7.81,16.84,27.12,23.61,19.61,5.01,LEHECKA
Rogers_cup_2026_R32_Rinderknech_Nakashima,278.4166666666667,27.576733333333333,9.9,1937.7719031296733,1.5717367853290183,456,220,426,417,843,10.980857529930756,391,218,268,272,7.06,17.24,24.29,18.66,18.54,14.22,NAKASHIMA
Rogers_cup_2026_R16_Fils_Norrie,103.55,20.535700000000002,19.83,1758.5326372385491,1.6304187192118227,408,144,340,363,703,8.578679735975447,311,153,283,272,4.58,11.49,15.61,15.46,27.18,25.69,FILS
Rogers_cup_2026_R16_Fonseca_Shelton,107.88333333333334,21.697400000000002,20.11,1544.121447454694,1.5614343707713128,378,146,387,232,619,11.797679347685076,287,170,214,224,8.84,19.04,24.02,20.55,18.7,8.86,FONSECA
Rogers_cup_2026_R16_van-de-Zandschulp_Mensik,89.08333333333333,15.431233333333333,17.32,1238.1241490125606,1.552325581395349,305,129,213,343,556,8.927138276394556,248,141,168,237,4.34,14.68,19.24,18.88,24.53,18.33,MENSIK
Rogers_cup_2026_QF_Darderi_Nakashima,77.76666666666667,14.9384,19.21,1177.779242824189,1.5282722513089007,294,114,254,248,502,9.20978438874408,192,130,171,189,7.21,13.75,19.45,16.08,27.95,15.55,NAKASHIMA
Rogers_cup_2026_QF_Jodar_Fils,161.3,21.75335,13.49,1778.2800803445355,1.7073232323232324,400,152,288,408,696,9.354343678176813,280,174,255,295,1.92,9.35,16.14,12.73,19.26,40.58,FILS
Rogers_cup_2026_QF_Mensik_Shelton,72.18333333333334,11.848833333333333,16.41,891.9065942550208,1.5485327313769752,227,97,229,169,398,12.27553205284963,175,97,130,162,5.75,15.83,20.08,17.36,23.81,17.17,MENSIK
Rogers_cup_2026_R16_Kostyuk_Swiatek,130.03333333333333,22.7926,17.53,1640.1924464409012,1.556447688564477,408,159,363,242,605,10.22863515753683,266,185,255,253,7.28,12.04,26.07,26.31,24.08,4.22,SWIATEK
Rogers_cup_2026_QF_Shnaider_Swiatek,63.583333333333336,13.780650000000001,21.67,1175.36418339871,1.6928166351606806,252,93,145,241,386,9.690232565664196,156,131,193,160,4.8,8.88,26.76,35.16,20.74,3.65,SWIATEK
Rogers_cup_2026_R16_Fernandez_Osaka,82.05,13.898066666666667,16.94,854.8345506859224,1.3238747553816046,259,113,167,231,398,7.764283057159234,116,79,158,155,4.42,18.31,20.2,46.21,10.06,0.79,OSAKA
Rogers_cup_2026_R16_Samsonova_Rybakina,168.9,23.902566666666665,14.15,1475.7909393773898,1.3666666666666667,423,216,291,282,573,8.906865622766961,209,200,253,243,1.52,6.74,23.62,33.76,27.88,6.48,RYBAKINA
Rogers_cup_2026_QF_Osaka_Rybakina,153.58333333333334,24.899733333333334,16.21,1691.9434079345424,1.3812240663900415,498,217,317,381,698,13.105736414281056,255,154,270,295,3.63,9.75,27.94,37.28,17.71,3.68,RYBAKINA
Rogers_cup_2026_QF_Osaka_Rybakina,153.58333333333334,24.899733333333334,16.21,1697.7197132482788,1.3978215767634854,466,217,381,317,698,8.925137422062425,199,203,277,307,1.53,13.24,15.79,36.72,30.35,2.37,OSAKA
Rogers_cup_2026_SF_Jodar_Nakashima,122.65,23.904633333333333,19.49,1874.8270001809908,1.5620280474649406,455,172,371,463,834,9.27839160610597,392,198,271,316,6.05,14.57,20.55,24.87,23.1,10.86,NAKASHIMA
Cincinnati_2026_1st_Navone_Collignon,110.88333333333334,20.4758,18.47,1540.376372087267,1.5456492637215526,361,146,313,332,645,10.429194429128373,282,185,224,267,3.08,11.47,21.77,25.54,27.51,10.63,NAVONE
Cincinnati_2026_1st_Navone_Collignon,110.88333333333334,20.4758,18.47,1539.4102249058237,1.5473895582329318,386,146,332,313,645,7.792109803179603,289,164,227,226,7.77,19.7,27.3,25.1,14.7,5.43,COLLIGNON
Cincinnati_2026_1st_Svajda_Bellucci,124.25,23.119233333333334,18.61,1975.1665524492387,1.6352800953516091,412,171,378,331,709,15.500066615033113,339,205,316,282,6.62,17.21,17.66,20.83,23.01,14.67,BELLUCCI
Cincinnati_2026_1st_Ugo-Carabelli_Kecmanovic,87.16666666666667,15.937766666666667,18.28,1190.0664191261237,1.4484193011647255,294,124,216,284,500,10.613818150409584,201,129,170,195,2.92,16.5,26.59,22.99,17.66,13.33,KECMANOVIC
Rogers_cup_2026_F_Shelton_Nakashima,85.85,15.419016666666666,17.96,1125.223653032462,1.6057943925233644,274,115,263,211,474,11.36559582807246,238,107,162,141,10.79,15.91,22.86,20.16,21.81,8.47,NAKASHIMA
Cincinnati_2026_1st_Marozsan_Zheng,119.28333333333333,22.63305,18.97,1527.8818641745765,1.443236409608091,403,176,275,340,615,9.452023540166438,321,154,229,250,6.49,19.42,20.82,16.45,20.24,16.58,MAROZSAN
Cincinnati_2026_1st_Medjedovic_Trungelliti,124.06666666666666,17.2223,13.88,1053.5042738016361,1.1933870967741935,332,167,312,197,509,9.058062488644593,239,114,162,182,8.98,25.8,26.48,14.83,15.84,8.07,MEDJEDOVIC
Cincinnati_2026_1st_O'Connell_Majchrzak,114.33333333333333,22.300966666666667,19.51,1537.9605593882418,1.4817708333333333,393,155,387,245,632,11.92116015471053,259,188,240,244,5.29,15.71,23.13,22.42,25.25,8.2,O'CONNELL
Cincinnati_2026_1st_Royer_Tsitsipas,118.18333333333334,17.822633333333332,15.08,1513.3741578937047,1.6162889518413597,358,155,241,351,592,11.54286101627403,269,147,235,217,5.13,12.63,22.2,19.1,24.18,16.77,TSITSIPAS
Cincinnati_2026_1st_Wong_Altmaier,138.9,25.498783333333332,18.36,2168.4076310972546,1.7098792535675083,456,179,426,370,796,13.363398069751828,384,200,305,361,7.55,15.56,13.48,10.57,15.53,37.3,ALTMAIER
Rogers_cup_2026_SF_Gauff_Rybakina,120.18333333333334,20.854033333333334,17.35,1420.0505145093384,1.454891994917408,405,178,281,297,578,10.207649428544888,230,155,227,218,5.16,14.64,18.86,13.42,21.36,26.56,GAUFF
Rogers_cup_2026_SF_Gauff_Rybakina,120.18333333333334,20.854033333333334,17.35,1391.7569528007928,1.4202033036848793,382,178,297,281,578,9.697776243250702,215,140,217,231,6.68,7.63,22.21,34.62,25.48,3.38,RYBAKINA
Cincinnati_2026_1st_Faria_Brooksby,74.21666666666667,14.530100000000001,19.58,1083.1931578393883,1.5236190476190477,261,113,248,213,461,15.277828454344052,202,120,130,199,11.47,20.02,24.47,17.31,16.85,9.88,BROOKSBY
Cincinnati_2026_R64_Atmane_Etcheverry,113.45,19.80045,17.45,1451.2744930749843,1.6434439178515008,304,130,211,337,548,11.989277954333,218,109,249,210,4.68,14.56,12.19,13.0,16.34,39.24,ETCHEVERRY
Cincinnati_2026_R64_Bellucci_Mensik,171.08333333333334,28.327533333333335,16.56,2206.8775093727654,1.5672227674190382,518,211,483,456,939,10.767887220690644,448,220,332,386,7.36,16.58,19.34,17.83,20.21,18.68,MENSIK
Cincinnati_2026_R64_Bellucci_Mensik,171.08333333333334,28.327533333333335,16.56,2369.8615887180677,1.6875368007850833,501,211,456,483,939,12.331164369293894,448,277,371,329,5.18,14.85,20.79,19.43,20.49,19.26,BELLUCCI
Cincinnati_2026_R64_Blockx_Navone,174.25,16.83945,9.66,1368.34995225597,1.6384991843393149,314,116,257,281,538,16.558289919473342,243,135,224,191,6.02,15.62,15.35,19.01,22.58,21.42,BLOCKX
Cincinnati_2026_R64_Blockx_Navone,174.25,16.83945,9.66,1279.6627803873334,1.5539967373572594,299,116,281,257,538,10.684847060598353,226,178,186,218,3.42,14.27,22.45,21.2,24.13,14.54,NAVONE
Cincinnati_2026_R64_Kecmanovic_Cobolli,208.73333333333332,19.774566666666665,9.47,1511.0644183095017,1.3938650306748466,406,178,428,227,655,10.041654469514796,300,179,243,211,5.23,22.28,25.71,21.24,17.41,8.13,KECMANOVIC
Cincinnati_2026_R64_Lehecka_Berrettini,142.2,15.6867,11.03,1246.3100555997262,1.4817757009345793,337,173,261,214,475,9.150786530050942,242,142,189,182,7.79,20.52,28.96,20.82,15.15,6.77,LEHECKA
Cincinnati_2026_R64_Hanfmann_Fils,96.15,14.146266666666666,14.71,961.8220744429789,1.5108481262327416,242,131,229,186,415,14.360328546487766,170,119,156,185,1.6,12.24,25.07,16.22,31.57,13.29,FILS
Cincinnati_2026_R64_Altmaier_Musetti,89.11666666666666,17.257116666666665,19.36,1423.0353986947669,1.6750424448217318,301,112,230,290,520,12.53477970605871,241,130,203,249,8.16,15.68,15.25,8.89,11.17,40.84,ALTMAIER
Cincinnati_2026_R64_Fonseca_van-de-Zandschulp,106.88333333333334,15.378966666666667,14.39,1234.6379529290589,1.5555366269165247,289,139,281,250,531,13.784179218649284,244,152,181,183,6.57,19.06,23.06,16.99,20.41,13.92,FONSECA
Cincinnati_2026_R64_Tsitsipas_Auger-Aliassime,87.53333333333333,11.525533333333334,13.17,915.1993449928129,1.5903587443946188,220,111,158,194,352,12.326841799905768,180,93,131,118,6.2,12.08,19.8,11.3,20.83,29.78,TSITSIPAS
Cincinnati_2026_R64_Merida_Bergs,79.68333333333334,11.930083333333332,14.97,933.9521011969731,1.696,211,107,155,234,389,8.536147286678153,224,83,113,176,8.47,21.32,24.14,22.22,18.49,5.36,BERGS
Cincinnati_2026_R64_Nakashima_Kovacevic,80.66666666666667,12.283800000000001,15.23,681.406387082983,1.3619791666666667,175,117,128,179,307,6.10724896517085,156,84,105,101,1.43,15.78,27.21,19.25,21.02,15.31,NAKASHIMA
Cincinnati_2026_R64_Navarro_Kalinina,135.73333333333332,23.12685,17.04,1493.0074755812545,1.4135947712418302,392,168,262,275,537,10.381116307747073,181,181,233,208,8.32,17.72,22.8,25.71,18.31,7.14,NAVARRO
Cincinnati_2026_R64_Swiatek_Arango,71.93333333333334,13.161533333333333,18.3,1015.7478276404327,1.5110204081632652,251,93,184,188,372,10.38700840781497,143,120,142,173,6.59,11.7,27.97,29.44,18.45,5.84,SWIATEK
Cincinnati_2026_R64_Townsend_Rybakina,78.33333333333333,13.364683333333334,17.06,904.580683728122,1.4505330490405117,237,111,203,183,386,9.620737238863809,141,74,139,142,6.66,11.48,31.95,33.2,13.44,3.27,RYBAKINA
Cincinnati_2026_R32_Frech_Rybakina,232.16666666666666,23.477500000000003,10.11,1502.4569098149964,1.463060686015831,374,163,241,371,612,9.1690842561082,263,134,229,243,8.11,10.78,35.32,31.96,12.16,1.68,RYBAKINA
Cincinnati_2026_R32_Swiatek_Sakkari,118.06666666666666,19.904483333333335,16.86,1309.9099020981905,1.4278711484593838,358,145,283,250,533,11.919914268994535,180,168,193,232,2.34,8.6,28.07,31.19,25.56,4.24,SWIATEK
Cincinnati_2026_R32_Blockx_Cobolli,148.43333333333334,27.903916666666664,18.8,2489.8877366255656,1.7887585532746824,518,215,406,453,859,14.423249743168832,409,216,371,310,9.24,14.93,15.79,11.96,11.94,36.14,BLOCKX
Cincinnati_2026_R32_Hijikata_Mensik,92.65,16.638533333333335,17.96,1410.464627897846,1.70046875,328,138,214,340,554,10.673778912445147,275,132,197,246,11.17,16.61,19.82,22.24,21.16,9.01,MENSIK
Cincinnati_2026_R32_Lehecka_Fils,120.6,18.602183333333336,15.42,1439.861059314733,1.5782312925170068,366,174,318,266,584,11.91837945091931,255,186,234,262,3.08,11.87,21.13,17.4,25.42,21.1,FILS
Cincinnati_2026_R32_Lehecka_Fils,120.6,18.602183333333336,15.42,1466.6018903338884,1.591700680272109,369,174,266,318,584,10.49859098359601,275,177,214,210,7.15,18.07,22.63,18.08,21.89,12.18,LEHECKA
Cincinnati_2026_R32_Navarro_Pegula,101.11666666666666,21.525333333333332,21.29,1367.9194817295847,1.3535192563081009,378,155,257,263,520,7.804257006426696,160,201,246,223,5.52,15.28,22.46,30.77,20.24,5.74,NAVARRO
Cincinnati_2026_R32_Nakashima_Medvedev,171.15,30.740599999999997,17.96,2570.3272488837724,1.559789644012945,617,221,623,451,1074,10.013022955864066,450,224,404,422,6.74,12.01,19.55,24.74,25.09,11.87,NAKASHIMA
Cincinnati_2026_R16_Fils_de-Minaur,161.53333333333333,14.5778,9.02,1290.0397573328219,1.6379767827529021,292,121,243,242,485,11.829173024769512,216,122,196,213,6.04,11.08,16.33,13.81,22.68,30.05,FILS
Cincinnati_2026_R16_Tirante_Mensik,134.58333333333334,24.421883333333334,18.15,1839.646832405103,1.5204595185995624,464,184,394,413,807,10.729051972044036,370,191,266,354,7.16,15.6,19.35,19.64,19.54,18.71,MENSIK
Cincinnati_2026_R16_Tirante_Mensik,134.58333333333334,24.421883333333334,18.15,1986.051274852742,1.6193654266958424,450,184,413,394,807,11.185685793138855,323,223,289,319,3.19,9.42,16.93,14.04,24.7,31.72,TIRANTE
Cincinnati_2026_R16_Borges_Nakashima,140.11666666666667,28.043733333333332,20.01,2054.365506644089,1.5526732673267327,513,203,414,465,879,16.72924320230393,359,228,301,341,5.33,13.61,22.33,18.63,23.58,16.52,NAKASHIMA
Cincinnati_2026_R16_Shnaider_Rybakina,87.06666666666666,14.835066666666668,17.04,1011.0123832352559,1.4501831501831501,290,133,224,176,400,11.840860034869886,184,97,176,150,8.2,12.62,38.35,25.78,12.27,2.78,RYBAKINA
Cincinnati_2026_R16_Swiatek_Parry,88.68333333333334,17.13295,19.32,1438.7630602062034,1.5923423423423424,321,112,240,309,549,9.005712236641973,202,170,215,235,4.84,10.84,23.51,32.19,22.45,6.17,SWIATEK
Cincinnati_2026_QF_Tirante_Fils,64.41666666666667,11.554516666666666,17.94,914.710466455193,1.5297777777777777,219,95,184,197,381,8.88191587771616,166,85,136,147,6.42,13.17,20.59,16.57,16.59,26.66,FILS
Cincinnati_2026_QF_Tirante_Fils,64.41666666666667,11.554516666666666,17.94,1007.5741086097371,1.684,231,95,197,184,381,9.931247969549394,144,101,176,140,2.71,9.47,14.91,12.12,24.44,36.36,TIRANTE
