match_id,player,Speed in first meter,Acceleration in first meter,Deceleration in last meter,Time to achieve Max Speed,Time needed to move 1 m,Time needed to move 0.5 m
AO_2022_1st_Sinner_Sousa,SINNER,0.39,5.2,-5.3,0.96,0.5,0.3
AO_2022_2nd_Sinner_Johnson,SINNER,0.34,5.7,-4.2,0.94,0.6,0.4
AO_2022_3rd_Sinner_Daniel,SINNER,0.44,4.6,-5.1,0.85,0.5,0.3
AO_2022_4th_Sinner_Minaur,SINNER,0.37,7.7,-5.1,0.84,0.6,0.4
AO_2022_QF_Tsitsipas_Sinner,SINNER,0.44,5.8,-5.9,0.96,0.5,0.3
AO_2023_4th_Sinner_Tsitsipas,SINNER,0.47,6.5,-5.2,1.04,0.6,0.4
AO_2024_F_Sinner_Medvedev,SINNER,0.38,5.1,-5.2,0.77,0.6,0.4
AO_2024_QF_Sinner_Rublev,SINNER,0.32,5.1,-5.1,0.73,0.7,0.4
AO_2024_R16_Sinner_Khachanov,SINNER,0.31,5.9,-3.1,0.91,0.7,0.4
AO_2024_R32_Sinner_Baez,SINNER,0.34,4.7,-2.5,0.85,0.7,0.4
AO_2024_SF_Djokovic_Sinner,SINNER,0.31,4.9,-4.1,0.8,0.7,0.4
ATP_cup_2022_RR_Sinner_Purcell,SINNER,0.37,5.6,-4.0,0.91,0.5,0.3
ATP_cup_2022_RR_Sinner_Rinderknech,SINNER,0.3,5.5,-5.2,0.96,0.4,0.3
ATP_cup_2022_RR_Sinner_Safiullin,SINNER,0.35,6.5,-4.1,0.88,0.6,0.4
Adelaide1_2023_QF_Sinner_Korda,SINNER,0.33,6.3,-3.3,0.75,0.6,0.4
Adelaide1_2023_R16_Sinner_Kokkinakis,SINNER,0.34,6.1,-5.5,0.84,0.6,0.4
Adelaide1_2023_R32_Sinner_Edmund,SINNER,0.27,8.7,-4.8,0.71,0.6,0.4
Adelaide_2023_1st_Sinner_Edmund,SINNER,0.27,8.7,-4.8,0.71,0.6,0.4
Adelaide_2023_2nd_Sinner_Kokkinakis,SINNER,0.34,6.1,-5.5,0.84,0.6,0.4
Beijing_2023_F_Sinner_Medvedev,SINNER,0.38,5.2,-4.4,0.72,0.6,0.4
Beijing_2023_QF_Dimitrov_Sinner,SINNER,0.43,6.0,-5.3,0.92,0.5,0.3
Beijing_2023_R16_Nishioka_Sinner,SINNER,0.35,6.2,-4.1,0.86,0.6,0.3
Beijing_2023_R32_Evans_Sinner,SINNER,0.42,6.2,-4.8,0.84,0.6,0.3
Beijing_2023_SF_Alcaraz_Sinner,SINNER,0.39,6.5,-4.7,1.0,0.5,0.3
Cincinnati_2021_R32_Sinner_Isner,SINNER,0.59,5.2,-4.2,1.01,0.5,0.3
Cincinnati_2021_R64_Sinner_Delbonis,SINNER,0.38,6.2,-4.5,0.89,0.6,0.3
Cincinnati_2022_1st_Kokkinakis_Sinner,SINNER,0.37,4.9,-5.1,0.78,0.6,0.4
Cincinnati_2022_2nd_Kecmanovic_Sinner,SINNER,0.31,5.9,-4.0,0.88,0.6,0.4
Cincinnati_2022_3rd_Auger-Aliassime_Sinner,SINNER,0.29,6.4,-6.4,1.33,0.5,0.3
Cincinnati_2023_R32_Sinner_Lajovic,SINNER,0.34,7.5,-5.1,1.0,0.6,0.4
Cincinnati_2024_F_Sinner_Tiafoe,SINNER,0.44,6.7,-4.1,1.12,0.6,0.3
Cincinnati_2024_QF_Sinner_Rublev,SINNER,0.47,5.6,-5.4,0.86,0.5,0.3
Cincinnati_2024_R32_Sinner_Michelsen,SINNER,0.29,6.7,-3.1,1.06,0.6,0.4
Cincinnati_2024_SF_Sinner_Zverev,SINNER,0.38,8.3,-5.2,0.88,0.6,0.4
Dubai_2022_2nd_Murray_Sinner,SINNER,0.35,7.5,-4.9,0.97,0.6,0.4
Halle_2023_QF_Bublik_Sinner,SINNER,0.44,4.7,-5.3,0.02,0.7,0.3
Halle_2023_R16_Sonego_Sinner,SINNER,0.41,6.0,-4.6,1.1,0.5,0.3
Halle_2023_R32_Gasquet_Sinner,SINNER,0.27,6.0,-4.5,1.01,0.5,0.3
Indian-Wells_2023_QF_Fritz_Sinner,SINNER,0.41,5.6,-4.3,0.89,0.6,0.4
Indian-Wells_2023_R16_Sinner_Wawrinka,SINNER,0.39,5.9,-5.5,0.75,0.6,0.4
Indian-Wells_2023_R32_Sinner_Mannarino,SINNER,0.41,5.9,-5.1,0.8,0.6,0.4
Indian-Wells_2023_R64_Sinner_Gasquet,SINNER,,,,,,
Indian-Wells_2023_SF_Alcaraz_Sinner,SINNER,0.39,7.4,-4.7,0.91,0.6,0.4
Indian_Wells_2021_R16_Fritz_Sinner,SINNER,0.37,6.9,-4.4,0.91,0.6,0.4
Indian_Wells_2021_R64_Millman_Sinner,SINNER,0.41,6.8,-5.2,0.85,0.6,0.4
Indian_Wells_2022_R32_Sinner_Bonzi,SINNER,0.42,4.2,-4.4,0.83,0.5,0.3
Indian_Wells_2022_R64_Sinner_Djere,SINNER,0.37,5.3,-4.1,0.75,0.6,0.4
Indian_Wells_2024_QF_Lehecka_Sinner,SINNER,0.29,4.9,-3.6,0.73,0.5,0.3
Indian_Wells_2024_R16_Shelton_Sinner,SINNER,0.3,5.8,-3.4,0.82,0.5,0.3
Indian_Wells_2024_R32_Struff_Sinner,SINNER,0.49,5.0,-4.9,0.94,0.4,0.2
Indian_Wells_2024_R64_Kokkinakis_Sinner,SINNER,0.45,5.3,-3.9,1.0,0.5,0.3
Indian_Wells_2024_SF_Sinner_Alcaraz,SINNER,0.44,5.5,-3.6,0.99,0.6,0.3
Madrid_2021_R32_Popyrin_Sinner,SINNER,0.44,7.4,-6.8,0.87,0.6,0.3
Madrid_2021_R64_Pella_Sinner,SINNER,0.34,6.3,-5.9,0.7,0.7,0.4
Madrid_2022_R16_Auger-Aliassime_Sinner,SINNER,0.4,6.7,-6.7,0.84,0.6,0.3
Madrid_2022_R32_de_Minaur_Sinner,SINNER,0.96,6.1,-4.6,0.93,0.5,0.3
Madrid_2022_R64_Paul_Sinner,SINNER,0.44,7.0,-5.8,0.87,0.6,0.4
Madrid_2024_R16_Sinner_Khachanov,SINNER,0.46,6.4,-5.1,1.12,0.5,0.3
Madrid_2024_R32_Sinner_Kotov,SINNER,0.37,8.2,-2.7,1.04,0.7,0.4
Madrid_2024_R64_Sinner_Sonego,SINNER,0.45,5.8,-2.7,1.19,0.5,0.3
Miami_2021_F_Sinner_Hurkacz,SINNER,0.41,5.4,-3.7,0.86,0.6,0.3
Miami_2021_QF_Sinner_Bublik,SINNER,0.5,5.6,-3.6,1.24,0.6,0.4
Miami_2021_R16_Ruusuvuori_Sinner,SINNER,0.35,7.1,-3.9,0.93,0.5,0.3
Miami_2021_R32_Sinner_Khachanov,SINNER,0.71,2.4,-7.1,1.22,0.6,0.4
Miami_2021_R64_Sinner_Gaston,SINNER,0.82,0.6,-7.0,0.16,0.2,0.1
Miami_2021_SF_Bautista_Agut_Sinner,SINNER,0.44,6.5,-5.3,0.9,0.6,0.4
Miami_2022_QF_Sinner_Cerundolo,SINNER,0.44,8.6,-2.8,1.13,0.8,0.6
Miami_2022_R16_Kyrgios_Sinner,SINNER,0.58,4.7,-1.7,1.19,0.6,0.3
Miami_2022_R64_Ruusuvuori_Sinner,SINNER,0.43,5.9,-4.5,0.97,0.6,0.3
Miami_2023_F_Sinner_Medvedev,SINNER,0.45,6.3,-11.8,1.15,0.5,0.3
Miami_2023_QF_Ruusuvuori_Sinner,SINNER,0.36,5.9,-4.2,0.81,0.6,0.3
Miami_2023_R16_Sinner_Rublev,SINNER,0.43,6.4,-4.2,0.92,0.6,0.4
Miami_2023_R32_Sinner_Dimitrov,SINNER,0.32,7.1,-4.3,0.86,0.6,0.4
Miami_2023_R64_Sinner_Djere,SINNER,0.45,5.3,-5.0,1.02,0.6,0.4
Miami_2023_SF_Alcaraz_Sinner,SINNER,0.37,7.1,-4.8,1.0,0.5,0.4
Miami_2024_F_Dimitrov_Sinner,SINNER,0.42,5.0,-3.2,0.99,0.6,0.4
Miami_2024_QF_Machac_Sinner,SINNER,0.53,4.2,-4.4,0.9,0.5,0.3
Miami_2024_R16_O'Connell_Sinner,SINNER,0.52,6.2,-4.1,0.97,0.6,0.3
Miami_2024_R32_Griekspoor_Sinner,SINNER,0.44,5.6,-3.9,1.04,0.6,0.3
Miami_2024_R64_Vavassori_Sinner,SINNER,0.42,7.0,-5.0,0.97,0.6,0.3
Miami_2024_SF_Medvedev_Sinner,SINNER,0.49,5.7,-5.1,0.77,0.6,0.3
Monte-Carlo_2023_2022_SF_Sinner_Rune,SINNER,0.34,5.1,-3.1,0.93,0.5,0.3
Monte-Carlo_2023_QF_Musetti_Sinner,SINNER,0.49,5.6,-5.8,0.94,0.5,0.3
Monte-Carlo_2023_R16_Hurkacz_Sinner,SINNER,0.52,4.9,-5.7,1.05,0.5,0.3
Monte-Carlo_2023_R32_Schwartzman_Sinner,SINNER,0.34,7.7,-6.4,0.92,0.7,0.5
Monte_Carlo_2021_R32_Djokovic_Sinner,SINNER,0.36,6.4,-5.1,0.91,0.6,0.4
Monte_Carlo_2021_R64_Ramos-Vinolas_Sinner,SINNER,0.32,4.8,-4.5,0.91,0.5,0.3
Monte_Carlo_2024_QF_Rune_Sinner,SINNER,0.37,5.1,-4.5,0.95,0.5,0.3
Monte_Carlo_2024_R16_Struff_Sinner,SINNER,0.5,5.2,-14.2,1.25,0.4,0.2
Monte_Carlo_2024_R32_Korda_Sinner,SINNER,0.51,4.6,-5.1,0.94,0.6,0.3
Monte_Carlo_2024_SF_Tsitsipas_Sinner,SINNER,0.39,5.6,-4.8,1.21,0.5,0.3
Paris_2021_R32_Sinner_Alcaraz,SINNER,0.42,4.3,-4.7,0.79,0.5,0.3
Paris_2023_R32_Sinner_McDonald,SINNER,0.38,5.1,-4.2,0.88,0.5,0.3
RG_2023_R64_Sinner_Altmaier,SINNER,0.45,5.2,-4.3,1.1,0.5,0.3
Rogers-cup_2023_F_Sinner_De-Minaur,SINNER,0.2,3.6,-4.4,0.57,0.5,0.3
Rogers-cup_2023_QF_Monfils_Sinner,SINNER,0.31,6.4,-4.6,0.82,0.6,0.4
Rogers-cup_2023_R32_Berrettini_Sinner,SINNER,0.26,4.4,-3.9,0.78,0.4,0.3
Rogers-cup_2023_SF_Paul_Sinner,SINNER,0.41,6.0,-4.8,0.85,0.5,0.3
Rogers_cup_2021_R32_Duckworth_Sinner,SINNER,0.61,5.8,-5.5,0.82,0.7,0.3
Rogers_cup_2022_2nd_Sinner_Mannarino,SINNER,0.39,7.4,-5.6,0.88,0.7,0.4
Rogers_cup_2022_3rd_Sinner_Carreno-Busta,SINNER,0.38,7.0,-5.6,0.84,0.6,0.4
Rogers_cup_2024_QF_Sinner_Rublev,SINNER,0.47,5.6,-4.8,0.73,0.6,0.3
Rogers_cup_2024_R16_Sinner_Tabilo,SINNER,0.46,6.2,-5.5,0.94,0.7,0.5
Rogers_cup_2024_R32_Sinner_Coric,SINNER,0.29,5.9,-4.0,0.86,0.5,0.3
Rome_2021_R32_Sinner_Nadal,SINNER,0.36,5.8,-4.8,0.86,0.6,0.4
Rome_2021_R64_Humbert_Sinner,SINNER,0.27,6.0,-5.6,0.69,0.6,0.4
Rome_2022_QF_Sinner_Tsitsipas,SINNER,0.38,6.6,-5.9,0.9,0.5,0.3
Rome_2022_R16_Krajinovic_Sinner,SINNER,0.39,6.2,-3.7,0.9,0.6,0.4
Rome_2022_R32_Fognini_Sinner,SINNER,0.35,7.8,-5.4,0.95,0.6,0.4
Rome_2022_R64_Martinez_Sinner,SINNER,0.49,8.0,-6.0,1.07,0.6,0.4
Rome_2023_R16_Cerundolo_Sinner,SINNER,0.29,6.6,-7.2,0.83,0.5,0.4
Rome_2023_R32_Shevchenko_Sinner,SINNER,0.47,6.0,-5.6,0.76,0.6,0.4
Rome_2023_R64_Kokkinakis_Sinner,SINNER,0.51,7.1,-4.7,1.0,0.6,0.4
Rotterdam_2023_2nd_Tsitsipas_Sinner,SINNER,0.41,5.9,-3.2,0.9,0.5,0.3
Rotterdam_2023_F_Sinner_Medvedev,SINNER,0.34,6.9,-4.7,0.84,0.6,0.4
Rotterdam_2023_QF_Sinner_Wawrinka,SINNER,0.34,6.5,-4.3,0.86,0.6,0.4
Rotterdam_2023_R32_Bonzi_Sinner,SINNER,0.44,6.3,-4.1,0.88,0.6,0.4
Rotterdam_2023_SF_Sinner_Griekspoor,SINNER,0.28,6.6,-5.1,0.86,0.6,0.4
Rotterdam_2024_F_Sinner_de-Minaur,SINNER,0.39,5.7,-5.0,0.79,0.6,0.4
Rotterdam_2024_QF_Sinner_Raonic,SINNER,0.44,8.6,-4.9,0.98,0.6,0.3
Rotterdam_2024_R16_Sinner_Monfils,SINNER,0.42,5.0,-3.6,0.85,0.6,0.3
Rotterdam_2024_R32_Sinner_van-de-Zandschulp,SINNER,0.35,5.6,-3.9,0.89,0.5,0.3
Rotterdam_2024_SF_Sinner_Griekspoor,SINNER,0.26,4.6,-2.7,0.73,0.5,0.3
Shanghai_2023_R16_Sinner_Shelton,SINNER,0.35,6.1,-4.3,0.87,0.6,0.4
Shanghai_2023_R32_Sinner_Baez,SINNER,0.39,5.5,-5.2,0.79,0.6,0.3
Shanghai_2023_R64_Sinner_Giron,SINNER,0.4,4.7,-4.8,0.86,0.6,0.4
Sofia_2022_SF_Sinner_Rune,SINNER,0.51,6.9,-5.8,1.37,0.5,0.4
Stockholm_2021_2nd_Sinner_Murray,SINNER,0.65,1.4,-1.5,1.15,0.8,0.4
Turin_2023_F_Sinner_Djokovic,SINNER,0.43,4.3,-5.4,0.67,0.5,0.3
Turin_2023_RR_Djokovic_Sinner,SINNER,0.43,4.9,-5.3,0.69,0.5,0.3
Turin_2023_RR_Sinner_Rune,SINNER,0.43,3.4,-5.9,0.73,0.4,0.2
Turin_2023_RR_Sinner_Tsitsipas,SINNER,0.52,4.0,-4.4,1.15,0.5,0.3
Turin_2023_SF_Sinner_Medvedev,SINNER,0.42,6.7,-5.4,0.89,0.6,0.3
US_Open_2022_1st_Altmaier_Sinner,SINNER,0.32,5.6,-5.2,0.81,0.6,0.4
US_Open_2022_2nd_Eubanks_Sinner,SINNER,0.33,5.9,-5.5,0.82,0.5,0.3
US_Open_2022_3rd_Nakashima_Sinner,SINNER,0.28,6.2,-3.4,0.97,0.5,0.3
US_Open_2022_4th_Ivashka_Sinner,SINNER,0.43,6.1,-4.5,0.99,0.6,0.4
US_Open_2022_QF_Sinner_Alcaraz,SINNER,0.38,5.7,-4.2,0.96,0.5,0.3
US_Open_2024_1st_Sinner_Mcdonald,SINNER,0.35,6.7,-4.8,0.95,0.6,0.3
US_Open_2024_F_Sinner_Fritz,SINNER,0.3,5.3,-5.3,0.63,0.6,0.3
US_Open_2024_QF_Sinner_Medvedev,SINNER,0.4,5.6,-4.0,0.79,0.6,0.4
US_Open_2024_R16_Sinner_Paul,SINNER,0.36,5.0,-3.6,0.8,0.5,0.3
US_Open_2024_R32_Sinner_O'connell,SINNER,0.4,7.1,-4.9,0.89,0.5,0.3
US_Open_2024_R64_Sinner_Michelsen,SINNER,0.34,4.2,-5.6,0.67,0.4,0.2
US_Open_2024_SF_Sinner_Draper,SINNER,0.41,5.7,-4.6,0.96,0.6,0.4
Vienna_2023_F_Medvedev_Sinner,SINNER,0.37,5.6,-4.3,0.9,0.5,0.3
Vienna_2023_QF_Tiafoe_Sinner,SINNER,0.39,5.6,-4.7,0.86,0.5,0.3
Vienna_2023_R16_Sonego_Sinner,SINNER,0.53,4.2,-6.7,0.98,0.5,0.2
Vienna_2023_R32_Shelton_Sinner,SINNER,0.35,5.9,-5.3,0.98,0.4,0.3
Vienna_2023_SF_Rublev_Sinner,SINNER,0.49,4.1,-5.7,0.84,0.5,0.2
Wimbledon_2024_1st_Sinner_Hanfmann,SINNER,0.35,5.7,-4.0,0.86,0.7,0.5
Wimbledon_2024_QF_Sinner_Medvedev,SINNER,0.37,6.9,-4.5,0.84,0.6,0.4
Wimbledon_2024_R16_Sinner_Shelton,SINNER,0.32,6.0,-4.9,0.81,0.7,0.4
Wimbledon_2024_R32_Sinner_Kecmanovic,SINNER,0.34,7.1,-3.9,0.91,0.5,0.3
Wimbledon_2024_R64_Sinner_Berrettini,SINNER,0.36,5.3,-3.7,1.29,0.5,0.3
AO_2023_1st_Haddad-Maia_Parrizas-Diaz,HADDAD MAIA,0.44,6.0,-3.7,0.89,0.7,0.4
AO_2024_1st_Fruhvirtova_Haddad-Maia,HADDAD MAIA,0.39,3.6,-3.2,0.78,0.7,0.4
AO_2024_R32_Timofeeva_Haddad-Maia,HADDAD MAIA,0.37,3.9,-3.3,0.88,0.8,0.5
AO_2024_R64_Korneeva_Haddad-Maia,HADDAD MAIA,0.34,4.5,-3.3,0.85,0.7,0.4
Adelaide2_2023_4th_Haddad-Maia_Badosa,HADDAD MAIA,0.51,4.7,-3.7,0.81,0.6,0.3
Adelaide_2024_1st_Haddad-Maia_Pavlyuchenkova,HADDAD MAIA,0.34,5.0,-3.2,0.91,0.7,0.5
Berlin_2024_R32_Haddad-Maia_Alexandrova,HADDAD MAIA,0.12,4.9,-2.9,0.82,0.6,0.4
Cincinnati_2022_1st_Haddad-Maia_Ostapenko,HADDAD MAIA,0.31,6.3,-2.6,1.07,0.6,0.3
Cincinnati_2023_R64_Muchova_Haddad-Maia,HADDAD MAIA,0.42,5.2,-3.6,1.09,0.6,0.3
Cincinnati_2024_R64_Pavlyuchenkova_Haddad-Maia,HADDAD MAIA,0.39,5.7,-5.1,0.75,0.6,0.3
Doha_2024_R64_Haddad-Maia_Wang,HADDAD MAIA,0.37,4.0,-4.5,0.53,0.6,0.3
Dubai_2024_R64_Paolini_Haddad-Maia,HADDAD MAIA,0.49,3.6,-3.1,0.92,0.6,0.3
Eastbourne_2022_SF_Haddad-Maia_Kvitova,HADDAD MAIA,0.48,3.9,-4.6,0.76,0.6,0.3
Indian_Wells_2023_R32_Raducanu_Haddad-Maia,HADDAD MAIA,0.39,4.1,-3.7,0.8,0.6,0.3
Indian_Wells_2023_R64_Siniakova_Haddad-Maia,HADDAD MAIA,0.41,4.0,-3.7,0.87,0.6,0.3
Indian_Wells_2024_R32_Haddad-Maia_Pavlyuchenkova,HADDAD MAIA,0.38,4.9,-4.1,0.85,0.6,0.3
Indian_Wells_2024_R64_Haddad-Maia_Sramkova,HADDAD MAIA,0.37,5.2,-4.2,0.87,0.6,0.4
Madrid_2023_R64_Haddad-Maia_Andreeva,HADDAD MAIA,0.45,5.8,-4.5,0.99,0.7,0.4
Madrid_2024_QF_Swiatek_Haddad-Maia,HADDAD MAIA,0.41,5.9,-3.8,0.89,0.7,0.4
Madrid_2024_R16_Haddad-Maia_Sakkari,HADDAD MAIA,0.46,7.1,-6.1,1.0,0.6,0.3
Madrid_2024_R32_Haddad-Maia_Navarro,HADDAD MAIA,0.37,4.3,-3.9,0.92,0.6,0.4
Madrid_2024_R64_Haddad-Maia_Errani,HADDAD MAIA,0.51,4.8,-4.3,0.84,0.6,0.3
Miami_2022_2nd_Haddad-Maia_Sakkari,HADDAD MAIA,0.49,5.1,-4.7,0.96,0.6,0.3
Miami_2023_R32_Ostapenko_Haddad-Maia,HADDAD MAIA,0.41,4.5,-3.5,0.84,0.6,0.4
Miami_2023_R64_Martincova_Haddad-Maia,HADDAD MAIA,0.39,4.6,-4.2,0.9,0.7,0.4
Miami_2024_R32_Boulter_Haddad-Maia,HADDAD MAIA,0.33,5.0,-4.1,0.84,0.6,0.4
Miami_2024_R64_Parry_Haddad-Maia,HADDAD MAIA,0.46,4.2,-4.4,0.96,0.6,0.3
Rogers_cup_2024_R32_Haddad-Maia_Boulter,HADDAD MAIA,,,,,,
Rogers_cup_2024_R64_Haddad-Maia_Bouzkova,HADDAD MAIA,0.42,4.5,-4.5,0.82,0.6,0.3
Rome_2023_QF_Haddad-Maia_Kalinina,HADDAD MAIA,0.28,4.9,-3.3,0.97,0.6,0.4
Rome_2023_R16_Osorio_Haddad-Maia,HADDAD MAIA,0.35,4.9,-4.4,1.07,0.6,0.4
Rome_2023_R32_Linette_Haddad-Maia,HADDAD MAIA,0.4,5.7,-5.6,0.85,0.6,0.4
Rome_2023_R64_Ruse_Haddad-Maia,HADDAD MAIA,0.44,4.4,-4.6,1.06,0.6,0.3
Rome_2024_R32_Haddad-Maia_Keys,HADDAD MAIA,0.32,5.5,-4.4,0.76,0.6,0.3
Rome_2024_R64_Haddad-Maia_Wang,HADDAD MAIA,0.42,4.9,-4.5,0.9,0.6,0.3
San_Diego_2024_R16_Boulter_Haddad-Maia,HADDAD MAIA,0.35,5.8,-3.7,0.95,0.6,0.4
Toronto_2022_2nd_Haddad-Maia_Fernandez,HADDAD MAIA,0.43,4.2,-4.1,0.86,0.6,0.4
Toronto_2022_3rd_Swiatek_Haddad-Maia,HADDAD MAIA,0.45,4.4,-3.5,0.96,0.5,0.3
Toronto_2022_F_Haddad-Maia_Halep,HADDAD MAIA,0.54,3.9,-4.0,0.9,0.7,0.4
Toronto_2022_QF_Haddad-Maia_Bencic,HADDAD MAIA,0.3,3.8,-2.9,0.9,0.6,0.4
Toronto_2022_SF_Haddad-Maia_Pliskova,HADDAD MAIA,0.48,4.5,-3.2,0.8,0.6,0.4
US_Open_2022_2nd_Haddad-Maia_Andreescu,HADDAD MAIA,0.48,4.3,-4.2,1.11,0.6,0.4
US_Open_2023_1st_Stephens_Haddad-Maia,HADDAD MAIA,0.4,5.0,-3.3,0.94,0.6,0.4
US_Open_2023_R64_Townsend_Haddad-Maia,HADDAD MAIA,0.53,3.9,-3.7,1.02,0.6,0.3
US_Open_2024_1st_Haddad-Maia_Avanesyan,HADDAD MAIA,0.6,4.8,-5.0,0.94,0.6,0.3
US_Open_2024_QF_Haddad-Maia_Muchova,HADDAD MAIA,0.49,4.5,-4.3,0.94,0.6,0.3
US_Open_2024_R16_Wozniacki_Haddad-Maia,HADDAD MAIA,0.45,5.1,-4.2,0.95,0.7,0.4
US_Open_2024_R32_Haddad-Maia_Kalinskaya,HADDAD MAIA,0.3,5.2,-2.7,1.07,0.6,0.4
US_Open_2024_R64_Haddad-Maia_Sorribes-Tormo,HADDAD MAIA,0.59,4.0,-3.4,0.97,0.7,0.4
United_Cup_2023_RR_Haddad-Maia_Trevisan,HADDAD MAIA,0.54,3.0,-4.8,0.73,0.6,0.3
United_Cup_2023_RR_Haddad_Maia_Helgo,HADDAD MAIA,0.44,3.6,-3.5,0.66,0.7,0.4
United_Cup_2024_1st_Sorribes-Tormo_Haddad-Maia,HADDAD MAIA,0.36,4.0,-3.7,0.72,0.7,0.4
United_Cup_2024_1st_Swiatek_Haddad-Maia,HADDAD MAIA,0.39,4.5,-3.9,0.97,0.7,0.4
Wimbledon_2024_1st_Frech_Haddad-Maia,HADDAD MAIA,0.43,4.1,-5.8,0.82,0.6,0.3
Wimbledon_2024_R32_Collins_Haddad-Maia,HADDAD MAIA,0.25,3.8,-3.6,0.81,0.6,0.4
Wimbledon_2024_R64_Osorio_Haddad-Maia,HADDAD MAIA,0.33,5.7,-4.0,1.02,0.6,0.3
Seoul_2024_R16_Tomljanovic_Haddad-Maia,HADDAD MAIA,0.34,5.0,-3.8,0.8,0.6,0.4
AO_2022_1st_Wang_Gauff,GAUFF,0.37,6.1,-4.7,0.82,0.6,0.3
AO_2023_R16_Ostapenko_Gauff,GAUFF,0.53,4.0,-5.6,1.12,0.5,0.3
AO_2024_QF_Kostyuk_Gauff,GAUFF,0.34,4.6,-4.1,0.74,0.7,0.4
AO_2024_R16_Frech_Gauff,GAUFF,0.26,4.8,-3.6,0.78,0.7,0.4
AO_2024_R32_Parks_Gauff,GAUFF,0.32,4.8,-1.8,1.08,0.8,0.5
AO_2024_R64_Dolehide_Gauff,GAUFF,0.44,4.3,-3.6,0.63,0.8,0.4
AO_2024_SF_Gauff_Sabalenka,GAUFF,0.36,5.6,-4.2,0.95,0.7,0.4
Adelaide1_2022_R16_Barty_Gauff,GAUFF,0.34,5.2,-3.2,0.87,0.5,0.3
Adelaide1_2022_R32_Gauff_Eikeri,GAUFF,0.44,4.6,-5.7,0.82,0.5,0.3
Adelaide2_2022_QF_Konjuh_Gauff,GAUFF,0.44,7.5,-6.9,0.81,0.5,0.3
Adelaide2_2022_R16_Kostyuk_Gauff,GAUFF,0.41,6.2,-5.6,0.55,0.6,0.4
Adelaide2_2022_R32_Siniakova_Gauff,GAUFF,0.28,4.4,-3.4,0.85,0.5,0.3
Adelaide2_2022_SF_Gauff_Keys,GAUFF,0.43,7.4,-4.3,0.9,0.5,0.3
Auckland_2023_F_Gauff_Masarova,GAUFF,0.42,6.4,-4.7,0.83,0.6,0.4
Auckland_2023_R32_Gauff_Maria,GAUFF,0.55,6.7,-5.2,1.02,0.7,0.4
Auckland_2023_SF_Gauff_Kovinic,GAUFF,0.41,4.8,-5.0,0.94,0.5,0.3
Berlin_2024_SF_Gauff_Pegula,GAUFF,0.48,5.5,-4.6,0.95,0.6,0.3
Cincinnati_2021_R32_Gauff_Osaka,GAUFF,0.35,6.9,-4.7,0.78,0.6,0.3
Cincinnati_2023_F_Gauff_Muchova,GAUFF,0.32,5.6,-3.7,0.92,0.5,0.3
Cincinnati_2023_QF_Paolini_Gauff,GAUFF,0.39,4.9,-2.8,1.09,0.5,0.3
Cincinnati_2023_R16_Noskova_Gauff,GAUFF,0.46,5.2,-4.4,0.9,0.6,0.4
Cincinnati_2023_R32_Sherif_Gauff,GAUFF,0.43,4.9,-4.4,0.58,0.5,0.3
Cincinnati_2023_SF_Swiatek_Gauff,GAUFF,0.43,5.0,-5.0,0.76,0.5,0.3
Doha_2022_QF_Gauff_Sakkari,GAUFF,0.44,5.1,-3.6,0.71,0.6,0.4
Doha_2022_R16_Badosa_Gauff,GAUFF,0.45,3.8,-4.4,1.0,0.5,0.3
Indian_Wells_2022_R32_Halep_Gauff,GAUFF,0.47,4.7,-4.5,0.75,0.6,0.3
Indian_Wells_2023_QF_Gauff_Sabalenka,GAUFF,0.44,5.4,-4.6,0.9,0.6,0.3
Indian_Wells_2024_QF_Yuan_Gauff,GAUFF,0.46,5.7,-4.3,0.85,0.6,0.3
Indian_Wells_2024_R16_Mertens_Gauff,GAUFF,0.41,5.0,-4.5,0.85,0.5,0.3
Indian_Wells_2024_R32_Bronzetti_Gauff,GAUFF,0.48,5.6,-4.4,0.95,0.6,0.3
Indian_Wells_2024_R64_Burel_Gauff,GAUFF,0.49,4.9,-6.2,0.76,0.6,0.4
Indian_Wells_2024_SF_Gauff_Sakkari,GAUFF,0.43,5.9,-4.4,0.92,0.6,0.4
Madrid_2022_R16_Gauff_Halep,GAUFF,0.49,6.5,-5.2,0.94,0.7,0.4
Madrid_2022_R32_Gauff_Putintseva,GAUFF,0.51,5.5,-5.1,1.01,0.6,0.3
Madrid_2022_R64_Gauff_Schmiedlova,GAUFF,0.56,6.6,-4.6,0.66,0.6,0.4
Madrid_2023_R32_Gauff_Badosa,GAUFF,0.46,4.5,-5.1,0.74,0.6,0.4
Madrid_2023_R64_Gauff_Burillo-Escorihuela,GAUFF,0.62,6.2,-5.6,0.9,0.6,0.4
Madrid_2024_R16_Gauff_Keys,GAUFF,0.5,5.0,-3.7,0.94,0.6,0.3
Madrid_2024_R32_Gauff_Yastremska,GAUFF,0.69,6.2,-4.6,1.08,0.6,0.3
Madrid_2024_R64_Gauff_Rus,GAUFF,0.46,6.0,-4.0,1.12,0.7,0.4
Miami_2022_R16_Gauff_Swiatek,GAUFF,0.35,5.8,-2.6,0.88,0.5,0.3
Miami_2022_R32_Gauff_Zhang,GAUFF,0.49,4.8,-3.1,0.91,0.6,0.4
Miami_2022_R64_Gauff_Wang,GAUFF,0.4,3.9,-4.6,0.8,0.5,0.3
Miami_2024_R16_Gauff_Garcia,GAUFF,0.27,5.0,-3.7,0.79,0.5,0.3
Miami_2024_R32_Gauff_Dodin,GAUFF,0.88,2.5,-0.8,1.4,0.3,0.2
Miami_2024_R64_Gauff_Podoroska,GAUFF,0.39,6.1,-4.7,0.96,0.8,0.5
RG_2022_LS116_C._Gauff_R._Marino,GAUFF,0.46,6.0,-4.5,0.9,0.6,0.4
RG_2024_1st_Gauff_Avdeeva,GAUFF,0.42,5.4,-5.3,0.96,0.6,0.4
RG_2024_QF_Gauff_Jabeur,GAUFF,0.44,5.7,-4.4,1.27,0.6,0.4
RG_2024_R16_Gauff_Cocciaretto,GAUFF,0.58,4.9,-4.6,0.89,0.6,0.3
RG_2024_R32_Gauff_Yastremska,GAUFF,0.39,5.2,-4.3,0.82,0.6,0.3
RG_2024_R64_Gauff_Zidansek,GAUFF,0.64,4.7,-6.7,1.13,0.5,0.3
RG_2024_SF_Swiatek_Gauff,GAUFF,0.34,4.5,-5.1,0.64,0.5,0.3
Rogers_cup_2022_QF_Gauff_Halep,GAUFF,0.51,3.3,-4.8,0.86,0.5,0.3
Rogers_cup_2022_R32_Rybakina_Gauff,GAUFF,0.48,4.4,-3.9,0.82,0.6,0.3
Rogers_cup_2022_R64_Brengle_Gauff,GAUFF,0.36,5.5,-4.6,0.7,0.6,0.4
Rogers_cup_2024_R16_Gauff_Shnaider,GAUFF,0.35,5.0,-3.2,0.94,0.6,0.3
Rogers_cup_2024_R32_Gauff_Wang,GAUFF,0.64,4.9,-4.1,1.05,0.6,0.3
Rome_2022_R16_Gauff_Sakkari,GAUFF,0.41,5.3,-4.6,0.79,0.7,0.4
Rome_2022_R32_Gauff_Brengle,GAUFF,0.6,4.1,-4.9,0.91,0.5,0.3
Rome_2022_R64_Gauff_Kerber,GAUFF,0.36,5.6,-4.4,0.82,0.6,0.4
Rome_2023_R32_Gauff_Bouzkova,GAUFF,0.47,6.6,-5.6,0.96,0.6,0.4
Rome_2023_R64_Gauff_Putintseva,GAUFF,0.53,4.7,-5.6,0.99,0.6,0.3
Rome_2024_QF_Gauff_Zheng,GAUFF,0.44,4.1,-5.0,0.96,0.5,0.3
Rome_2024_R16_Gauff_Badosa,GAUFF,0.43,5.0,-4.5,0.82,0.6,0.3
Rome_2024_R32_Gauff_Cristian,GAUFF,0.56,5.0,-6.1,1.16,0.7,0.4
Rome_2024_R64_Gauff_Frech,GAUFF,0.62,5.0,-5.3,0.85,0.6,0.4
Rome_2024_SF_Swiatek_Gauff,GAUFF,0.37,4.7,-4.6,0.56,0.6,0.3
San_Jose_2022_QF_Gauff_Badosa,GAUFF,0.38,5.5,-4.4,0.79,0.7,0.4
San_Jose_2022_R32_Gauff_Kalinina,GAUFF,0.65,4.5,-5.4,1.0,0.4,0.3
US_Open_2022_QF_Gauff_Garcia,GAUFF,0.38,3.1,-3.5,0.76,0.4,0.2
US_Open_2023_1st_Siegemund_Gauff,GAUFF,0.41,5.0,-5.0,0.83,0.5,0.3
US_Open_2023_F_Gauff_Sabalenka,GAUFF,0.43,6.5,-4.8,0.82,0.6,0.4
US_Open_2023_QF_Ostapenko_Gauff,GAUFF,0.49,5.8,-4.3,0.93,0.5,0.3
US_Open_2023_R16_Wozniacki_Gauff,GAUFF,0.43,5.0,-4.8,0.81,0.6,0.3
US_Open_2023_R32_Mertens_Gauff,GAUFF,0.47,5.5,-5.0,1.01,0.5,0.3
US_Open_2023_R64_Andreeva_Gauff,GAUFF,0.46,4.0,-4.8,0.78,0.6,0.3
US_Open_2023_SF_Gauff_Muchova,GAUFF,0.48,7.5,-5.2,0.84,0.6,0.4
Washington_2023_F_Sakkari_Gauff,GAUFF,0.51,6.6,-4.3,0.88,0.6,0.4
Washington_2023_QF_Bencic_Gauff,GAUFF,0.41,5.5,-3.9,0.86,0.5,0.3
Washington_2023_R16_Baptiste_Gauff,GAUFF,0.48,6.6,-3.6,0.95,0.6,0.3
Washington_2023_SF_Gauff_Samsonova,GAUFF,0.19,6.4,-1.8,1.01,0.5,0.4
Wimbledon_2021_1st_Jones_Gauff,GAUFF,0.35,6.1,-5.3,0.79,0.5,0.3
Wimbledon_2021_R16_Gauff_Kerber,GAUFF,0.36,5.1,-4.3,0.76,0.5,0.3
Wimbledon_2021_R32_Juvan_Gauff,GAUFF,0.3,5.4,-3.7,0.87,0.5,0.3
Wimbledon_2021_R64_Vesnina_Gauff,GAUFF,0.27,5.0,-2.2,0.81,0.4,0.2
Wimbledon_2022_1st_Gauff_Ruse,GAUFF,0.48,4.0,-4.5,0.68,0.5,0.3
Wimbledon_2022_R32_Gauff_Anisimova,GAUFF,0.46,4.7,-3.8,0.86,0.5,0.3
Wimbledon_2022_R64_Gauff_Buzarnescu,GAUFF,0.38,7.6,-5.0,0.85,0.6,0.4
Wimbledon_2023_1st_Kenin_Gauff,GAUFF,0.33,5.7,-4.4,0.83,0.5,0.3
Seoul_2024_QF_Kudermetova_Haddad-Maia,HADDAD MAIA,0.35,6.0,-4.2,0.87,0.6,0.4
Seoul_2024_SF_Haddad-Maia_Kudermetova,HADDAD MAIA,0.43,4.2,-4.9,0.72,0.6,0.3
Seoul_2024_F_Kasatkina_Haddad-Maia,HADDAD MAIA,0.42,4.9,-4.7,0.92,0.6,0.3
AO_2024_Q_Mensik_Nakashima,NAKASHIMA,0.48,3.8,-3.0,0.76,0.8,0.5
Cincinnati_2024_R16_Nakashima_Rublev,NAKASHIMA,0.43,3.7,-4.9,0.94,0.4,0.2
Cincinnati_2024_R32_Nakashima_Fils,NAKASHIMA,0.42,5.0,-3.6,1.12,0.5,0.3
Cincinnati_2024_R64_Fritz_Nakashima,NAKASHIMA,0.5,4.3,-5.3,0.87,0.6,0.4
Hangzhou_2024_QF_Nakashima_Hijikata,NAKASHIMA,0.41,4.6,-4.7,1.05,0.6,0.4
Hangzhou_2024_R16_Nakashima_Wong,NAKASHIMA,0.46,6.3,-3.9,1.24,0.5,0.3
Hangzhou_2024_SF_Cilic_Nakashima,NAKASHIMA,0.36,4.5,-4.0,0.94,0.6,0.4
Indian_Wells_2024_1st_Eubanks_Nakashima,NAKASHIMA,0.35,7.5,-3.7,1.12,0.6,0.4
Indian_Wells_2024_R64_Nakashima_Lehecka,NAKASHIMA,0.42,6.0,-4.4,0.97,0.6,0.4
Madrid_2024_1st_Nakashima_Bagnis,NAKASHIMA,0.52,8.1,-6.3,0.89,0.6,0.4
Madrid_2024_Q_Nakashima_Bennani,NAKASHIMA,0.52,5.0,-4.6,0.92,0.6,0.3
Madrid_2024_Q_Nakashima_Ugo-Carabelli,NAKASHIMA,0.61,5.4,-5.5,0.99,0.6,0.3
Miami_2024_1st_Tabilo_Nakashima,NAKASHIMA,0.4,6.5,-5.0,0.82,0.6,0.4
Miami_2024_Q_Nakashima_Mmoh,NAKASHIMA,0.42,5.8,-4.9,0.8,0.6,0.4
Queens_2024_R16_Nakashima_Musetti,NAKASHIMA,0.53,5.0,-4.6,0.88,0.6,0.4
Queens_2024_R32_Evans_Nakashima,NAKASHIMA,0.33,6.7,-6.3,1.05,0.6,0.3
RG_2024_R64_Hurkacz_Nakashima,NAKASHIMA,0.55,5.7,-4.7,0.95,0.6,0.4
Rogers_cup_2024_Q_Nakashima_Arseneault,NAKASHIMA,0.42,6.2,-5.4,0.99,0.7,0.4
Rogers_cup_2024_Q_Nakashima_Harris,NAKASHIMA,0.29,7.5,-5.8,0.83,0.6,0.4
Rogers_cup_2024_R16_Nakashima_Rublev,NAKASHIMA,0.41,3.9,-6.0,0.77,0.6,0.4
Rogers_cup_2024_R32_Paul_Nakashima,NAKASHIMA,0.45,4.5,-5.6,1.01,0.5,0.3
Rogers_cup_2024_R64_Shapovalov_Nakashima,NAKASHIMA,0.45,5.0,-5.7,0.95,0.5,0.3
Rome_2024_1st_Kecmanovic_Nakashima,NAKASHIMA,0.4,8.0,-5.2,1.03,0.6,0.4
Rome_2024_Q_Nakashima_Fatic,NAKASHIMA,0.48,6.8,-5.4,1.14,0.6,0.4
Rome_2024_Q_Nakashima_de-Jong,NAKASHIMA,0.37,5.0,-5.0,0.94,0.5,0.3
Stuttgart_2024_R16_Gasquet_Nakashima,NAKASHIMA,0.34,6.2,-5.7,0.94,0.6,0.4
Stuttgart_2024_R32_Eubanks_Nakashima,NAKASHIMA,0.43,7.0,-5.4,1.07,0.6,0.4
Stuttgart_2024_SF_Nakashima_Draper,NAKASHIMA,0.41,5.8,-5.6,0.95,0.5,0.3
Washington_2024_R16_Nakashima_Shelton,NAKASHIMA,0.86,3.9,-5.3,1.4,0.6,0.4
Washington_2024_R32_Nakashima_O'Connell,NAKASHIMA,0.55,3.8,-5.9,0.77,0.5,0.3
Beijing_2024_R64_Wei_Haddad-Maia,HADDAD MAIA,0.28,5.7,-3.2,1.07,0.7,0.4
Beijing_2024_R32_Keys_Haddad-Maia,HADDAD MAIA,0.5,4.3,-3.7,1.03,0.7,0.4
Beijing_2024_F_Sinner_Alcaraz,SINNER,0.46,6.7,-5.6,1.09,0.5,0.3
Beijing_2024_QF_Sinner_Lehecka,SINNER,0.37,4.6,-4.5,0.66,0.6,0.3
Beijing_2024_R16_Sinner_Safiullin,SINNER,0.47,8.3,-6.6,0.87,0.5,0.4
Beijing_2024_R32_Sinner_Jarry,SINNER,0.48,4.7,-6.2,1.05,0.5,0.2
Beijing_2024_SF_Sinner_Bu,SINNER,0.43,5.2,-4.2,0.86,0.5,0.3
Shanghai_2024_F_Sinner_Djokovic,SINNER,0.39,7.4,-3.5,0.91,0.6,0.4
Shanghai_2024_QF_Sinner_Medvedev,SINNER,0.36,5.7,-4.8,0.77,0.5,0.3
Shanghai_2024_R16_Sinner_Shelton,SINNER,0.43,6.7,-4.5,1.3,0.5,0.3
Shanghai_2024_R32_Sinner_Etcheverry,SINNER,0.33,4.5,-4.0,0.88,0.5,0.3
Shanghai_2024_R64_Sinner_Daniel,SINNER,0.19,5.8,-4.1,0.84,0.5,0.3
Shanghai_2024_SF_Sinner_Machac,SINNER,0.4,6.0,-4.6,0.87,0.5,0.3
Beijing_2024_F_Muchova_Gauff,GAUFF,0.54,5.4,-4.6,0.95,0.6,0.3
Beijing_2024_QF_Starodubtseva_Gauff,GAUFF,0.48,4.2,-3.7,0.92,0.6,0.4
Beijing_2024_R16_Osaka_Gauff,GAUFF,0.55,4.4,-4.5,0.93,0.6,0.3
Beijing_2024_SF_Gauff_Badosa,GAUFF,0.38,5.2,-3.3,0.95,0.6,0.4
Cincinnati_2024_QF_Pavlyuchenkova_Badosa,PAVLYUCHENKOVA,0.33,5.6,-5.1,1.03,0.6,0.4
Cincinnati_2024_R16_Zheng_Pavlyuchenkova,PAVLYUCHENKOVA,0.37,3.5,-2.2,0.75,0.6,0.3
Cincinnati_2024_R32_Wozniacki_Pavlyuchenkova,PAVLYUCHENKOVA,0.38,4.9,-3.7,0.99,0.5,0.3
Cincinnati_2024_R64_Pavlyuchenkova_Haddad-Maia,PAVLYUCHENKOVA,0.48,5.7,-4.8,1.13,0.7,0.4
Indian_Wells_2024_R16_Pavlyuchenkova_Kostyuk,PAVLYUCHENKOVA,0.54,5.4,-4.2,0.88,0.5,0.3
Indian_Wells_2024_R32_Haddad-Maia_Pavlyuchenkova,PAVLYUCHENKOVA,0.44,5.8,-5.1,1.06,0.7,0.4
Indian_Wells_2024_R64_Parrizas-Diaz_Pavlyuchenkova,PAVLYUCHENKOVA,0.39,6.1,-4.8,0.64,0.7,0.4
Madrid_2024_R32_Pavlyuchenkova_Kasatkina,PAVLYUCHENKOVA,0.5,10.0,-10.1,0.96,0.6,0.4
Madrid_2024_R64_Pavlyuchenkova_Saville,PAVLYUCHENKOVA,0.64,6.6,-5.1,1.08,0.8,0.5
Miami_2024_R32_Pavlyuchenkova_Alexandrova,PAVLYUCHENKOVA,0.53,5.7,-4.7,1.16,0.7,0.4
Miami_2024_R64_Pavlyuchenkova_Rogers,PAVLYUCHENKOVA,0.37,5.7,-3.9,0.81,0.6,0.3
Rogers_cup_2024_R64_Azarenka_Pavlyuchenkova,PAVLYUCHENKOVA,0.52,9.0,-5.4,0.86,0.7,0.3
Rome_2024_R64_Pavlyuchenkova_Sorribes-Tormo,PAVLYUCHENKOVA,0.44,-1.9,-11.8,1.24,0.5,0.2
San_Diego_2024_QF_Pavlyuchenkova_Kostyuk,PAVLYUCHENKOVA,0.41,4.7,-5.3,0.92,0.6,0.3
San_Diego_2024_R16_Pavlyuchenkova_Wang,PAVLYUCHENKOVA,0.41,4.9,-3.4,0.88,0.6,0.4
US_Open_2024_R32_Swiatek_Pavlyuchenkova,PAVLYUCHENKOVA,0.32,6.0,-3.9,0.86,0.6,0.4
AO_2024_1st_Bergs_Tsitsipas,BERGS,0.49,3.8,-2.3,0.93,0.5,0.3
AO_2024_Q_Sweeny_Bergs,BERGS,0.33,5.8,-4.2,0.95,0.7,0.4
Antwerp_2024_QF_Giron_Bergs,BERGS,0.51,6.9,-4.5,1.14,0.6,0.3
Antwerp_2024_R16_Bergs_Baez,BERGS,0.45,5.3,-4.4,0.73,0.6,0.3
Antwerp_2024_R32_Diaz-Acosta_Bergs,BERGS,0.46,5.6,-5.2,0.93,0.6,0.4
Beijing_2024_Q_Bergs_Moutet,BERGS,0.62,4.7,-5.8,1.03,0.5,0.2
Beijing_2024_Q_Hanfmann_Bergs,BERGS,0.34,8.0,-7.5,0.81,0.5,0.4
Beijing_2024_R32_Bergs_Musetti,BERGS,0.46,4.4,-5.3,0.83,0.5,0.3
Cincinnati_2024_Q_Michelsen_Bergs,BERGS,0.43,4.6,-4.5,1.06,0.5,0.3
Hertogenbosch_2024_Q_Bergs_Jasika,BERGS,0.32,6.6,-5.0,0.97,0.6,0.4
Hertogenbosch_2024_Q_Bergs_Schoolkate,BERGS,0.37,4.4,-4.6,1.15,0.3,0.2
Hertogenbosch_2024_R16_de-Minaur_Bergs,BERGS,0.35,7.9,-6.4,0.91,0.6,0.4
Hertogenbosch_2024_R32_van-Rijthoven_Bergs,BERGS,0.41,5.7,-4.4,0.73,0.6,0.4
Madrid_2024_1st_Van-Assche_Bergs,BERGS,0.4,7.2,-6.3,0.88,0.6,0.4
Miami_2024_Q_Kovacevic_Bergs,BERGS,0.34,5.6,-3.5,0.94,0.7,0.4
Miami_2024_Q_Meligeni-Alves_Bergs,BERGS,0.47,7.2,-6.1,0.97,0.6,0.4
Queens_2024_Q_Mpetshi-Perricard_Bergs,BERGS,0.22,6.0,-3.8,1.16,0.5,0.3
Rome_2024_1st_Bergs_Nadal,BERGS,0.42,6.6,-5.9,0.87,0.5,0.3
Rome_2024_Q_Bergs_Kypson,BERGS,0.4,5.6,-6.4,0.87,0.6,0.4
Rome_2024_Q_Bergs_Shang,BERGS,0.46,7.1,-7.2,0.86,0.6,0.3
Rotterdam_2024_Q_Bergs_Zeppieri,BERGS,0.43,6.2,-5.5,0.91,0.6,0.4
Rotterdam_2024_Q_Rodionov_Bergs,BERGS,0.41,7.0,-5.3,0.81,0.6,0.4
Rotterdam_2024_R32_Bergs_Rublev,BERGS,0.48,2.9,-5.4,1.0,0.4,0.2
Shanghai_2024_1st_Zhang_Bergs,BERGS,0.4,8.6,-4.4,0.98,0.5,0.2
Shanghai_2024_R64_Bergs_Dimitrov,BERGS,0.37,4.4,-4.8,0.9,0.5,0.3
Winston-Salem_2024_R64_Bergs_Opelka,BERGS,0.27,5.7,-5.2,0.83,0.6,0.3
Winston_Salem_2024_R16_Bergs_Michelsen,BERGS,0.47,6.2,-6.3,0.95,0.5,0.3
Winston_Salem_2024_R32_Etcheverry_Bergs,BERGS,0.4,6.1,-5.4,0.8,0.6,0.3
AO_2022_1st_Swiatek_Dart,SWIATEK,0.45,6.1,-4.6,0.75,0.6,0.3
AO_2022_2nd_Swiatek_Peterson,SWIATEK,0.43,5.8,-3.6,0.74,0.6,0.3
AO_2022_3rd_Swiatek_Kasatkina,SWIATEK,0.46,5.6,-2.9,0.9,0.6,0.3
AO_2022_4th_Swiatek_Cirstea,SWIATEK,0.53,6.7,-4.9,0.68,0.5,0.3
AO_2022_QF_Swiatek_Kanepi,SWIATEK,0.51,3.0,-4.8,0.68,0.4,0.2
AO_2023_1st_Swiatek_Niemeier,SWIATEK,0.38,4.7,-5.1,0.77,0.6,0.3
AO_2023_2nd_Swiatek_Osorio,SWIATEK,0.47,4.8,-5.5,0.78,0.6,0.3
AO_2023_4th_Swiatek_Rybakina,SWIATEK,0.47,4.2,-4.2,0.86,0.6,0.3
AO_2024_1st_Swiatek_Kenin,SWIATEK,0.28,5.5,-3.6,0.96,0.7,0.4
AO_2024_R32_Swiatek_Noskova,SWIATEK,0.29,4.0,-3.9,0.71,0.6,0.3
AO_2024_R64_Swiatek_Collins,SWIATEK,0.37,4.6,-4.3,0.87,0.6,0.3
Adelaide1_2022_1st_Swiatek_Saville,SWIATEK,0.42,4.8,-5.2,0.75,0.6,0.3
Adelaide1_2022_2nd_Swiatek_Fernandez,SWIATEK,0.54,6.4,-2.9,1.12,0.5,0.2
Adelaide1_2022_QF_Swiatek_Azarenka,SWIATEK,0.37,6.1,-4.0,0.84,0.6,0.3
Adelaide1_2022_SF_Swiatek_Barty,SWIATEK,0.49,5.3,-4.9,0.83,0.6,0.3
Cincinnati_2023_SF_Swiatek_Gauff,SWIATEK,0.42,4.9,-3.8,0.65,0.6,0.4
Cincinnati_2024_QF_Swiatek_Andreeva,SWIATEK,0.49,7.0,-4.7,1.03,0.6,0.3
Cincinnati_2024_R16_Swiatek_Kostyuk,SWIATEK,0.58,6.5,-4.0,1.36,0.6,0.3
Cincinnati_2024_R32_Swiatek_Gracheva,SWIATEK,0.43,4.7,-4.3,0.85,0.5,0.3
Doha_2023_2nd_Swiatek_Collins,SWIATEK,0.45,5.8,-3.0,0.98,0.6,0.4
Doha_2023_F_Swiatek_Pegula,SWIATEK,0.41,5.3,-4.6,0.91,0.7,0.4
Doha_2024_F_Swiatek_Rybakina,SWIATEK,0.47,4.2,-5.0,0.87,0.5,0.3
Doha_2024_R32_Swiatek_Cirstea,SWIATEK,0.44,4.4,-4.3,0.82,0.5,0.3
Dubai_2024_QF_Swiatek_Zheng,SWIATEK,0.24,4.0,-4.1,0.76,0.5,0.3
Dubai_2024_R16_Swiatek_Svitolina,SWIATEK,0.34,4.6,-3.6,0.87,0.5,0.3
Dubai_2024_R32_Swiatek_Stephens,SWIATEK,0.42,3.2,-4.9,0.67,0.5,0.2
Dubai_2024_SF_Swiatek_Kalinskaya,SWIATEK,0.36,4.9,-3.0,0.69,0.5,0.3
Indian-Wells_2023_R16_Swiatek_Raducanu,SWIATEK,0.43,4.2,-3.1,0.69,0.6,0.3
Indian_Wells_2023_QF_Swiatek_Cirstea,SWIATEK,0.48,6.1,-4.9,0.89,0.6,0.3
Indian_Wells_2023_SF_Swiatek_Rybakina,SWIATEK,0.43,4.2,-4.1,1.05,0.5,0.3
Indian_Wells_2024_F_Swiatek_Sakkari,SWIATEK,0.36,4.3,-4.9,0.77,0.6,0.4
Indian_Wells_2024_QF_Swiatek_Wozniacki,SWIATEK,0.41,4.7,-5.8,0.85,0.5,0.3
Indian_Wells_2024_R16_Swiatek_Putintseva,SWIATEK,0.31,5.0,-2.9,0.94,0.5,0.3
Indian_Wells_2024_R32_Swiatek_Noskova,SWIATEK,0.4,7.8,-4.0,1.23,0.7,0.5
Indian_Wells_2024_R64_Swiatek_Collins,SWIATEK,0.31,6.1,-4.6,0.86,0.6,0.3
Indian_Wells_2024_SF_Swiatek_Kostyuk,SWIATEK,1.02,1.7,-6.2,1.02,0.4,0.2
Madrid_2024_F_Swiatek_Sabalenka,SWIATEK,0.36,6.6,-4.8,0.85,0.6,0.3
Madrid_2024_QF_Swiatek_Haddad-Maia,SWIATEK,0.62,7.0,-4.2,1.01,0.6,0.4
Madrid_2024_R16_Swiatek_Sorribes-Tormo,SWIATEK,0.85,5.1,-4.3,1.16,0.8,0.5
Madrid_2024_R32_Swiatek_Cirstea,SWIATEK,0.28,6.7,-5.1,0.79,0.6,0.4
Madrid_2024_R64_Swiatek_Wang,SWIATEK,0.46,4.5,-4.1,0.82,0.6,0.3
Madrid_2024_SF_Swiatek_Keys,SWIATEK,0.28,6.1,-4.0,0.88,0.6,0.4
Miami_2022_F_Osaka_Swiatek,SWIATEK,0.5,5.8,-2.8,1.02,0.5,0.3
Miami_2024_R16_Swiatek_Alexandrova,SWIATEK,0.43,4.4,-3.2,0.99,0.6,0.4
Miami_2024_R32_Swiatek_Noskova,SWIATEK,0.46,5.0,-4.6,0.93,0.6,0.3
Miami_2024_R64_Swiatek_Giorgi,SWIATEK,0.34,5.7,-5.2,0.81,0.6,0.4
Montreal_2023_QF_Swiatek_Collins,SWIATEK,0.54,3.5,-2.9,0.96,0.5,0.2
Montreal_2023_R16_Swiatek_Muchova,SWIATEK,0.43,3.8,-4.0,0.71,0.5,0.3
RG_2024_1st_Swiatek_Jeanjean,SWIATEK,0.42,7.0,-5.4,1.21,0.6,0.4
RG_2024_F_Swiatek_Paolini,SWIATEK,0.44,6.7,-5.2,0.89,0.6,0.4
RG_2024_QF_Swiatek_Vondrousova,SWIATEK,0.36,4.0,-4.4,0.68,0.5,0.3
RG_2024_R16_Swiatek_Potapova,SWIATEK,0.34,3.6,-5.3,0.54,0.5,0.3
RG_2024_R32_Swiatek_Bouzkova,SWIATEK,0.46,4.4,-5.2,0.78,0.5,0.3
RG_2024_R64_Swiatek_Osaka,SWIATEK,0.35,5.6,-3.9,0.78,0.6,0.3
RG_2024_SF_Swiatek_Gauff,SWIATEK,0.41,5.2,-4.9,0.91,0.6,0.3
Rome_2023_QF_Swiatek_Rybakina,SWIATEK,0.51,4.0,-5.2,0.84,0.5,0.3
Rome_2024_F_Swiatek_Sabalenka,SWIATEK,0.39,5.4,-5.6,0.65,0.5,0.2
Rome_2024_QF_Swiatek_Keys,SWIATEK,0.31,4.6,-4.0,1.07,0.5,0.3
Rome_2024_R16_Swiatek_Kerber,SWIATEK,0.5,4.1,-4.2,0.83,0.6,0.3
Rome_2024_R32_Swiatek_Putintseva,SWIATEK,0.47,3.8,-4.9,1.22,0.5,0.3
Rome_2024_R64_Swiatek_Pera,SWIATEK,0.22,4.6,-4.2,0.43,0.5,0.3
Rome_2024_SF_Swiatek_Gauff,SWIATEK,0.4,6.3,-4.6,0.8,0.6,0.3
US_Open_2022_1st_Swiatek_Paolini,SWIATEK,0.58,8.1,-6.1,1.06,0.7,0.2
US_Open_2022_2nd_Swiatek_Stephens,SWIATEK,0.5,2.9,-3.8,0.7,0.5,0.3
US_Open_2022_3rd_Swiatek_Davis,SWIATEK,0.47,3.9,-3.7,0.77,0.6,0.3
US_Open_2022_4th_Swiatek_Niemeier,SWIATEK,0.47,4.5,-3.8,0.86,0.6,0.3
US_Open_2022_F_Swiatek_Jabeur,SWIATEK,0.5,4.8,-4.4,0.9,0.6,0.3
US_Open_2022_QF_Swiatek_Pegula,SWIATEK,0.45,6.3,-4.4,0.81,0.6,0.3
US_Open_2022_SF_Swiatek_Sabalenka,SWIATEK,0.42,7.5,-4.3,1.13,0.6,0.3
US_Open_2023_1st_Swiatek_Peterson,SWIATEK,0.6,4.0,-1.7,1.17,0.5,0.3
US_Open_2023_R16_Swiatek_Ostapenko,SWIATEK,0.49,4.9,-3.9,0.73,0.6,0.4
US_Open_2023_R32_Swiatek_Juvan,SWIATEK,1.14,1.6,-5.8,0.88,0.4,0.2
US_Open_2023_R64_Swiatek_Saville,SWIATEK,0.83,3.6,-5.9,0.75,0.4,0.2
US_Open_2024_1st_Swiatek_Rakhimova,SWIATEK,0.48,3.6,-5.5,0.84,0.5,0.3
US_Open_2024_QF_Swiatek_Pegula,SWIATEK,0.36,5.7,-5.2,0.87,0.6,0.4
US_Open_2024_R32_Swiatek_Pavlyuchenkova,SWIATEK,0.49,4.8,-3.6,1.02,0.6,0.3
US_Open_2024_R64_Swiatek_Shibahara,SWIATEK,1.24,2.3,-3.6,1.81,0.6,0.3
United_Cup_2023_QF_Swiatek_Trevisan,SWIATEK,0.43,5.3,-4.9,0.95,0.5,0.3
United_Cup_2023_RR_Swiatek_Bencic,SWIATEK,0.43,5.9,-4.1,0.85,0.7,0.4
United_Cup_2023_RR_Swiatek_Putintseva,SWIATEK,0.4,8.2,-1.3,2.08,0.7,0.5
United_Cup_2023_SF_Swiatek_Pegula,SWIATEK,0.32,5.8,-4.6,0.8,0.6,0.4
United_Cup_2024_1st_Swiatek_Haddad-Maia,SWIATEK,0.42,5.9,-4.5,0.82,0.7,0.4
United_Cup_2024_1st_Swiatek_Sorribes-Tormo,SWIATEK,0.46,5.4,-4.6,1.01,0.7,0.3
United_Cup_2024_QF_Swiatek_Kerber,SWIATEK,0.39,6.8,-4.4,1.01,0.7,0.4
United_Cup_2024_R16_Swiatek_Garcia,SWIATEK,0.35,4.1,-3.0,1.1,0.7,0.4
United_Cup_2024_R32_Swiatek_Zheng,SWIATEK,0.37,4.6,-3.4,0.76,0.7,0.4
Wimbledon_2023_1st_Swiatek_Zhu,SWIATEK,0.38,5.0,-4.3,0.79,0.6,0.3
Wimbledon_2023_QF_Swiatek_Svitolina,SWIATEK,0.35,5.3,-4.7,0.79,0.5,0.3
Wimbledon_2023_R16_Swiatek_Bencic,SWIATEK,0.47,3.8,-4.8,0.71,0.5,0.3
Wimbledon_2023_R32_Swiatek_Martic,SWIATEK,0.35,6.0,-3.0,0.98,0.5,0.3
Wimbledon_2023_R64_Swiatek_Sorribes-Tormo,SWIATEK,0.52,8.3,-4.5,0.98,0.7,0.4
WTA_Finals_2024_R32_Swiatek_Krejcikova,SWIATEK,0.4,4.1,-3.9,0.8,0.5,0.3
WTA_Finals_2024_R32_Swiatek_Gauff,SWIATEK,0.44,5.6,-2.6,0.89,0.5,0.3
WTA_Finals_2024_R32_Swiatek_Kasatkina,SWIATEK,0.55,6.7,-3.4,1.02,0.6,0.5
AO_2024_1st_Djokovic_Prizmic,DJOKOVIC,0.3,5.0,-4.3,0.89,0.7,0.4
AO_2024_SF_Djokovic_Sinner,DJOKOVIC,0.3,5.1,-3.2,0.81,0.7,0.4
Shanghai_2024_F_Sinner_Djokovic,DJOKOVIC,0.38,5.5,-5.6,0.78,0.6,0.3
Cincinnati_2023_QF_Fritz_Djokovic,DJOKOVIC,0.44,8.9,-4.7,0.96,0.6,0.3
London_2022_SF_Djokovic_Fritz,DJOKOVIC,0.38,6.1,-4.0,0.81,0.6,0.4
Paris_2021_QF_Djokovic_Fritz,DJOKOVIC,0.2,5.5,-5.1,0.54,0.6,0.3
Rome_2021_R32_Djokovic_Fritz,DJOKOVIC,0.5,5.7,-5.8,0.92,0.6,0.4
Turin_2023_F_Sinner_Djokovic,DJOKOVIC,0.32,5.7,-4.7,1.1,0.4,0.3
Turin_2023_RR_Djokovic_Sinner,DJOKOVIC,0.35,3.4,-3.8,0.78,0.6,0.3
AO_2024_R64_Rybakina_Blinkova,RYBAKINA,0.37,4.3,-2.8,1.13,0.7,0.5
Adelaide_2024_R32_Rybakina_Alexandrova,RYBAKINA,0.44,5.0,-3.6,1.19,0.8,0.4
Adelaide_2024_R64_Rybakina_Bucsa,RYBAKINA,0.42,4.4,-3.9,1.03,0.6,0.3
Brisbane_2024_QF_Noskova_Rybakina,RYBAKINA,0.49,3.9,-3.0,1.03,0.8,0.5
Brisbane_2024_R16_Potapova_Rybakina,RYBAKINA,0.66,3.9,-3.9,1.41,0.8,0.5
Brisbane_2024_R32_Mertens_Rybakina,RYBAKINA,0.26,2.7,-2.6,0.73,0.9,0.5
Brisbane_2024_R64_Gadecki_Rybakina,RYBAKINA,0.28,4.1,-3.4,0.91,0.7,0.4
Brisbane_2024_SF_Sabalenka_Rybakina,RYBAKINA,0.41,4.5,-2.6,0.96,0.7,0.4
Doha_2024_F_Swiatek_Rybakina,RYBAKINA,0.39,4.8,-4.7,0.85,0.7,0.4
Doha_2024_R16_Navarro_Rybakina,RYBAKINA,0.4,5.4,-4.5,0.92,0.6,0.4
Madrid_2024_QF_Putintseva_Rybakina,RYBAKINA,0.41,5.7,-4.1,0.99,0.6,0.4
Madrid_2024_R16_Bejlek_Rybakina,RYBAKINA,0.55,5.0,-5.1,1.15,0.6,0.4
Madrid_2024_R32_Sherif_Rybakina,RYBAKINA,0.5,8.4,-8.9,0.78,0.5,0.3
Madrid_2024_R64_Bronzetti_Rybakina,RYBAKINA,0.27,4.8,-3.6,0.67,0.5,0.3
Madrid_2024_SF_Rybakina_Sabalenka,RYBAKINA,0.34,5.6,-3.6,0.9,0.6,0.4
Miami_2024_F_Collins_Rybakina,RYBAKINA,0.36,6.4,-4.8,0.78,0.5,0.3
Miami_2024_QF_Sakkari_Rybakina,RYBAKINA,0.39,5.1,-3.9,0.86,0.6,0.3
Miami_2024_R16_Keys_Rybakina,RYBAKINA,0.52,3.9,-4.9,0.96,0.6,0.4
Miami_2024_R32_Townsend_Rybakina,RYBAKINA,0.46,4.6,-3.9,1.02,0.6,0.3
Miami_2024_R64_Tauson_Rybakina,RYBAKINA,0.38,5.5,-4.5,0.77,0.6,0.3
Miami_2024_SF_Rybakina_Azarenka,RYBAKINA,0.34,5.1,-3.4,0.9,0.6,0.4
Basel_2024_QF_Tsitsipas_Fils,FILS,0.55,6.0,-5.2,0.89,0.6,0.3
Basel_2024_R32_Altmaier_Fils,FILS,0.56,5.8,-3.8,0.93,0.6,0.4
Cincinnati_2023_Q_Fils_Zhang,FILS,0.26,5.2,-5.2,1.06,0.5,0.3
Cincinnati_2024_R32_Nakashima_Fils,FILS,0.25,2.8,-2.0,1.0,0.3,0.2
Madrid_2023_Q_Arnaldi_Fils,FILS,0.41,4.1,-4.9,1.27,0.4,0.3
Madrid_2023_Q_Bennani_Fils,FILS,0.35,5.8,-4.9,0.91,0.5,0.3
Madrid_2024_R64_Altmaier_Fils,FILS,0.4,6.5,-6.6,0.97,0.5,0.3
Rome_2023_Q_Peniston_Fils,FILS,0.43,5.9,-4.8,0.89,0.7,0.4
Rome_2023_Q_Shevchenko_Fils,FILS,0.37,6.2,-5.7,0.83,0.5,0.3
Rome_2023_R64_Fils_Rune,FILS,0.31,5.4,-4.9,0.83,0.6,0.3
Acapulco_2024_R32_Draper_Paul,PAUL,0.44,6.8,-7.3,0.85,0.6,0.3
Adelaide_2024_R32_Paul_Draper,PAUL,0.35,6.1,-2.8,1.08,0.7,0.5
Adelaide_2024_R64_Paul_Bolt,PAUL,0.41,4.5,-4.0,0.79,0.6,0.3
Cincinnati_2024_R64_Cobolli_Paul,PAUL,0.48,7.4,-7.1,1.01,0.5,0.3
Dallas_2024_F_Giron_Paul,PAUL,0.37,5.9,-5.6,0.74,0.5,0.3
Dallas_2024_QF_Koepfer_Paul,PAUL,0.45,8.5,-7.6,0.82,0.5,0.3
Dallas_2024_R16_Daniel_Paul,PAUL,0.53,6.8,-6.3,1.04,0.5,0.2
Dallas_2024_SF_Shelton_Paul,PAUL,0.37,5.7,-5.6,0.7,0.5,0.3
Hertogenbosch_2024_QF_Korda_Paul,PAUL,0.46,8.4,-5.4,0.79,0.5,0.3
Hertogenbosch_2024_R16_Popyrin_Paul,PAUL,0.58,1.7,-7.0,0.84,0.4,0.2
Indian_Wells_2024_QF_Paul_Ruud,PAUL,0.39,4.4,-6.2,0.94,0.4,0.2
Indian_Wells_2024_R16_Nardi_Paul,PAUL,0.44,8.3,-3.3,0.95,0.7,0.4
Indian_Wells_2024_R32_Paul_Humbert,PAUL,0.47,6.5,-6.6,0.83,0.5,0.2
Indian_Wells_2024_R64_Paul_Michelsen,PAUL,,,,,,
Indian_Wells_2024_SF_Paul_Medvedev,PAUL,0.42,5.7,-6.1,0.89,0.5,0.2
Madrid_2024_R32_Paul_Cerundolo,PAUL,0.52,7.4,-4.8,0.94,0.6,0.3
Madrid_2024_R64_Paul_Klein,PAUL,0.55,5.5,-5.3,1.31,0.5,0.3
Miami_2024_R64_Paul_Damm,PAUL,0.4,8.0,0.6,0.94,0.6,0.4
Paris_2024_R64_Mannarino_Paul,PAUL,0.44,8.1,-6.6,0.79,0.6,0.3
Queens_2024_F_Paul_Musetti,PAUL,0.44,10.4,-8.7,0.81,0.6,0.3
Queens_2024_QF_Draper_Paul,PAUL,0.57,10.8,-11.4,1.12,0.5,0.3
Queens_2024_R16_Tabilo_Paul,PAUL,0.68,6.8,-2.4,1.21,0.5,0.3
Queens_2024_R32_Baez_Paul,PAUL,0.44,6.8,-6.5,0.97,0.5,0.3
Queens_2024_SF_Paul_Korda,PAUL,0.51,6.8,-4.8,0.91,0.5,0.2
Rogers_cup_2024_R32_Paul_Nakashima,PAUL,0.41,6.5,-4.6,0.94,0.5,0.3
Rogers_cup_2024_R64_Paul_Darderi,PAUL,0.52,6.8,-4.6,0.74,0.6,0.4
Rome_2024_QF_Hurkacz_Paul,PAUL,0.44,6.7,-6.0,1.02,0.5,0.3
Rome_2024_R16_Paul_Medvedev,PAUL,0.48,6.0,-6.4,0.78,0.5,0.3
Rome_2024_R32_Paul_Koepfer,PAUL,0.44,7.4,-6.7,0.99,0.6,0.4
Rome_2024_R64_Paul_Karatsev,PAUL,0.45,7.7,-9.1,0.85,0.5,0.3
Rome_2024_SF_Jarry_Paul,PAUL,0.45,6.4,-3.8,1.34,0.4,0.3
Shanghai_2024_R16_Paul_Machac,PAUL,0.4,6.2,-7.2,0.66,0.5,0.2
Shanghai_2024_R32_Paul_Tabilo,PAUL,0.46,6.7,-4.1,0.93,0.5,0.3
Shanghai_2024_R64_Paul_Fognini,PAUL,0.58,-0.3,-7.1,0.18,0.3,0.1
Stockholm_2024_F_Paul_Dimitrov,PAUL,0.33,6.6,-7.5,1.02,0.4,0.2
Stockholm_2024_QF_Paul_Kecmanovic,PAUL,0.36,7.0,-5.8,0.84,0.5,0.3
Stockholm_2024_R16_Paul_Djere,PAUL,0.57,5.5,-5.3,1.02,0.5,0.3
Stockholm_2024_SF_Wawrinka_Paul,PAUL,0.54,3.4,-6.8,0.75,0.4,0.2
Tokyo_2024_R16_Paul_Machac,PAUL,0.47,3.7,-5.9,0.66,0.4,0.2
Tokyo_2024_R32_Paul_Arnaldi,PAUL,0.47,3.6,-3.7,0.73,0.4,0.3
US_Open_2024_R16_Sinner_Paul,PAUL,0.52,3.5,-6.7,0.85,0.4,0.2
Vienna_2024_R32_Nakashima_Paul,PAUL,0.54,6.6,-3.2,1.23,0.6,0.4
Indian-Wells_2023_1st_Martinez_Huesler,MARTINEZ,0.55,6.1,-3.8,1.0,0.5,0.3
Indian-Wells_2023_R64_Martinez_Auger-Aliassime,MARTINEZ,,,,,,
Madrid_2023_Q_Cazaux_Martinez,MARTINEZ,0.35,5.9,-6.8,1.11,0.5,0.3
Miami_2023_1st_Martinez_Halys,MARTINEZ,0.48,5.4,-5.8,0.86,0.5,0.3
Monte-Carlo_2023_Q_Martinez_Otte,MARTINEZ,0.38,5.3,-5.8,0.79,0.8,0.5
Rome_2023_1st_Martinez_Bublik,MARTINEZ,0.31,8.4,-4.4,1.07,0.6,0.4
Rome_2023_Q_Maestrelli_Martinez,MARTINEZ,0.15,5.4,-7.2,0.62,0.4,0.3
Rome_2023_Q_Vavassori_Martinez,MARTINEZ,0.59,5.8,-6.2,0.85,0.5,0.3
United_Cup_2025_1st_Gao_Haddad-Maia,HADDAD MAIA,0.4,3.9,-3.0,0.8,0.8,0.5
United_Cup_2025_1st_Siegemund_Haddad-Maia,HADDAD MAIA,0.35,4.7,-3.0,1.23,0.7,0.4
United_Cup_2025_R64_Swiatek_Helgø,SWIATEK,0.36,3.9,-3.0,0.98,0.8,0.5
United_Cup_2025_R32_Swiatek_Boulter,SWIATEK,0.39,3.8,-3.5,0.68,0.7,0.4
United_Cup_2025_R64_Swiatek_Muchova,SWIATEK,0.4,5.1,-3.7,1.4,0.7,0.4
Jeddah_2024_F_Fonseca_Tien,FONSECA,0.4,6.2,-3.6,0.99,0.6,0.4
Jeddah_2024_RR_Fils_Fonseca,FONSECA,0.11,5.0,-1.6,1.03,0.6,0.4
Jeddah_2024_RR_Mensik_Fonseca,FONSECA,0.25,8.1,-3.0,0.97,0.5,0.4
Jeddah_2024_RR_Tien_Fonseca,FONSECA,0.38,5.8,-4.2,0.95,0.7,0.5
Jeddah_2024_SF_Fonseca_Van-Assche,FONSECA,0.45,5.0,-4.4,1.1,0.6,0.4
Auckland_2024_QF_Navarro_Martic,NAVARRO,0.45,6.0,-4.4,0.96,0.6,0.4
Auckland_2024_R16_Navarro_Avanesyan,NAVARRO,0.48,5.9,-2.9,1.01,0.7,0.4
Auckland_2024_R32_Navarro_Fruhvirtova,NAVARRO,,,,,,
Auckland_2024_SF_Gauff_Navarro,NAVARRO,0.34,4.8,-3.5,0.85,0.7,0.5
Berlin_2024_R32_Siniakova_Navarro,NAVARRO,0.38,5.9,-4.9,0.97,0.6,0.4
Brisbane_2025_R64_Birrell_Navarro,NAVARRO,0.53,5.0,-3.6,1.42,0.7,0.4
Cincinnati_2023_Q_Fernandez_Navarro,NAVARRO,0.37,5.7,-3.6,1.22,0.5,0.4
Cincinnati_2023_Q_Marino_Navarro,NAVARRO,0.47,3.6,-4.3,0.94,0.6,0.4
Cincinnati_2023_R64_Martic_Navarro,NAVARRO,0.57,3.6,-3.7,1.52,0.6,0.3
Doha_2024_R16_Navarro_Rybakina,NAVARRO,0.36,5.4,-4.9,0.85,0.6,0.4
Doha_2024_R32_Navarro_Mertens,NAVARRO,0.44,4.4,-3.7,0.68,0.5,0.3
Doha_2024_R64_Navarro_Paolini,NAVARRO,0.4,8.4,-3.6,0.82,0.6,0.4
Dubai_2024_R32_Navarro_Mertens,NAVARRO,0.44,4.4,-3.7,0.68,0.5,0.3
Dubai_2024_R64_Navarro_Paolini,NAVARRO,0.4,8.4,-3.6,0.82,0.6,0.4
Indian_Wells_2023_1st_Navarro_Mcnally,NAVARRO,0.54,4.3,-3.4,1.11,0.6,0.3
Indian_Wells_2023_R64_Fernandez_Navarro,NAVARRO,0.5,6.2,-2.7,1.15,0.7,0.4
Indian_Wells_2024_QF_Sakkari_Navarro,NAVARRO,0.37,4.0,-3.8,0.87,0.6,0.4
Indian_Wells_2024_R16_Navarro_Sabalenka,NAVARRO,0.41,4.3,-3.8,1.1,0.5,0.3
Indian_Wells_2024_R32_Svitolina_Navarro,NAVARRO,0.4,4.6,-3.1,0.94,0.6,0.4
Indian_Wells_2024_R64_Tsurenko_Navarro,NAVARRO,0.42,5.6,-4.1,1.02,0.6,0.4
Madrid_2024_R32_Haddad-Maia_Navarro,NAVARRO,0.42,5.4,-4.4,1.16,0.6,0.3
Madrid_2024_R64_Podoroska_Navarro,NAVARRO,0.52,5.9,-6.7,1.04,0.6,0.4
Miami_2023_Q_Bucsa_Navarro,NAVARRO,0.45,4.0,-3.5,0.87,0.6,0.4
Miami_2023_Q_Navarro_Schmiedlova,NAVARRO,0.5,4.2,-3.9,1.07,0.6,0.4
Miami_2024_R16_Navarro_Pegula,NAVARRO,0.46,4.4,-3.9,1.09,0.7,0.4
Miami_2024_R32_Paolini_Navarro,NAVARRO,0.53,5.2,-4.2,0.86,0.6,0.4
Miami_2024_R64_Hunter_Navarro,NAVARRO,0.35,5.9,-4.0,0.99,0.6,0.4
Rogers_cup_2024_QF_Navarro_Townsend,NAVARRO,0.5,6.5,-2.9,1.27,0.7,0.4
Rogers_cup_2024_R16_Navarro_Kostyuk,NAVARRO,0.57,4.7,-4.9,1.12,0.6,0.3
Rogers_cup_2024_R32_Navarro_Linette,NAVARRO,0.34,6.1,-5.3,0.93,0.6,0.3
Rogers_cup_2024_SF_Navarro_Anisimova,NAVARRO,0.26,5.6,-4.4,0.86,0.6,0.4
Rome_2024_R64_Navarro_Badosa,NAVARRO,0.33,5.0,-5.0,0.86,0.6,0.4
San_Diego_2024_QF_Saville_Navarro,NAVARRO,0.41,5.7,-4.7,1.03,0.7,0.4
San_Diego_2024_R16_Siniakova_Navarro,NAVARRO,0.36,5.4,-4.2,0.94,0.6,0.4
San_Diego_2024_SF_Navarro_Boulter,NAVARRO,0.6,5.9,-5.6,1.12,0.6,0.4
US_Open_2024_1st_Navarro_Blinkova,NAVARRO,0.5,4.5,-6.2,1.02,0.6,0.3
US_Open_2024_QF_Badosa_Navarro,NAVARRO,0.42,5.1,-5.1,0.81,0.6,0.4
US_Open_2024_R16_Navarro_Gauff,NAVARRO,0.47,4.5,-3.8,1.02,0.6,0.4
US_Open_2024_R32_Navarro_Kostyuk,NAVARRO,0.54,5.5,-5.4,1.12,0.6,0.3
US_Open_2024_R64_Navarro_Rus,NAVARRO,0.35,4.9,-4.7,0.8,0.6,0.3
US_Open_2024_SF_Navarro_Sabalenka,NAVARRO,0.18,7.9,-2.4,0.85,0.6,0.4
Wimbledon_2024_R64_Osaka_Navarro,NAVARRO,0.48,6.3,-4.7,1.19,0.6,0.3
United_Cup_2025_QF_Gauff_Swiatek,SWIATEK,0.37,4.5,-2.8,0.93,0.7,0.4
United_Cup_2025_R16_Rybakina_Swiatek,SWIATEK,0.44,4.3,-3.6,0.78,0.7,0.4
United_Cup_2025_1st_Gauff_Fernandez,GAUFF,0.38,4.5,-3.0,1.07,0.7,0.4
United_Cup_2025_1st_Gauff_Vekic,GAUFF,0.45,2.9,-2.4,1.02,0.8,0.5
United_Cup_2025_QF_Gauff_Swiatek,GAUFF,0.35,5.6,-3.7,0.95,0.7,0.4
United_Cup_2025_R16_Gauff_Muchova,GAUFF,0.45,4.3,-3.1,0.94,0.8,0.5
United_Cup_2025_R32_Gauff_Zhang,GAUFF,0.27,5.6,-3.4,0.9,0.6,0.4
Adelaide_2025_1st_Pavlyuchenkova_Vondrousova,PAVLYUCHENKOVA,0.32,4.0,-2.0,1.06,0.7,0.4
Adelaide_2025_1st_Haddad-Maia_Keys,HADDAD MAIA,0.35,2.9,-3.3,0.54,0.7,0.3
AO_2025_1st_Djokovic_Basavareddy,DJOKOVIC,0.29,4.7,-2.7,0.89,0.6,0.4
AO_2025_1st_Haddad-Maia_Riera,HADDAD MAIA,0.38,4.4,-3.6,0.98,0.7,0.4
AO_2025_1st_Navarro_Stearns,NAVARRO,0.42,4.7,-4.1,0.86,0.7,0.4
AO_2025_R64_Djokovic_Faria,DJOKOVIC,0.32,6.0,-2.8,1.02,0.7,0.5
AO_2025_1st_Virtanen_Fils,FILS,0.37,4.7,-4.2,1.19,0.6,0.4
AO_2025_R64_Halys_Fils,FILS,0.38,5.7,-5.3,0.98,0.6,0.3
AO_2025_R64_Haddad-Maia_Andreeva,HADDAD MAIA,0.38,3.7,-2.5,0.8,0.7,0.5
AO_2025_R64_Navarro_Wang,NAVARRO,0.38,4.9,-3.5,0.92,0.7,0.4
AO_2025_1st_Siniakova_Swiatek,SWIATEK,0.4,4.6,-4.0,0.85,0.8,0.4
AO_2025_R64_Sramkova_Swiatek,SWIATEK,0.43,5.0,-3.9,0.9,0.7,0.4
AO_2025_R32_Djokovic_Machac,DJOKOVIC,0.34,4.9,-1.8,0.98,0.7,0.5
AO_2025_R32_Navarro_Jabeur,NAVARRO,0.36,5.2,-3.3,1.02,0.8,0.5
AO_2025_R32_Haddad-Maia_Kudermetova,HADDAD MAIA,0.46,3.8,-3.0,0.78,0.8,0.5
AO_2025_R16_Djokovic_Lehecka,DJOKOVIC,0.32,5.3,-4.0,1.0,0.7,0.4
AO_2025_R16_Navarro_Kasatkina,NAVARRO,0.39,4.7,-3.9,0.88,0.6,0.4
AO_2025_R16_Lys_Swiatek,SWIATEK,0.37,5.1,-3.8,0.73,0.7,0.4
AO_2025_QF_Navarro_Swiatek,SWIATEK,0.4,4.6,-3.7,0.92,0.7,0.4
AO_2025_R32_Raducanu_Swiatek,SWIATEK,0.4,4.1,-3.7,0.73,0.7,0.4
AO_2025_SF_Keys_Swiatek,SWIATEK,0.39,4.3,-4.3,1.15,0.6,0.4
Auckland_2025_F_Bergs_Monfils,BERGS,0.4,5.3,-3.5,0.75,0.7,0.4
Auckland_2025_QF_Carballes-baena_Bergs,BERGS,0.37,4.6,-4.9,0.89,0.7,0.4
Auckland_2025_Q_Bergs_Carreno-busta,BERGS,0.32,5.0,-3.6,0.73,0.7,0.4
Auckland_2025_Q_Bergs_Comesana,BERGS,0.32,6.4,-4.0,1.01,0.6,0.4
Auckland_2025_R16_Bergs_Nardi,BERGS,0.33,4.6,-4.2,0.83,0.4,0.2
Auckland_2025_R32_Bergs_Becroft,BERGS,0.27,4.8,-2.9,0.84,0.6,0.4
Auckland_2025_SF_Borges_Bergs,BERGS,0.33,5.3,-3.2,0.89,0.7,0.4
Hong_Kong_2025_R16_Bergs_Fils,BERGS,0.37,4.8,-3.7,0.89,0.7,0.4
Hong_Kong_2025_R32_Bergs_Moro-Canas,BERGS,0.39,4.6,-4.0,1.19,0.8,0.4
AO_2025_1st_Diaz-Acosta_Bergs,BERGS,0.31,5.4,-3.5,0.9,0.7,0.4
Antwerp_2023_F_Fils_Bublik,FILS,0.48,6.0,-5.5,1.56,0.6,0.3
Antwerp_2023_QF_Fils_Varillas,FILS,0.49,7.9,-3.4,1.3,0.4,0.2
Antwerp_2023_R16_Fils_Lajal,FILS,0.41,5.3,-4.8,0.9,0.6,0.4
Auckland_2024_QF_Fils_Altmaier,FILS,0.41,8.4,-3.6,0.99,0.7,0.5
Auckland_2024_R16_Fils_Borges,FILS,0.34,5.8,-3.5,0.86,0.7,0.4
Auckland_2024_R32_Fils_Gasquet,FILS,0.34,5.3,-1.8,0.73,0.5,0.3
Auckland_2024_SF_Fils_Tabilo,FILS,0.39,5.7,-3.5,0.98,0.5,0.3
Basel_2024_R16_Martinez_Fils,FILS,0.62,7.1,-4.8,1.1,0.7,0.4
Cincinnati_2023_Q_Fils_Holt,FILS,0.44,4.5,-1.4,0.93,0.5,0.3
Cincinnati_2023_R64_Humbert_Fils,FILS,0.37,4.6,-6.0,0.91,0.6,0.3
Cincinnati_2024_R64_Holt_Fils,FILS,0.34,5.6,-5.0,0.79,0.5,0.3
Hamburg_2024_F_Zverev_Fils,FILS,0.44,7.4,-4.6,0.97,0.6,0.4
Hamburg_2024_QF_Fils_Rune,FILS,0.4,5.7,-3.4,1.6,0.5,0.3
Hamburg_2024_R16_Fils_Djere,FILS,0.4,5.6,-5.6,1.05,0.6,0.4
Hamburg_2024_R32_Fils_Munar,FILS,0.48,6.6,-4.5,0.94,0.7,0.4
Hamburg_2024_SF_Baez_Fils,FILS,0.46,4.6,-7.1,1.06,0.5,0.3
Hertogenbosch_2024_R16_Humbert_Fils,FILS,0.39,6.2,-4.0,0.91,0.6,0.4
Hertogenbosch_2024_R32_Fils_Cazaux,FILS,0.43,7.7,-5.4,0.83,0.6,0.3
Hong_Kong_2024_QF_Rublev_Fils,FILS,0.45,4.4,-4.8,0.67,0.5,0.3
Hong_Kong_2024_R16_Huesler_Fils,FILS,0.43,5.6,-4.6,0.94,0.5,0.3
Hong_Kong_2024_R32_Gojo_Fils,FILS,0.47,5.0,-3.6,1.08,0.5,0.3
Hong_Kong_2025_QF_Muller_Fils,FILS,0.31,5.3,-2.9,1.02,0.6,0.4
Hong_Kong_2025_R16_Bergs_Fils,FILS,0.32,5.7,-3.8,0.9,0.7,0.4
Indian_Wells_2024_1st_Fils_Borges,FILS,0.44,6.5,-4.7,0.96,0.6,0.4
Indian_Wells_2024_R32_Ruud_Fils,FILS,0.48,5.1,-4.3,0.95,0.6,0.3
Jeddah_2023_F_Fils_Medjedovic,FILS,0.47,5.2,-4.7,1.29,0.5,0.2
Jeddah_2023_RR_Fils_Cobolli,FILS,0.57,2.8,-3.2,0.94,0.5,0.3
Jeddah_2023_RR_Fils_Nardi,FILS,0.39,4.5,-5.7,0.94,0.4,0.2
Jeddah_2023_RR_Fils_Stricker,FILS,0.37,5.1,-4.0,1.14,0.5,0.3
Jeddah_2023_SF_Fils_Van-Assche,FILS,0.34,5.0,-5.6,0.94,0.4,0.2
Jeddah_2024_RR_Fils_Fonseca,FILS,0.54,6.3,-3.4,1.09,0.6,0.3
Jeddah_2024_RR_Fils_Mensik,FILS,0.62,2.9,-4.9,0.66,0.5,0.3
Jeddah_2024_RR_Fils_Tien,FILS,0.47,6.1,-4.1,0.95,0.6,0.3
Miami_2024_1st_Fils_Arnaldi,FILS,0.33,6.6,-3.6,1.15,0.6,0.4
Monte_Carlo_2024_R32_Fils_Musetti,FILS,0.37,4.8,-4.6,0.72,0.5,0.3
Monte_Carlo_2024_R64_Fils_Hanfmann,FILS,0.26,7.2,-4.4,1.12,0.6,0.4
Paris_2022_Q_Fils_Fognini,FILS,0.47,5.3,-4.7,0.83,0.5,0.3
Paris_2022_Q_Munar_Fils,FILS,0.33,3.9,-6.0,0.97,0.4,0.2
Paris_2022_R64_Fils_Fognini,FILS,0.42,6.8,-6.2,0.8,0.6,0.3
Paris_2024_R16_Zverev_Fils,FILS,0.28,6.9,-5.6,0.75,0.6,0.4
Paris_2024_R32_Fils_Struff,FILS,0.42,6.1,-3.9,1.18,0.5,0.2
Paris_2024_R64_Fils_Cilic,FILS,0.38,7.0,-4.5,0.86,0.6,0.4
Rogers_cup_2024_R64_Humbert_Fils,FILS,0.44,6.2,-5.7,0.99,0.6,0.3
Rome_2023_1st_Cerundolo_Fils,FILS,0.49,6.5,-4.6,0.95,0.6,0.3
Rome_2024_R64_Fils_Muller,FILS,0.65,-2.1,-9.5,0.56,0.5,0.3
Shanghai_2023_1st_Kotov_Fils,FILS,0.51,3.5,-4.5,0.89,0.5,0.3
Shanghai_2024_R64_Fils_Carballes-Baena,FILS,0.49,5.1,-4.0,1.12,0.6,0.4
Tokyo_2024_F_Fils_Humbert,FILS,0.37,6.4,-4.4,0.83,0.6,0.3
Tokyo_2024_QF_Fils_Shelton,FILS,0.53,5.1,-4.2,1.0,0.6,0.4
Tokyo_2024_R16_Fils_Berrettini,FILS,0.36,7.3,-3.6,1.18,0.6,0.4
Tokyo_2024_R32_Fritz_Fils,FILS,0.38,6.6,-3.8,0.87,0.6,0.4
Tokyo_2024_SF_Fils_Rune,FILS,0.4,6.8,-2.9,1.04,0.6,0.4
Basel_2023_F_Auger-Aliassime_Hurkacz,HURKACZ,0.3,5.0,-4.2,1.22,0.5,0.3
Basel_2023_QF_Griekspoor_Hurkacz,HURKACZ,0.49,7.3,-5.1,1.18,0.6,0.3
Basel_2023_R16_Struff_Hurkacz,HURKACZ,0.47,3.4,-4.8,0.98,0.6,0.3
Basel_2023_R32_Lajovic_Hurkacz,HURKACZ,0.5,4.9,-4.0,0.81,0.6,0.3
Basel_2023_SF_Hurkacz_Humbert,HURKACZ,0.37,6.0,-5.0,0.81,0.6,0.4
Cincinnati_2023_QF_Hurkacz_Popyrin,HURKACZ,0.47,3.9,-4.3,0.97,0.6,0.3
Cincinnati_2023_R16_Tsitsipas_Hurkacz,HURKACZ,0.33,5.2,-4.8,1.09,0.5,0.3
Cincinnati_2023_R32_Hurkacz_Coric,HURKACZ,0.38,5.6,-5.2,0.92,0.6,0.3
Cincinnati_2023_R64_Hurkacz_Kokkinakis,HURKACZ,0.53,5.8,-6.5,0.94,0.6,0.3
Cincinnati_2023_SF_Alcaraz_Hurkacz,HURKACZ,0.44,3.1,-6.5,0.88,0.5,0.3
Cincinnati_2024_R16_Hurkacz_Cobolli,HURKACZ,0.53,5.4,-4.2,0.99,0.6,0.4
Cincinnati_2024_R32_Hurkacz_Nishioka,HURKACZ,0.38,6.4,-5.9,0.8,0.6,0.4
Dubai_2023_QF_Djokovic_Hurkacz,HURKACZ,0.4,6.0,-4.8,0.98,0.6,0.3
Dubai_2023_R16_Kotov_Hurkacz,HURKACZ,0.49,7.1,-4.0,1.17,0.6,0.4
Dubai_2023_R32_Shevchenko_Hurkacz,HURKACZ,0.39,4.7,-3.4,1.16,0.5,0.3
Dubai_2024_QF_Hurkacz_Humbert,HURKACZ,0.44,6.3,-4.8,0.98,0.7,0.4
Dubai_2024_R16_Hurkacz_O'Connell,HURKACZ,0.73,3.6,-6.3,1.28,0.5,0.3
Dubai_2024_R32_Hurkacz_Struff,HURKACZ,0.54,5.7,-4.8,0.87,0.6,0.3
Indian_Wells_2024_R64_Monfils_Hurkacz,HURKACZ,0.44,5.9,-5.6,0.73,0.6,0.4
Madrid_2024_R16_Hurkacz_Fritz,HURKACZ,0.39,7.4,-5.0,0.96,0.5,0.3
Madrid_2024_R32_Hurkacz_Altmaier,HURKACZ,0.42,5.9,-3.3,1.17,0.6,0.3
Madrid_2024_R64_Hurkacz_Draper,HURKACZ,0.35,5.2,-5.5,0.71,0.6,0.4
Miami_2024_R16_Dimitrov_Hurkacz,HURKACZ,0.39,5.7,-4.3,0.93,0.6,0.3
Miami_2024_R32_Korda_Hurkacz,HURKACZ,0.38,7.1,-4.9,0.97,0.6,0.4
Miami_2024_R64_Shevchenko_Hurkacz,HURKACZ,0.42,6.1,-4.7,1.05,0.5,0.3
Monte_Carlo_2024_R16_Hurkacz_Ruud,HURKACZ,0.31,5.8,-5.8,0.95,0.5,0.3
Monte_Carlo_2024_R32_Hurkacz_Bautista-Agut,HURKACZ,0.48,6.5,-9.2,0.87,0.6,0.3
Monte_Carlo_2024_R64_Hurkacz_Draper,HURKACZ,0.33,7.4,-6.2,0.92,0.6,0.4
Montreal_2024_QF_Popyrin_Hurkacz,HURKACZ,0.29,3.6,-3.8,0.82,0.8,0.5
Montreal_2024_R16_Rinderknech_Hurkacz,HURKACZ,0.43,5.1,-4.4,1.18,0.6,0.3
Montreal_2024_R32_Kokkinakis_Hurkacz,HURKACZ,0.47,4.0,-4.2,0.93,0.5,0.3
Paris_2023_QF_Hurkacz_Dimitrov,HURKACZ,0.54,3.4,-3.6,1.11,0.6,0.3
Paris_2023_R16_Cerundolo_Hurkacz,HURKACZ,,,,,,
Paris_2023_R32_Bautista-Agut_Hurkacz,HURKACZ,0.39,6.9,-5.1,0.9,0.7,0.5
Paris_2023_R64_Korda_Hurkacz,HURKACZ,0.55,5.9,-5.9,0.9,0.5,0.3
Paris_2024_R64_Michelsen_Hurkacz,HURKACZ,0.54,6.5,-3.4,0.99,0.6,0.3
RG_2024_R64_Hurkacz_Nakashima,HURKACZ,0.42,5.0,-4.9,0.93,0.6,0.3
Rogers_cup_2023_R16_Alcaraz_Hurkacz,HURKACZ,0.45,5.7,-4.3,0.98,0.5,0.3
Rogers_cup_2023_R64_Bublik_Hurkacz,HURKACZ,0.47,6.3,-4.2,1.12,0.6,0.3
Rome_2024_QF_Hurkacz_Paul,HURKACZ,0.4,5.2,-6.6,0.84,0.6,0.3
Rome_2024_R16_Hurkacz_Baez,HURKACZ,0.43,7.4,-7.1,0.96,0.6,0.4
Rome_2024_R32_Hurkacz_Etcheverry,HURKACZ,0.42,6.7,-4.6,1.11,0.7,0.4
Rome_2024_R64_Hurkacz_Nadal,HURKACZ,0.42,6.7,-4.1,0.95,0.7,0.5
Rotterdam_2023_R16_Hurkacz_Dimitrov,HURKACZ,0.47,4.6,-6.1,0.91,0.5,0.3
Rotterdam_2023_R32_Hurkacz_Bautista-Agut,HURKACZ,0.39,6.6,-5.2,0.9,0.6,0.4
Rotterdam_2024_R16_Hurkacz_Griekspoor,HURKACZ,0.37,5.9,-5.0,1.31,0.6,0.3
Rotterdam_2024_R32_Hurkacz_Lehecka,HURKACZ,0.48,5.2,-4.5,1.09,0.6,0.3
Shanghai_2023_F_Rublev_Hurkacz,HURKACZ,0.44,5.5,-4.7,1.03,0.5,0.3
Shanghai_2023_QF_Marozsan_Hurkacz,HURKACZ,0.48,4.4,-4.0,1.12,0.5,0.3
Shanghai_2023_R64_Hurkacz_Kokkinakis,HURKACZ,0.56,5.3,-5.0,0.89,0.5,0.3
Shanghai_2023_SF_Hurkacz_Korda,HURKACZ,0.5,5.9,-6.2,1.01,0.6,0.4
Tokyo_2024_R16_Draper_Hurkacz,HURKACZ,0.4,7.0,-4.3,0.82,0.6,0.4
Tokyo_2024_R32_Giron_Hurkacz,HURKACZ,0.36,5.3,-3.7,1.05,0.5,0.3
Turin_2023_RR_Djokovic_Hurkacz,HURKACZ,0.52,4.7,-4.9,0.68,0.6,0.3
Washington_2023_R32_Hurkacz_Mmoh,HURKACZ,0.46,6.7,-5.5,0.91,0.7,0.4
AO_2025_1st_Osaka_Garcia,OSAKA,0.32,4.8,-2.8,1.05,0.7,0.4
AO_2025_R32_Osaka_Bencic,OSAKA,0.38,3.3,-2.9,0.58,0.8,0.5
AO_2025_R64_Muchova_Osaka,OSAKA,0.43,4.8,-3.2,1.14,0.7,0.4
Auckland_2025_F_Tauson_Osaka,OSAKA,0.36,5.8,-3.6,1.04,0.8,0.5
Auckland_2025_QF_Osaka_Baptiste,OSAKA,0.39,4.9,-3.1,1.13,0.9,0.6
Auckland_2025_R16_Osaka_Grabher,OSAKA,0.37,5.0,-2.7,1.01,0.7,0.5
Auckland_2025_R32_Osaka_Glushko,OSAKA,0.43,2.8,-1.9,0.97,0.8,0.4
Auckland_2025_SF_Parks_Osaka,OSAKA,0.32,6.7,-3.8,0.95,0.8,0.6
Beijing_2024_1st_Bronzetti_Osaka,OSAKA,0.36,3.4,-7.1,0.68,0.6,0.4
Beijing_2024_R16_Osaka_Gauff,OSAKA,0.44,5.6,-4.1,1.04,0.7,0.4
Beijing_2024_R32_Volynets_Osaka,OSAKA,0.4,5.7,-5.4,0.82,0.6,0.4
Beijing_2024_R64_Osaka_Putintseva,OSAKA,0.39,3.0,-4.9,0.99,0.5,0.2
AO_2025_1st_Hurkacz_Griekspoor,HURKACZ,0.4,4.8,-3.8,0.95,0.6,0.4
AO_2025_R64_Hurkacz_Kecmanovic,HURKACZ,0.37,4.9,-3.9,0.61,0.6,0.4
United_Cup_2025_R32_Hurkacz_Harris,HURKACZ,0.48,6.1,-5.2,1.18,0.6,0.2
United_Cup_2025_R64_Hurkacz_Machac,HURKACZ,0.32,4.8,-3.0,0.97,0.7,0.4
United_Cup_2025_R64_Hurkacz_Ruud,HURKACZ,0.22,4.8,-2.3,0.89,0.5,0.5
AO_2025_1st_Tsitsipas_Michelsen,TSITSIPAS,0.42,5.2,-3.5,1.1,0.6,0.4
Antwerp_2024_QF_Lehecka_Tsitsipas,TSITSIPAS,0.42,5.0,-3.7,1.04,0.5,0.3
Antwerp_2024_R16_Seyboth-Wild_Tsitsipas,TSITSIPAS,0.52,3.4,-4.8,0.99,0.5,0.3
Basel_2024_QF_Tsitsipas_Fils,TSITSIPAS,0.52,6.1,-2.4,0.97,0.6,0.3
Basel_2024_R16_Tsitsipas_van-de-Zandschulp,TSITSIPAS,0.61,4.4,-4.1,0.97,0.5,0.3
Basel_2024_R32_Tsitsipas_Cerundolo,TSITSIPAS,0.56,7.1,-2.8,1.16,0.6,0.3
Cincinnati_2024_R32_Draper_Tsitsipas,TSITSIPAS,0.45,9.2,-3.7,1.0,0.7,0.4
Cincinnati_2024_R64_Struff_Tsitsipas,TSITSIPAS,0.47,5.8,-5.0,1.22,0.4,0.2
Paris_2024_QF_Zverev_Tsitsipas,TSITSIPAS,0.42,8.3,-5.1,0.89,0.5,0.3
Paris_2024_R16_Tsitsipas_Cerundolo,TSITSIPAS,0.32,5.8,-3.2,0.62,0.5,0.3
Paris_2024_R32_Tsitsipas_Tabilo,TSITSIPAS,0.4,8.4,-4.2,0.93,0.6,0.4
Paris_2024_R64_Tsitsipas_Carballes-Baena,TSITSIPAS,0.47,6.2,-4.5,0.94,0.5,0.3
Shanghai_2024_R16_Tsitsipas_Medvedev,TSITSIPAS,0.49,4.3,-3.0,0.95,0.5,0.3
Shanghai_2024_R32_Tsitsipas_Muller,TSITSIPAS,0.6,7.2,-4.3,1.02,0.6,0.3
Shanghai_2024_R64_Tsitsipas_Nishikori,TSITSIPAS,0.26,5.3,-3.5,0.97,0.4,0.2
Tokyo_2024_R32_Michelsen_Tsitsipas,TSITSIPAS,0.43,7.0,-4.4,0.97,0.6,0.4
US_Open_2024_1st_Tsitsipas_Kokkinakis,TSITSIPAS,0.42,6.7,-5.3,0.85,0.5,0.3
United_Cup_2025_R32_Tsitsipas_Carreno-Busta,TSITSIPAS,0.35,6.3,-3.9,0.99,0.6,0.3
United_Cup_2025_R32_Tsitsipas_Shevchenko,TSITSIPAS,0.34,6.0,-2.9,1.1,0.7,0.4
AO_2025_1st_Zhang_Rune,ZHANG,0.35,5.8,-3.9,0.78,0.7,0.4
Adelaide_2025_R32_Shapovalov_Zhang,ZHANG,0.26,7.1,-3.6,0.88,0.6,0.4
Almaty_2024_R32_Zhang_Karatsev,ZHANG,0.2,6.7,-4.4,0.8,0.6,0.4
Beijing_2024_R32_Davidovich-Fokina_Zhang,ZHANG,0.51,5.5,-2.2,1.12,0.5,0.3
Paris_2024_R64_Etcheverry_Zhang,ZHANG,0.18,5.7,-5.6,0.66,0.7,0.4
Shanghai_2024_1st_Zhang_Bergs,ZHANG,0.49,6.2,-5.4,1.01,0.6,0.3
United_Cup_2025_R32_Fritz_Zhang,ZHANG,0.31,5.6,-3.7,0.8,0.7,0.4
Vienna_2024_R32_Dimitrov_Zhang,ZHANG,0.32,2.9,-6.8,0.7,0.2,0.1
AO_2025_1st_Pavlyuchenkova_Yuan,PAVLYUCHENKOVA,0.32,5.0,-3.1,0.84,0.7,0.5
AO_2025_QF_Sabalenka_Pavlyuchenkova,PAVLYUCHENKOVA,0.32,6.3,-2.2,1.04,0.7,0.5
AO_2025_R16_Vekic_Pavlyuchenkova,PAVLYUCHENKOVA,0.3,5.2,-2.4,1.14,0.7,0.5
AO_2025_R32_Pavlyuchenkova_Siegemund,PAVLYUCHENKOVA,0.33,5.5,-2.5,0.95,0.8,0.5
AO_2025_R64_Pavlyuchenkova_Potapova,PAVLYUCHENKOVA,0.34,6.1,-3.1,1.08,0.7,0.5
AO_2025_QF_Paul_Zverev,PAUL,0.34,5.2,-3.8,0.9,0.6,0.3
Adelaide_2025_QF_Paul_Hijikata,PAUL,0.45,4.1,-3.6,0.65,0.4,0.2
Adelaide_2025_R16_Paul_Guinard,PAUL,0.38,5.4,-3.5,0.87,0.7,0.4
Adelaide_2025_SF_Paul_Auger-Aliassime,PAUL,0.44,4.5,-5.1,0.82,0.5,0.2
AO_2025_QF_Djokovic_Alcaraz,DJOKOVIC,0.36,5.0,-3.4,1.05,0.7,0.5
AO_2025_SF_Djokovic_Zverev,DJOKOVIC,0.29,3.8,-3.2,0.63,0.8,0.4
Acapulco_2024_Q_Cobolli_Holt,COBOLLI,0.41,6.9,-5.3,1.08,0.5,0.3
Acapulco_2024_Q_Cobolli_Lestienne,COBOLLI,0.65,6.1,-5.3,1.02,0.6,0.3
Acapulco_2024_R32_Auger-Aliassime_Cobolli,COBOLLI,0.46,5.7,-5.7,1.04,0.5,0.3
Auckland_2025_R32_Nardi_Cobolli,COBOLLI,0.27,3.8,-1.4,0.92,0.7,0.4
Beijing_2024_QF_Cobolli_Medvedev,COBOLLI,0.36,6.4,-4.4,1.16,0.6,0.4
Beijing_2024_R16_Cobolli_Kotov,COBOLLI,0.36,8.2,-4.2,0.95,0.6,0.3
Beijing_2024_R32_Bublik_Cobolli,COBOLLI,0.49,4.3,-2.8,1.32,0.6,0.3
Cincinnati_2024_R16_Hurkacz_Cobolli,COBOLLI,0.54,5.9,-5.1,0.98,0.5,0.2
Cincinnati_2024_R32_Darderi_Cobolli,COBOLLI,0.48,4.3,-3.7,0.85,0.6,0.3
Delray_Beach_2024_Q_Cobolli_Marchenko,COBOLLI,0.51,6.3,-4.7,1.22,0.6,0.3
Delray_Beach_2024_Q_Cobolli_Moreno-De-Alboran,COBOLLI,0.31,6.8,-4.3,0.92,0.5,0.2
Delray_Beach_2024_R16_Svajda_Cobolli,COBOLLI,0.51,6.2,-5.1,1.11,0.5,0.4
Delray_Beach_2024_R32_Cobolli_Daniel,COBOLLI,0.36,8.9,-7.9,0.87,0.5,0.3
Eastbourne_2024_QF_Cobolli_Harris,COBOLLI,0.45,5.5,-4.0,1.12,0.6,0.4
Eastbourne_2024_R16_Hussey_Cobolli,COBOLLI,0.68,6.0,-7.4,1.07,0.5,0.3
Eastbourne_2024_R32_Rinderknech_Cobolli,COBOLLI,0.37,7.2,-4.8,0.96,0.6,0.3
Geneva_2024_QF_Shevchenko_Cobolli,COBOLLI,0.42,9.3,-6.3,0.88,0.6,0.4
Geneva_2024_R32_Karatsev_Cobolli,COBOLLI,0.34,7.2,-5.5,0.89,0.5,0.3
Geneva_2024_SF_Cobolli_Ruud,COBOLLI,0.55,6.1,-5.7,0.9,0.5,0.3
Indian_Wells_2024_1st_Cobolli_Carballes-Baena,COBOLLI,0.38,5.8,-4.4,0.83,0.5,0.3
Jeddah_2023_RR_Cobolli_Nardi,COBOLLI,0.48,6.1,-4.3,1.06,0.6,0.3
Jeddah_2023_RR_Stricker_Cobolli,COBOLLI,0.2,6.4,-5.8,1.03,0.5,0.3
Los_Cabos_2024_Q_Cobolli_Polmans,COBOLLI,0.48,8.4,-4.3,1.0,0.6,0.3
Los_Cabos_2024_Q_Cobolli_Shimabukuro,COBOLLI,0.46,6.2,-4.5,1.03,0.6,0.3
Los_Cabos_2024_R32_Cobolli_Nishioka,COBOLLI,0.47,7.4,-6.1,0.77,0.5,0.2
Madrid_2024_1st_Tabilo_Cobolli,COBOLLI,0.45,6.6,-5.1,1.02,0.7,0.4
Madrid_2024_R32_Cobolli_Khachanov,COBOLLI,0.43,4.7,-4.2,1.11,0.7,0.4
Madrid_2024_R64_Jarry_Cobolli,COBOLLI,0.37,8.3,-7.9,0.93,0.6,0.3
Miami_2024_1st_Nishioka_Cobolli,COBOLLI,0.39,7.8,-4.7,0.8,0.6,0.3
Miami_2024_R64_Norrie_Cobolli,COBOLLI,0.49,5.5,-5.8,0.82,0.5,0.3
Monte_Carlo_2024_Q_Nagal_Cobolli,COBOLLI,0.24,7.0,-4.3,0.98,0.6,0.4
Montpellier_2025_R16_de-Jong_Cobolli,COBOLLI,0.3,6.7,-3.3,1.17,0.7,0.5
Pune_2023_R16_Cobolli_van-de-Zandschulp,COBOLLI,0.44,5.0,-7.1,0.92,0.6,0.3
Pune_2023_R32_Cobolli_Sasikumar,COBOLLI,0.46,5.0,-4.6,0.71,0.6,0.3
Rogers_cup_2024_R32_Cobolli_Rinderknech,COBOLLI,0.37,5.0,-4.4,0.92,0.5,0.4
Rogers_cup_2024_R64_Auger-Aliassime_Cobolli,COBOLLI,0.69,5.8,-3.6,1.24,0.7,0.4
Rome_2024_1st_Marterer_Cobolli,COBOLLI,0.4,5.4,-6.5,1.09,0.5,0.2
Rotterdam_2025_R32_Cobolli_Hurkacz,COBOLLI,0.28,4.7,-2.4,1.3,0.5,0.3
Shanghai_2024_R32_Cobolli_Djokovic,COBOLLI,0.36,5.5,-3.8,0.83,0.7,0.4
Shanghai_2024_R64_Cobolli_Wawrinka,COBOLLI,0.45,5.8,-5.3,1.0,0.6,0.3
Umag_2024_R16_Cobolli_Lajovic,COBOLLI,0.55,6.4,-5.5,1.06,0.6,0.3
Umag_2024_R32_Navone_Cobolli,COBOLLI,0.42,8.5,-8.0,0.94,0.6,0.4
Vienna_2024_R16_Cobolli_de-Minaur,COBOLLI,0.26,5.3,-3.3,0.89,0.6,0.3
Washington_2024_QF_Cobolli_Michelsen,COBOLLI,0.56,8.9,-4.9,1.03,0.7,0.3
Washington_2024_R32_Goffin_Cobolli,COBOLLI,0.46,5.0,-4.5,0.76,0.6,0.3
Dallas_2025_R32_Paul_Brooksby,PAUL,0.32,5.4,-3.2,0.89,0.6,0.4
Rotterdam_2025_R32_Rublev_Zhang,ZHANG,0.52,0.8,-4.5,0.47,0.4,0.2
Rotterdam_2025_R32_Tsitsipas_Mayot,TSITSIPAS,0.44,7.0,-3.7,1.26,0.7,0.4
Rotterdam_2025_R32_Cobolli_Hurkacz,HURKACZ,0.34,5.0,-3.5,1.04,0.7,0.5
Rotterdam_2025_R16_Lehecka_Hurkacz,HURKACZ,0.44,6.9,-5.0,1.04,0.7,0.5
Rotterdam_2025_R32_Fils_Lestienne,FILS,0.31,5.8,-1.7,1.06,0.7,0.5
AO_2025_1st_Shelton_Nakashima,NAKASHIMA,0.3,4.9,-1.9,0.93,0.6,0.5
Adelaide_2025_R16_Hijikata_Nakashima,NAKASHIMA,0.16,4.4,-2.6,0.62,0.5,0.3
Adelaide_2025_R32_Hanfmann_Nakashima,NAKASHIMA,0.29,5.3,-2.8,0.85,0.7,0.5
Dallas_2025_R32_Nishioka_Nakashima,NAKASHIMA,0.33,6.0,-2.9,0.63,0.7,0.5
Hong_Kong_2025_R32_Sonego_Nakashima,NAKASHIMA,0.38,6.5,-3.1,1.12,0.6,0.4
Paris_2024_R64_Humbert_Nakashima,NAKASHIMA,0.35,5.4,-5.3,0.76,0.6,0.4
Shanghai_2024_R64_Watanuki_Nakashima,NAKASHIMA,0.57,3.7,-5.9,0.89,0.5,0.2
Stockholm_2024_R32_Wawrinka_Nakashima,NAKASHIMA,0.46,5.6,-4.3,1.08,0.6,0.3
Tokyo_2024_R16_Nakashima_Humbert,NAKASHIMA,0.41,5.6,-4.5,0.86,0.6,0.4
Tokyo_2024_R32_Tiafoe_Nakashima,NAKASHIMA,0.4,7.2,-7.4,0.96,0.6,0.3
Vienna_2024_R16_Khachanov_Nakashima,NAKASHIMA,0.52,6.8,-4.4,1.07,0.6,0.4
Vienna_2024_R32_Nakashima_Paul,NAKASHIMA,0.44,5.2,-5.9,0.74,0.5,0.3
AO_2024_1st_Kecmanovic_Watanuki,KECMANOVIC,0.25,5.6,-1.8,1.11,0.6,0.5
AO_2025_R32_Kecmanovic_Rune,KECMANOVIC,0.34,4.2,-3.1,0.67,0.7,0.4
AO_2025_R64_Hurkacz_Kecmanovic,KECMANOVIC,0.39,4.7,-3.6,0.93,0.7,0.4
Acapulco_2024_QF_Kecmanovic_Draper,KECMANOVIC,0.48,6.1,-5.5,0.64,0.6,0.3
Acapulco_2024_R16_Altmaier_Kecmanovic,KECMANOVIC,0.42,7.7,-6.0,0.84,0.7,0.3
Acapulco_2024_R32_Kecmanovic_Schwartzman,KECMANOVIC,0.39,7.3,-5.6,0.77,0.6,0.4
Adelaide_2024_1st_McDonald_Kecmanovic,KECMANOVIC,0.41,4.8,-3.8,1.04,0.5,0.4
Adelaide_2024_R64_Kecmanovic_Draper,KECMANOVIC,0.35,5.8,-3.9,1.05,0.7,0.5
Adelaide_2025_QF_Kecmanovic_Bonzi,KECMANOVIC,0.37,6.5,-5.1,1.12,0.7,0.4
Adelaide_2025_R32_Bublik_Kecmanovic,KECMANOVIC,0.28,8.4,-6.6,2.36,0.6,0.5
Adelaide_2025_SF_Kecmanovic_Korda,KECMANOVIC,0.35,7.2,-4.1,1.06,0.6,0.3
Beijing_2024_R32_Griekspoor_Kecmanovic,KECMANOVIC,0.4,7.7,-3.6,1.0,0.6,0.4
Cincinnati_2024_R64_Nishioka_Kecmanovic,KECMANOVIC,0.42,7.7,-6.5,0.96,0.7,0.5
Dallas_2025_R32_Kecmanovic_Shapovalov,KECMANOVIC,0.39,5.8,-2.5,1.05,0.6,0.4
Delray_Beach_2024_R32_Kypson_Kecmanovic,KECMANOVIC,0.46,4.1,-5.2,0.51,0.6,0.3
Eastbourne_2024_R16_Kecmanovic_Baez,KECMANOVIC,0.36,6.8,-4.8,0.92,0.6,0.4
Eastbourne_2024_R32_Kecmanovic_Zhang,KECMANOVIC,0.42,6.4,-5.7,0.74,0.6,0.4
Hertogenbosch_2024_R32_Griekspoor_Kecmanovic,KECMANOVIC,0.34,6.8,-3.8,1.0,0.6,0.4
Hong_Kong_2024_R16_Tiafoe_Kecmanovic,KECMANOVIC,0.48,5.8,-4.2,0.94,0.6,0.3
Hong_Kong_2024_R32_Kecmanovic_Daniel,KECMANOVIC,0.4,7.6,-4.6,0.86,0.6,0.4
Hong_Kong_2025_R16_Kecmanovic_Muller,KECMANOVIC,0.42,5.5,-3.5,1.21,0.7,0.4
Hong_Kong_2025_R32_Darderi_Kecmanovic,KECMANOVIC,0.49,3.3,-3.0,0.94,0.7,0.4
Indian_Wells_2024_1st_Sonego_Kecmanovic,KECMANOVIC,0.46,7.5,-3.4,1.07,0.6,0.4
Los_Cabos_2024_R32_Kecmanovic_Hijikata,KECMANOVIC,0.46,1.8,-11.6,1.03,0.5,0.3
Madrid_2024_1st_Zhang_Kecmanovic,KECMANOVIC,0.4,3.9,-6.2,0.77,0.5,0.3
Madrid_2024_R64_Kecmanovic_Ruud,KECMANOVIC,0.45,8.5,-5.4,1.04,0.7,0.4
Miami_2024_1st_Kecmanovic_Shang,KECMANOVIC,0.44,6.4,-5.4,0.89,0.6,0.4
Paris_2024_Q_Giron_Kecmanovic,KECMANOVIC,0.35,7.4,-4.5,0.84,0.6,0.4
Paris_2024_Q_Kotov_Kecmanovic,KECMANOVIC,0.53,4.9,-5.0,1.03,0.5,0.3
Paris_2024_R32_de-Minaur_Kecmanovic,KECMANOVIC,0.51,5.6,-5.5,0.86,0.7,0.4
Paris_2024_R64_Baez_Kecmanovic,KECMANOVIC,0.42,5.9,-4.8,0.88,0.7,0.4
Rogers_cup_2024_R64_Borges_Kecmanovic,KECMANOVIC,0.41,6.1,-4.1,0.89,0.6,0.4
Rome_2024_1st_Kecmanovic_Nakashima,KECMANOVIC,0.29,11.7,-13.4,0.69,0.5,0.3
Rome_2024_R32_Monteiro_Kecmanovic,KECMANOVIC,0.48,6.0,-4.6,0.93,0.6,0.4
Rome_2024_R64_Kecmanovic_Ruud,KECMANOVIC,0.36,8.3,-7.0,0.99,0.6,0.4
Shanghai_2024_1st_Kecmanovic_Hijikata,KECMANOVIC,0.5,6.0,-5.6,0.82,0.6,0.3
Shanghai_2024_R64_Popyrin_Kecmanovic,KECMANOVIC,0.46,6.2,-4.9,0.93,0.6,0.3
Stockholm_2024_QF_Paul_Kecmanovic,KECMANOVIC,0.47,7.2,-4.4,0.9,0.6,0.3
Stockholm_2024_R16_Kecmanovic_Jarry,KECMANOVIC,0.46,5.5,-4.6,0.94,0.5,0.3
Stockholm_2024_R32_Norrie_Kecmanovic,KECMANOVIC,0.4,7.1,-4.9,0.89,0.7,0.4
Vienna_2024_R16_Mensik_Kecmanovic,KECMANOVIC,0.48,8.8,-4.9,0.89,0.6,0.3
Vienna_2024_R32_Kecmanovic_Navone,KECMANOVIC,0.45,5.5,-5.1,0.65,0.5,0.3
Washington_2024_R16_Shapovalov_Kecmanovic,KECMANOVIC,0.41,7.1,-5.3,0.88,0.6,0.4
Washington_2024_R32_Wolf_Kecmanovic,KECMANOVIC,0.31,7.7,-5.0,0.86,0.5,0.3
Wimbledon_2024_R32_Sinner_Kecmanovic,KECMANOVIC,0.53,5.3,-4.2,0.96,0.5,0.3
AO_2024_1st_Altmaier_Khachanov,ALTMAIER,0.26,4.3,-3.3,0.73,0.7,0.4
AO_2025_R64_Altmaier_Monfils,ALTMAIER,0.36,5.5,-2.8,1.09,0.7,0.5
Acapulco_2024_R16_Altmaier_Kecmanovic,ALTMAIER,0.41,5.0,-5.7,0.88,0.5,0.3
Acapulco_2024_R32_Zverev_Altmaier,ALTMAIER,0.44,6.0,-5.0,1.07,0.5,0.3
Antwerp_2024_R16_Lehecka_Altmaier,ALTMAIER,0.38,7.3,-4.2,1.32,0.5,0.3
Antwerp_2024_R32_Bailly_Altmaier,ALTMAIER,0.47,6.4,-2.6,1.08,0.6,0.3
Auckland_2025_Q_Basavareddy_Altmaier,ALTMAIER,0.3,5.9,-3.2,0.84,0.7,0.5
Auckland_2025_Q_Broom_Altmaier,ALTMAIER,0.34,5.4,-3.6,1.04,0.7,0.4
Auckland_2025_R32_Carballes-baena_Altmaier,ALTMAIER,0.42,4.7,-3.9,0.82,0.7,0.4
Basel_2024_Q_Altmaier_Fearnley,ALTMAIER,0.49,6.5,-3.4,1.15,0.7,0.5
Basel_2024_Q_de-Jong_Altmaier,ALTMAIER,0.5,5.0,-3.2,1.03,0.5,0.3
Basel_2024_R32_Altmaier_Fils,ALTMAIER,0.42,6.6,-3.8,1.28,0.5,0.3
Brisbane_2024_1st_Tu_Altmaier,ALTMAIER,0.36,6.1,-4.3,0.92,0.6,0.4
Brisbane_2024_R64_Altmaier_Dimitrov,ALTMAIER,0.28,5.5,-2.4,0.7,0.7,0.5
Cincinnati_2024_Q_Altmaier_Moutet,ALTMAIER,0.4,4.2,-5.9,0.96,0.5,0.3
Hong_Kong_2025_Q_Altmaier_Moro-Canas,ALTMAIER,0.32,6.1,-3.6,1.04,0.7,0.5
Indian_Wells_2024_1st_Pouille_Altmaier,ALTMAIER,0.43,6.3,-5.3,1.02,0.6,0.3
Madrid_2024_1st_Altmaier_Landaluce,ALTMAIER,0.46,6.4,-5.7,1.04,0.6,0.3
Madrid_2024_R32_Hurkacz_Altmaier,ALTMAIER,0.36,6.1,-6.1,1.04,0.5,0.3
Madrid_2024_R64_Altmaier_Fils,ALTMAIER,0.4,8.1,-6.8,0.79,0.7,0.4
Miami_2024_1st_Altmaier_Mayot,ALTMAIER,0.5,6.3,-5.3,0.99,0.6,0.3
Miami_2024_R64_Altmaier_Struff,ALTMAIER,0.55,7.9,-4.2,1.03,0.6,0.3
Monte_Carlo_2024_Q_Altmaier_Moutet,ALTMAIER,0.61,11.9,-13.2,1.01,0.5,0.2
Monte_Carlo_2024_Q_Altmaier_Van-Assche,ALTMAIER,0.51,6.4,-5.0,1.01,0.6,0.4
Monte_Carlo_2024_R64_Cerundolo_Altmaier,ALTMAIER,0.42,5.3,-4.8,0.85,0.6,0.3
Montpellier_2025_R32_Bu_Altmaier,ALTMAIER,0.27,4.5,-2.7,0.79,0.7,0.4
RG_2024_R64_Altmaier_Tsitsipas,ALTMAIER,0.44,7.2,-5.3,1.12,0.5,0.3
Rogers_cup_2024_Q_Altmaier_Hijikata,ALTMAIER,0.46,5.2,-5.1,0.98,0.6,0.3
Rome_2024_1st_Altmaier_Nardi,ALTMAIER,0.7,7.3,-4.9,1.03,0.6,0.3
Rotterdam_2025_Q_Altmaier_Lestienne,ALTMAIER,0.47,4.5,-2.7,1.06,0.8,0.5
Rotterdam_2025_Q_Altmaier_Sanchez-Jover,ALTMAIER,0.28,4.4,-2.9,0.94,0.7,0.5
Rotterdam_2025_R32_Kovacevic_Altmaier,ALTMAIER,0.41,5.0,-4.1,0.94,0.7,0.4
Rotterdam_2025_R16_Fils_Altmaier,FILS,0.34,5.9,-4.1,1.07,0.6,0.4
AO_2025_QF_Djokovic_Alcaraz,ALCARAZ,0.36,5.1,-2.6,0.9,0.6,0.4
Beijing_2024_F_Sinner_Alcaraz,ALCARAZ,0.5,4.1,-3.2,0.78,0.5,0.2
Indian-Wells_2023_F_Alcaraz_Medvedev,ALCARAZ,0.54,2.2,-4.3,0.9,0.6,0.3
Indian-Wells_2023_QF_Alcaraz_Auger-Aliassime,ALCARAZ,0.57,4.5,-2.3,1.04,0.5,0.3
Indian-Wells_2023_R16_Alcaraz_Draper,ALCARAZ,0.41,5.6,-3.3,0.88,0.7,0.4
Indian-Wells_2023_R32_Alcaraz_Griekspoor,ALCARAZ,,,,,,
Indian-Wells_2023_R64_Alcaraz_Kokkinakis,ALCARAZ,1.24,4.3,-4.7,1.58,0.8,0.5
Indian-Wells_2023_SF_Alcaraz_Sinner,ALCARAZ,0.44,4.8,-3.3,0.89,0.5,0.3
Indian_Wells_2024_SF_Sinner_Alcaraz,ALCARAZ,0.39,4.5,-4.5,0.84,0.5,0.3
Madrid_2023_F_Alcaraz_Struff,ALCARAZ,0.41,5.2,-2.9,1.02,0.5,0.3
Madrid_2023_QF_Alcaraz_Khachanov,ALCARAZ,0.54,5.4,-6.3,0.63,0.4,0.2
Madrid_2023_R16_Alcaraz_Zverev,ALCARAZ,0.28,5.8,0.5,0.92,0.5,0.3
Madrid_2023_R32_Alcaraz_Dimitrov,ALCARAZ,0.54,4.9,-5.3,0.83,0.5,0.3
Madrid_2023_R64_Alcaraz_Ruusuvuori,ALCARAZ,0.38,5.0,-4.0,1.09,0.5,0.2
Madrid_2023_SF_Alcaraz_Coric,ALCARAZ,0.48,3.7,-4.1,0.58,0.5,0.2
Miami_2023_QF_Alcaraz_Fritz,ALCARAZ,0.44,5.3,-5.6,1.04,0.5,0.3
Miami_2023_R16_Alcaraz_Paul,ALCARAZ,0.32,6.3,-5.7,0.75,0.5,0.3
Miami_2023_R32_Alcaraz_Lajovic,ALCARAZ,0.55,5.3,-4.8,1.21,0.6,0.3
Miami_2023_R64_Alcaraz_Bagnis,ALCARAZ,0.36,7.9,-3.1,0.78,0.5,0.3
Miami_2023_SF_Alcaraz_Sinner,ALCARAZ,0.3,5.1,-4.1,0.66,0.5,0.3
Queens_2024_R16_Alcaraz_Draper,ALCARAZ,0.48,7.6,-5.6,0.82,0.5,0.3
Queens_2024_R32_Alcaraz_Cerundolo,ALCARAZ,0.41,5.3,-4.2,0.94,0.6,0.4
RG_2024_QF_Tsitsipas_Alcaraz,ALCARAZ,0.42,5.0,-3.8,1.28,0.5,0.3
Rome_2023_R32_Marozsan_Alcaraz,ALCARAZ,0.28,5.3,-4.6,0.58,0.6,0.3
Rome_2023_R64_Ramos-Vinolas_Alcaraz,ALCARAZ,0.51,5.0,-3.7,0.93,0.6,0.3
Dallas_2025_QF_Paul_Opelka,PAUL,0.3,4.4,-3.3,0.76,0.5,0.2
Dallas_2025_R16_Paul_Quinn,PAUL,0.3,6.8,-2.9,1.12,0.6,0.4
Dallas_2025_SF_Shapovalov_Paul,PAUL,0.41,5.0,-6.0,0.79,0.6,0.3
Rotterdam_2025_QF_Rublev_Hurkacz,HURKACZ,0.4,5.0,-4.5,0.56,0.7,0.4
Rotterdam_2025_SF_Alcaraz_Hurkacz,HURKACZ,0.26,4.4,-3.1,1.03,0.6,0.4
Doha_2025_R64_Frech_Haddad-Maia,HADDAD MAIA,0.48,4.2,-3.6,1.07,0.6,0.3
Doha_2025_R32_Fernandez_Navarro,NAVARRO,0.45,4.2,-5.3,0.92,0.5,0.3
Doha_2025_R32_Sakkari_Swiatek,SWIATEK,0.41,6.3,-4.1,0.78,0.6,0.3
Doha_2025_R32_Gauff_Kostyuk,GAUFF,0.38,5.5,-5.0,0.83,0.6,0.4
Doha_2025_R16_Noskova_Swiatek,SWIATEK,0.44,5.9,-5.6,1.04,0.6,0.3
Doha_2025_QF_Rybakina_Swiatek,SWIATEK,0.44,4.1,-5.3,0.91,0.5,0.3
Doha_2025_SF_Ostapenko_Swiatek,SWIATEK,0.84,1.5,-2.7,2.04,0.3,0.2
AO_2025_1st_Rublev_Fonseca,FONSECA,0.3,5.9,-2.4,0.78,0.7,0.4
AO_2025_R64_Fonseca_Sonego,FONSECA,0.3,5.9,-3.1,1.45,0.7,0.5
Buenos_Aires_2025_F_Cerundolo_Fonseca,FONSECA,0.32,4.2,-2.4,0.48,0.9,0.6
Buenos_Aires_2025_QF_Fonseca_Navone,FONSECA,0.37,4.1,-1.7,0.93,0.6,0.4
Buenos_Aires_2025_R16_Fonseca_Coria,FONSECA,0.27,4.8,-2.3,1.11,0.6,0.4
Buenos_Aires_2025_R32_Etcheverry_Fonseca,FONSECA,0.29,4.2,-2.0,0.68,0.6,0.4
Buenos_Aires_2025_SF_Djere_Fonseca,FONSECA,0.56,5.3,-3.1,0.71,0.6,0.4
AO_2025_1st_Shelton_Nakashima,SHELTON,0.32,3.6,-2.9,1.05,0.7,0.4
AO_2025_R64_Shelton_Carreno-Busta,SHELTON,0.33,4.6,-3.2,0.87,0.7,0.4
Acapulco_2024_QF_Ruud_Shelton,SHELTON,0.41,5.5,-5.2,0.77,0.5,0.3
Acapulco_2024_R16_Shelton_Arnaldi,SHELTON,0.52,5.5,-4.8,0.99,0.6,0.3
Acapulco_2024_R32_Evans_Shelton,SHELTON,0.48,4.4,-4.9,0.96,0.6,0.3
Atlanta_2024_R16_Shelton_Shang,SHELTON,0.43,5.2,-5.2,1.13,0.6,0.4
Auckland_2024_QF_Shelton_Carballes-Baena,SHELTON,0.4,4.7,-4.8,1.12,0.5,0.3
Auckland_2024_R16_Shelton_Marozsan,SHELTON,0.43,7.5,-5.3,1.26,0.5,0.3
Auckland_2024_SF_Shelton_Daniel,SHELTON,0.51,4.1,-5.1,0.92,0.6,0.3
Auckland_2025_R16_Shelton_Mensik,SHELTON,0.18,4.2,-3.0,0.88,0.7,0.4
Basel_2024_F_Shelton_Mpetshi-Perricard,SHELTON,0.6,3.9,-3.4,0.84,0.6,0.3
Basel_2024_QF_Rublev_Shelton,SHELTON,0.42,4.7,-5.5,0.85,0.5,0.3
Basel_2024_R16_Wawrinka_Shelton,SHELTON,0.31,5.2,-4.1,1.06,0.6,0.3
Basel_2024_R32_Etcheverry_Shelton,SHELTON,0.43,5.3,-5.5,1.0,0.6,0.3
Basel_2024_SF_Shelton_Fils,SHELTON,0.59,3.8,-4.7,1.28,0.6,0.3
Brisbane_2024_R32_Shelton_Safiullin,SHELTON,0.49,6.5,-4.6,0.95,0.5,0.3
Cincinnati_2024_R16_Shelton_Marozsan,SHELTON,0.42,5.8,-4.7,0.87,0.4,0.2
Cincinnati_2024_R32_Shelton_Etcheverry,SHELTON,0.46,4.5,-4.6,0.91,0.6,0.4
Cincinnati_2024_R64_Shelton_Opelka,SHELTON,0.5,5.1,-7.3,0.99,0.7,0.3
Dallas_2024_SF_Shelton_Paul,SHELTON,0.31,5.7,-6.1,0.86,0.6,0.3
Dallas_2025_R16_Munar_Shelton,SHELTON,0.27,5.0,-4.1,0.63,0.6,0.4
Dallas_2025_R32_Vukic_Shelton,SHELTON,0.35,6.0,-3.6,1.24,0.7,0.4
Geneva_2024_R16_Cobolli_Shelton,SHELTON,0.46,5.1,-5.6,1.0,0.6,0.3
Indian_Wells_2024_R16_Shelton_Sinner,SHELTON,0.34,3.5,-3.0,0.86,0.4,0.2
Indian_Wells_2024_R32_Shelton_Cerundolo,SHELTON,0.46,3.3,-4.6,0.68,0.5,0.3
Indian_Wells_2024_R64_Shelton_Mensik,SHELTON,0.52,4.2,-4.2,0.94,0.5,0.3
Madrid_2024_R32_Bublik_Shelton,SHELTON,0.55,6.5,-4.5,1.06,0.7,0.4
Madrid_2024_R64_Machac_Shelton,SHELTON,0.4,7.0,-6.7,0.85,0.6,0.3
Mallorca_2024_QF_Shelton_Jubb,SHELTON,0.48,5.9,-4.5,1.04,0.7,0.4
Mallorca_2024_R16_Shelton_Hijikata,SHELTON,0.34,5.6,-4.2,0.81,0.7,0.4
Miami_2024_R32_Musetti_Shelton,SHELTON,0.44,6.0,-6.1,0.97,0.6,0.3
Miami_2024_R64_Landaluce_Shelton,SHELTON,0.45,7.5,-5.0,0.89,0.6,0.4
Queens_2024_R32_Shelton_Mpetshi-Perricard,SHELTON,0.72,3.5,-5.6,0.91,0.4,0.2
Rogers_cup_2024_R32_Popyrin_Shelton,SHELTON,0.64,5.6,-6.3,0.84,0.6,0.3
Rogers_cup_2024_R64_Bublik_Shelton,SHELTON,0.66,4.5,-4.7,0.98,0.5,0.3
Rome_2024_R32_Shelton_Zhang,SHELTON,0.52,0.9,-6.9,0.94,0.5,0.3
Rome_2024_R64_Shelton_Kotov,SHELTON,0.46,6.7,-8.9,0.92,0.5,0.3
Shanghai_2024_R16_Sinner_Shelton,SHELTON,0.35,6.5,-4.4,0.82,0.5,0.3
Stuttgart_2024_R16_Duckworth_Shelton,SHELTON,0.54,5.9,-5.9,0.98,0.6,0.4
Tokyo_2024_QF_Fils_Shelton,SHELTON,0.5,5.6,-4.0,0.9,0.6,0.3
Washington_2024_QF_Shapovalov_Shelton,SHELTON,0.68,7.2,-4.5,1.0,0.6,0.3
Washington_2024_R16_Nakashima_Shelton,SHELTON,0.64,2.8,-4.6,0.87,0.6,0.3
Washington_2024_R32_Albot_Shelton,SHELTON,0.47,5.8,-5.8,1.0,0.5,0.3
Washington_2024_SF_Cobolli_Shelton,SHELTON,0.54,4.1,-5.7,0.75,0.5,0.3
Wimbledon_2024_R16_Sinner_Shelton,SHELTON,0.44,5.0,-4.1,0.88,0.6,0.3
Dubai_2025_R64_Haddad-Maia_Potapova,HADDAD MAIA,0.58,4.1,-3.7,0.94,0.7,0.4
AO_2025_R64_Martinez_Zverev,MARTINEZ,0.32,4.8,-2.1,0.85,0.7,0.4
Auckland_2025_R32_Martinez_Monfils,MARTINEZ,0.38,5.3,-3.6,1.04,0.6,0.4
Basel_2024_R16_Martinez_Fils,MARTINEZ,0.43,9.0,-5.8,0.67,0.6,0.3
Basel_2024_R32_Martinez_Lehecka,MARTINEZ,0.31,5.0,-5.8,0.63,0.5,0.3
Beijing_2024_R32_Lehecka_Martinez,MARTINEZ,0.49,4.5,-4.8,1.01,0.5,0.2
Buenos_Aires_2025_R16_Martinez_Schwartzman,MARTINEZ,0.39,6.3,-3.6,1.19,0.7,0.5
Buenos_Aires_2025_R32_Dzumhur_Martinez,MARTINEZ,0.34,5.1,-3.1,1.04,0.7,0.5
Buenos_Aires_2025_SF_Cerundolo_Martinez,MARTINEZ,0.4,3.9,-4.5,1.18,0.7,0.3
Chengdu_2024_QF_Hanfmann_Martinez,MARTINEZ,0.24,5.2,-6.6,0.76,0.4,0.2
Chengdu_2024_R16_Vukic_Martinez,MARTINEZ,0.5,4.4,-5.6,0.94,0.5,0.2
Cincinnati_2024_Q_Martinez_Kovacevic,MARTINEZ,0.52,6.1,-4.6,0.83,0.5,0.2
Hamburg_2024_QF_Cerundolo_Martinez,MARTINEZ,0.33,7.1,-6.4,0.92,0.6,0.3
Hamburg_2024_R16_Blanchet_Martinez,MARTINEZ,0.47,9.2,-9.2,0.94,0.5,0.3
Hamburg_2024_R32_Martinez_Arnaldi,MARTINEZ,0.3,6.8,-4.8,1.08,0.7,0.4
Hamburg_2024_SF_Zverev_Martinez,MARTINEZ,0.29,7.0,-2.8,1.0,0.6,0.4
Hong_Kong_2025_R16_Shang_Martinez,MARTINEZ,0.34,5.8,-2.4,1.16,0.7,0.5
Hong_Kong_2025_R32_Passaro_Martinez,MARTINEZ,0.23,3.6,-3.3,0.74,0.6,0.3
Kitzbuhel_2024_QF_Martinez_Diaz-Acosta,MARTINEZ,0.33,7.0,-4.4,0.9,0.6,0.4
Kitzbuhel_2024_R16_Martinez_Nagal,MARTINEZ,0.48,6.9,-5.5,1.05,0.6,0.4
Lyon_2024_R32_Seyboth-Wild_Martinez,MARTINEZ,0.45,7.8,-5.4,1.02,0.6,0.3
Madrid_2024_Q_Martinez_Albot,MARTINEZ,0.52,5.5,-6.0,1.01,0.5,0.3
Mallorca_2024_R32_Martinez_Darderi,MARTINEZ,0.44,4.8,-5.9,0.8,0.5,0.3
Metz_2024_R32_Martinez_Herbert,MARTINEZ,0.27,5.9,-4.6,1.1,0.5,0.3
Miami_2024_Q_Martinez_Blockx,MARTINEZ,0.71,5.3,-7.5,0.7,0.5,0.2
Miami_2024_Q_Martinez_Walton,MARTINEZ,0.45,4.3,-5.8,0.94,0.5,0.3
Paris_2024_R64_Thompson_Martinez,MARTINEZ,0.4,6.9,-5.1,0.86,0.6,0.3
Rio_2025_R32_Martinez_Ugo-Carabelli,MARTINEZ,0.25,3.9,-2.7,0.95,0.7,0.4
Rogers_cup_2024_R64_Coric_Martinez,MARTINEZ,0.65,1.6,-5.7,0.46,0.5,0.2
Rome_2024_1st_Borges_Martinez,MARTINEZ,0.39,3.1,-6.5,0.84,0.4,0.2
Rotterdam_2025_QF_Alcaraz_Martinez,MARTINEZ,0.35,4.1,-6.2,1.34,0.5,0.2
Rotterdam_2025_R16_Martinez_Rune,MARTINEZ,0.38,5.4,-2.6,0.94,0.7,0.4
Rotterdam_2025_R32_Martinez_Bautista-Agut,MARTINEZ,0.36,5.9,-3.1,0.86,0.7,0.4
Shanghai_2024_1st_Mensik_Martinez,MARTINEZ,0.44,5.7,-6.2,0.94,0.6,0.4
Stockholm_2024_R32_Martinez_Djere,MARTINEZ,0.79,3.9,-4.7,1.71,0.7,0.3
AO_2025_R64_Shelton_Carreno-Busta,CARRENO BUSTA,0.44,3.6,-2.4,1.09,0.8,0.5
Auckland_2025_Q_Bergs_Carreno-busta,CARRENO BUSTA,0.3,6.2,-2.9,1.14,0.7,0.5
Auckland_2025_R32_Carreno-busta_Mensik,CARRENO BUSTA,0.41,7.0,-3.9,1.5,0.7,0.5
Beijing_2024_R32_Rublev_Carreno-Busta,CARRENO BUSTA,0.45,6.5,-3.2,1.05,0.6,0.4
Cincinnati_2024_R16_Zverev_Carreno-Busta,CARRENO BUSTA,0.36,6.5,-3.3,0.94,0.6,0.4
Cincinnati_2024_R32_Purcell_Carreno-Busta,CARRENO BUSTA,0.44,8.8,-4.6,0.88,0.7,0.3
Montpellier_2025_Q_Kovacevic_Carreno-Busta,CARRENO BUSTA,0.31,4.7,-1.5,1.29,0.6,0.4
Montpellier_2025_Q_Svrcina_Carreno-Busta,CARRENO BUSTA,0.32,4.2,-2.5,1.07,0.7,0.5
Rogers_cup_2024_R32_Rune_Carreno-Busta,CARRENO BUSTA,0.31,4.7,-5.0,0.97,0.5,0.3
Rogers_cup_2024_R64_Marozsan_Carreno-Busta,CARRENO BUSTA,0.38,6.9,-4.3,0.91,0.6,0.4
Shanghai_2024_1st_Carreno-Busta_van-de-Zandschulp,CARRENO BUSTA,0.35,5.8,-5.0,0.87,0.6,0.3
Winston_Salem_2024_QF_Tien_Carreno-Busta,CARRENO BUSTA,0.44,7.1,-7.9,0.81,0.6,0.3
Winston_Salem_2024_R16_Carreno-Busta_Vukic,CARRENO BUSTA,0.38,7.3,-5.8,0.92,0.6,0.4
Winston_Salem_2024_R32_Shevchenko_Carreno-Busta,CARRENO BUSTA,0.37,6.7,-5.3,0.93,0.6,0.4
Winston_Salem_2024_R64_Kumar_Carreno-Busta,CARRENO BUSTA,0.49,5.7,-4.2,0.88,0.7,0.3
Winston_Salem_2024_SF_Carreno-Busta_Michelsen,CARRENO BUSTA,0.54,5.7,-6.5,0.98,0.6,0.4
Dubai_2025_QF_Andreeva_Swiatek,SWIATEK,0.48,4.6,-3.5,1.04,0.5,0.3
Dubai_2025_R16_Yastremska_Swiatek,SWIATEK,0.4,6.7,-4.2,0.86,0.6,0.3
Dubai_2025_R32_Azarenka_Swiatek,SWIATEK,0.4,4.0,-3.5,0.91,0.5,0.3
Doha_2025_R32_Djokovic_Berrettini,DJOKOVIC,0.33,8.1,-5.9,0.96,0.6,0.4
Acapulco_2025_R32_Cobolli_Shelton,SHELTON,0.31,4.4,-2.7,1.06,0.6,0.4
Acapulco_2025_R32_Cobolli_Shelton,COBOLLI,0.3,4.7,-2.6,0.77,0.6,0.4
Dubai_2025_R32_Fils_Borges,FILS,0.38,5.5,-2.7,1.34,0.7,0.5
Rio_2025_R32_Fonseca_Muller,FONSECA,0.56,1.5,-5.8,0.77,0.6,0.2
Merida_2025_R16_Sramkova_Haddad-Maia,HADDAD MAIA,0.57,4.6,-5.9,0.88,0.6,0.4
Doha_2025_R32_Tsitsipas_Medjedovic,TSITSIPAS,0.3,5.9,-2.8,1.18,0.6,0.4
Dubai_2025_QF_Tsitsipas_Berrettini,TSITSIPAS,0.37,5.3,-2.8,0.84,0.7,0.4
Dubai_2025_R16_Tsitsipas_Khachanov,TSITSIPAS,0.38,5.0,-2.3,1.04,0.7,0.4
Dubai_2025_R32_Tsitsipas_Sonego,TSITSIPAS,,,,,,
Dubai_2025_SF_Griekspoor_Tsitsipas,TSITSIPAS,0.23,5.3,-1.5,1.17,0.6,0.4
Rotterdam_2025_QF_Tsitsipas_Bellucci,TSITSIPAS,0.36,5.5,-2.3,1.23,0.7,0.5
Rotterdam_2025_R16_Tsitsipas_Griekspoor,TSITSIPAS,0.36,4.7,-2.9,0.82,0.7,0.4
Acapulco_2025_QF_Nakashima_Goffin,NAKASHIMA,0.4,5.4,-3.7,0.73,0.8,0.5
Acapulco_2025_R32_Bonzi_Nakashima,NAKASHIMA,0.37,5.3,-3.6,0.82,0.7,0.4
Acapulco_2025_SF_Machac_Nakashima,NAKASHIMA,0.36,5.7,-4.1,0.86,0.7,0.4
Delray_Beach_2025_QF_Arnaldi_Nakashima,NAKASHIMA,0.28,6.5,-3.9,1.01,0.5,0.3
Delray_Beach_2025_R16_Opelka_Nakashima,NAKASHIMA,0.25,4.6,-4.0,0.81,0.6,0.4
Delray_Beach_2025_R32_Trotter_Nakashima,NAKASHIMA,0.29,6.1,-3.0,1.0,0.7,0.4
Dubai_2025_R32_Gauff_Kessler,GAUFF,0.49,4.1,-4.4,0.82,0.6,0.3
Dubai_2025_F_Tsitsipas_Auger-Aliassime,TSITSIPAS,0.31,5.5,-3.0,0.82,0.6,0.4
Indian_Wells_2025_1st_Smith_Cobolli,COBOLLI,0.26,5.8,-2.3,0.98,0.7,0.4
AO_2025_1st_Bouzkova_Andreeva,ANDREEVA,0.38,4.5,-3.4,1.01,0.7,0.4
AO_2025_R64_Haddad-Maia_Andreeva,ANDREEVA,0.44,4.3,-3.6,0.9,0.9,0.5
Cincinnati_2024_QF_Swiatek_Andreeva,ANDREEVA,0.47,4.4,-5.9,0.67,0.6,0.4
Dubai_2025_QF_Andreeva_Swiatek,ANDREEVA,0.47,5.2,-3.7,0.94,0.6,0.3
Indian_Wells_2023_Q_Arango_Andreeva,ANDREEVA,0.56,5.8,-5.1,1.06,0.7,0.4
Indian_Wells_2024_1st_Andreeva_Volynets,ANDREEVA,0.49,5.2,-5.3,0.88,0.6,0.3
Madrid_2023_1st_Andreeva_Fernandez,ANDREEVA,0.8,5.6,-5.0,1.33,0.5,0.3
Madrid_2023_R16_Andreeva_Sabalenka,ANDREEVA,0.34,5.8,-4.5,0.94,0.5,0.2
Madrid_2023_R32_Andreeva_Linette,ANDREEVA,0.45,4.9,-5.8,0.94,0.6,0.4
Madrid_2024_1st_Andreeva_Townsend,ANDREEVA,0.43,6.3,-5.2,0.97,0.6,0.4
Madrid_2024_QF_Andreeva_Sabalenka,ANDREEVA,0.37,5.5,-6.6,0.84,0.4,0.2
Madrid_2024_R16_Andreeva_Paolini,ANDREEVA,0.52,5.3,-4.2,0.97,0.6,0.3
Madrid_2024_R32_Vondrousova_Andreeva,ANDREEVA,0.45,5.4,-5.0,0.79,0.6,0.4
Madrid_2024_R64_Andreeva_Noskova,ANDREEVA,0.4,7.1,-5.5,1.08,0.6,0.4
Rome_2024_1st_Andreeva_Badosa,ANDREEVA,0.46,5.2,-5.3,0.7,0.6,0.3
Wimbledon_2024_1st_Fruhvirtova_Andreeva,ANDREEVA,0.42,5.9,-5.2,0.98,0.5,0.3
Indian_Wells_2025_1st_Fearnley_Fonseca,FONSECA,0.35,5.2,-2.5,0.96,0.7,0.5
Indian_Wells_2025_R64_Draper_Fonseca,FONSECA,0.34,6.1,-2.7,0.99,0.6,0.4
Indian_Wells_2025_R64_Navone_Shelton,SHELTON,0.37,5.0,-3.5,0.91,0.7,0.4
Indian_Wells_2025_R32_Fils_Musetti,FILS,0.31,6.3,-2.0,1.03,0.7,0.5
Indian_Wells_2025_R64_Fils_Diallo,FILS,0.25,5.2,-2.5,0.86,0.7,0.5
Indian_Wells_2025_R32_Yastremska_Swiatek,SWIATEK,0.42,2.1,-6.0,0.62,0.5,0.3
Indian_Wells_2025_R64_Garcia_Swiatek,SWIATEK,0.54,3.8,-4.4,1.41,0.6,0.3
Indian_Wells_2025_R64_Navarro_Cirstea,NAVARRO,0.37,6.1,-4.1,0.85,0.6,0.3
Cincinnati_2022_R64_Paul_Brooksby,BROOKSBY,0.42,7.3,-5.8,0.86,0.6,0.3
Dallas_2025_R32_Paul_Brooksby,BROOKSBY,0.32,6.3,-3.0,0.94,0.6,0.4
Indian_Wells_2022_1st_Brooksby_Carballes_Baena,BROOKSBY,0.5,4.9,-4.6,1.13,0.6,0.3
Indian_Wells_2022_R32_Brooksby_Tsitsipas,BROOKSBY,0.45,6.8,-4.7,0.91,0.6,0.3
Indian_Wells_2022_R64_Khachanov_Brooksby,BROOKSBY,0.52,4.6,-4.8,0.92,0.6,0.3
Miami_2022_1st_Brooksby_Coria,BROOKSBY,0.4,5.5,-3.8,0.96,0.5,0.3
Miami_2022_R16_Medvedev_Brooksby,BROOKSBY,0.52,5.2,-5.3,1.16,0.5,0.3
Miami_2022_R32_Brooksby_Bautista_Agut,BROOKSBY,0.54,5.0,-6.1,0.91,0.5,0.3
Miami_2022_R64_Basilashvili_Brooksby,BROOKSBY,0.42,6.0,-4.7,1.04,0.4,0.2
Rogers_cup_2022_R32_Brooksby_Bautista_Agut,BROOKSBY,0.44,7.8,-7.3,1.01,0.6,0.3
Rogers_cup_2022_R64_Bublik_Brooksby,BROOKSBY,0.54,6.7,-4.4,1.3,0.6,0.3
Indian_Wells_2025_R16_Giron_Fils,FILS,0.39,5.8,-2.9,1.17,0.8,0.5
Indian_Wells_2025_R16_Muchova_Swiatek,SWIATEK,0.47,3.5,-3.9,0.86,0.5,0.3
Indian_Wells_2025_R32_Navarro_Vekic,NAVARRO,0.44,6.4,-4.8,0.98,0.6,0.3
Indian_Wells_2025_R16_Nakashima_Shelton,NAKASHIMA,0.33,5.6,-3.8,1.12,0.6,0.4
Indian_Wells_2025_R32_Arnaldi_Nakashima,NAKASHIMA,0.31,4.6,-3.2,0.99,0.4,0.3
Indian_Wells_2025_R64_Hijikata_Nakashima,NAKASHIMA,0.33,3.7,-3.7,0.9,0.7,0.4
Indian_Wells_2025_QF_Zheng_Swiatek,SWIATEK,0.44,4.3,-4.6,0.61,0.5,0.3
Indian_Wells_2025_SF_Andreeva_Swiatek,SWIATEK,0.56,4.5,-4.5,1.01,0.5,0.3
Indian_Wells_2025_QF_Fils_Medvedev,FILS,0.44,4.8,-4.0,1.19,0.6,0.4
Dallas_2025_Q_Duckworth_Quinn,QUINN,0.3,7.4,-0.7,1.15,0.6,0.4
Dallas_2025_Q_Trotter_Quinn,QUINN,0.35,6.4,-3.8,1.08,0.6,0.4
Dallas_2025_R16_Paul_Quinn,QUINN,0.29,6.7,-3.3,0.9,0.6,0.4
Dallas_2025_R32_Quinn_Svajda,QUINN,0.14,6.9,-2.3,0.66,0.6,0.4
Delray_Beach_2025_Q_Barrios-vera_Quinn,QUINN,0.3,5.2,-2.7,0.97,0.6,0.4
Delray_Beach_2025_Q_Quinn_Svajda,QUINN,0.38,5.6,-3.2,1.15,0.7,0.4
Delray_Beach_2025_R16_Quinn_Giron,QUINN,0.4,6.7,-3.5,1.48,0.6,0.3
Delray_Beach_2025_R32_Quinn_Boyer,QUINN,0.4,4.8,-3.5,1.04,0.6,0.3
Indian_Wells_2025_1st_Bergs_Quinn,QUINN,0.39,5.8,-3.7,1.09,0.7,0.4
Indian_Wells_2025_Q_Diallo_Quinn,QUINN,0.32,4.2,-2.3,0.58,0.8,0.5
Indian_Wells_2025_Q_Quinn_Schoolkate,QUINN,0.33,5.0,-3.4,0.8,0.6,0.3
Miami_2025_Q_Quinn_Mannarino,QUINN,0.35,4.9,-2.9,0.99,0.7,0.4
Miami_2025_Q_Ugo-Carabelli_Quinn,QUINN,0.35,3.7,-3.0,0.78,0.6,0.3
Miami_2025_1st_Schoolkate_Quinn,QUINN,0.33,7.1,-4.2,0.93,0.7,0.5
Indian_Wells_2025_R64_Kartal_Haddad-Maia,HADDAD MAIA,0.46,6.2,-4.5,0.95,0.7,0.4
Acapulco_2025_R16_Goffin_Shelton,SHELTON,0.46,4.4,-4.2,1.03,0.7,0.4
Indian_Wells_2025_QF_Shelton_Draper,SHELTON,0.41,3.9,-3.5,0.97,0.6,0.4
Indian_Wells_2025_R32_Khachanov_Shelton,SHELTON,0.32,5.3,-4.0,0.86,0.7,0.4
Indian_Wells_2025_R16_Nakashima_Shelton,SHELTON,0.34,3.1,-3.2,0.56,0.6,0.3
Miami_2025_R64_Gauff_Kenin,GAUFF,0.36,6.1,-2.4,0.92,0.6,0.4
Miami_2025_1st_Fonseca_Tien,FONSECA,0.3,4.8,-2.3,0.97,0.7,0.4
Miami_2025_1st_Tirante_Cobolli,COBOLLI,0.34,5.9,-3.3,1.0,0.6,0.4
Miami_2025_R64_Fruhvirtova_Haddad-Maia,HADDAD MAIA,0.47,3.7,-4.8,0.92,0.6,0.3
Indian_Wells_2025_1st_Osorio_Osaka,OSAKA,0.43,5.5,-4.6,1.27,0.6,0.3
Miami_2025_1st_Osaka_Starodubtseva,OSAKA,0.46,5.5,-4.7,1.04,0.6,0.4
Miami_2025_R64_Osaka_Samsonova,OSAKA,0.43,5.5,-2.4,0.98,0.7,0.4
Miami_2025_R64_Garcia_Swiatek,SWIATEK,0.38,5.2,-3.3,1.1,0.6,0.3
Miami_2025_R64_Navarro_Raducanu,NAVARRO,0.36,4.9,-4.0,0.94,0.6,0.3
Miami_2025_R64_Hijikata_Djokovic,DJOKOVIC,0.22,5.0,-2.3,0.78,0.7,0.5
Indian_Wells_2025_R64_Djokovic_van-de-Zandschulp,DJOKOVIC,0.41,5.2,-3.8,1.1,0.7,0.4
Miami_2025_R32_Gauff_Sakkari,GAUFF,0.43,6.2,-4.5,0.84,0.6,0.3
Miami_2025_R64_Fonseca_Humbert,FONSECA,0.27,4.5,-1.7,1.28,0.6,0.4
Miami_2025_R32_Baptiste_Osaka,OSAKA,0.52,5.9,-3.7,1.12,0.6,0.4
Miami_2025_R64_Fils_Diallo,FILS,0.34,7.0,-3.1,1.18,0.6,0.4
Miami_2025_R64_Wong_Shelton,SHELTON,0.3,3.7,-2.9,1.01,0.6,0.3
Miami_2025_R32_Mertens_Swiatek,SWIATEK,0.41,5.8,-3.7,0.88,0.5,0.3
Miami_2025_R32_Ugo-Carabelli_Djokovic,DJOKOVIC,0.31,5.2,-3.5,1.32,0.6,0.4
Miami_2025_R32_Fils_Tiafoe,FILS,0.29,4.9,-3.2,0.85,0.5,0.3
Miami_2025_R16_Gauff_Linette,GAUFF,0.47,4.0,-3.5,0.94,0.6,0.4
Miami_2025_R16_Osaka_Paolini,OSAKA,0.45,6.3,-5.6,0.94,0.6,0.3
Miami_2025_R16_Musetti_Djokovic,DJOKOVIC,0.34,5.5,-4.6,0.82,0.7,0.4
Miami_2025_R16_Svitolina_Swiatek,SWIATEK,0.4,4.5,-3.4,0.96,0.5,0.3
Miami_2025_QF_Eala_Swiatek,SWIATEK,0.57,4.3,-4.3,1.03,0.5,0.3
Miami_2025_R16_Zverev_Fils,FILS,0.38,7.0,-3.7,1.05,0.7,0.4
Adelaide_2024_R32_Draper_Baez,BAEZ,0.39,7.1,-5.4,0.87,0.6,0.3
Auckland_2025_R16_Diaz-acosta_Baez,BAEZ,0.25,5.7,-2.5,0.84,0.7,0.4
Basel_2024_R32_Auger-Aliassime_Baez,BAEZ,0.34,4.6,-3.8,1.2,0.5,0.4
Brisbane_2024_R32_Klein_Baez,BAEZ,0.45,6.5,-5.5,0.91,0.5,0.3
Buenos_Aires_2025_R32_Baez_Ugo-Carabelli,BAEZ,0.4,6.3,-3.7,1.07,0.7,0.4
Cincinnati_2024_R64_Giron_Baez,BAEZ,0.39,6.9,-4.7,0.86,0.6,0.4
Geneva_2024_QF_Baez_Ruud,BAEZ,0.37,7.1,-5.3,0.88,0.6,0.4
Geneva_2024_R16_Baez_Carballes-Baena,BAEZ,0.34,7.9,-4.7,0.89,0.6,0.4
Geneva_2024_R32_Baez_Nagal,BAEZ,0.42,8.4,-6.5,0.96,0.7,0.5
Hamburg_2024_QF_Darderi_Baez,BAEZ,0.4,6.5,-4.9,0.93,0.6,0.4
Hamburg_2024_R16_Lajovic_Baez,BAEZ,0.42,8.0,-5.8,0.95,0.6,0.4
Hamburg_2024_R32_Koepfer_Baez,BAEZ,0.37,7.1,-4.7,0.91,0.6,0.4
Indian_Wells_2024_R64_Fognini_Baez,BAEZ,0.38,7.4,-5.0,0.91,0.6,0.4
Indian_Wells_2025_1st_Gigante_Baez,BAEZ,0.28,5.8,-2.6,1.02,0.8,0.5
Kitzbuhel_2024_QF_Baez_Gaston,BAEZ,0.4,6.6,-5.3,1.03,0.6,0.4
Kitzbuhel_2024_R16_Baez_Tirante,BAEZ,0.42,5.5,-4.4,0.74,0.4,0.3
Madrid_2024_R32_Baez_Fritz,BAEZ,0.29,5.9,-3.7,1.18,0.6,0.4
Madrid_2024_R64_Baez_Van-Assche,BAEZ,0.39,6.8,-6.5,0.94,0.7,0.5
Miami_2024_R64_Koepfer_Baez,BAEZ,0.35,7.5,-3.8,0.91,0.6,0.4
Miami_2025_1st_Bublik_Baez,BAEZ,0.28,5.5,-3.2,1.03,0.8,0.6
Monte_Carlo_2024_R64_Struff_Baez,BAEZ,0.43,6.5,-6.5,0.73,0.5,0.3
Rio_de_Janeiro_2025_F_Muller_Baez,BAEZ,0.22,5.6,-1.6,1.01,0.7,0.5
Rio_de_Janeiro_2025_QF_Baez_Tseng,BAEZ,0.67,4.4,-3.4,0.65,0.7,0.5
Rio_de_Janeiro_2025_R16_Baez_Navone,BAEZ,0.23,3.3,-1.3,0.74,0.9,0.5
Rio_de_Janeiro_2025_SF_Baez_Ugo-Carabelli,BAEZ,0.33,4.3,-4.1,1.0,0.6,0.5
Rome_2024_R32_Baez_Rune,BAEZ,0.32,6.1,-4.6,0.83,0.4,0.3
Rome_2024_R64_Baez_Lajovic,BAEZ,0.3,9.4,-8.4,0.91,0.5,0.4
Santiago_2025_F_Djere_Baez,BAEZ,0.35,4.3,-2.5,1.1,0.7,0.5
Santiago_2025_QF_Dzumhur_Baez,BAEZ,0.34,4.1,-3.2,1.21,0.7,0.4
Santiago_2025_R16_Comesana_Baez,BAEZ,0.43,3.7,-2.6,0.95,0.8,0.5
Santiago_2025_SF_Baez_Ugo-Carabelli,BAEZ,0.29,5.1,-3.1,1.2,0.7,0.5
Shanghai_2024_R64_Baez_Monfils,BAEZ,0.38,6.3,-5.3,0.85,0.6,0.4
Winston_Salem_2024_R32_Baez_Coric,BAEZ,0.37,6.9,-2.9,0.84,0.6,0.4
Miami_2025_QF_Fils_Mensik,FILS,0.31,3.6,-4.0,1.2,0.6,0.4
Miami_2025_R32_de-Minaur_Fonseca,FONSECA,0.27,6.0,-3.0,0.77,0.6,0.4
Beijing_2019_F_OSAKA_BARTY,OSAKA,0.15,3.6,-1.7,0.5,0.4,0.2
Beijing_2019_QF_OSAKA_ANDREESCU,OSAKA,0.19,3.0,-0.4,0.47,0.3,0.2
Beijing_2019_R1_OSAKA_PEGULA,OSAKA,0.32,3.0,-2.1,0.58,0.4,0.2
Beijing_2019_R2_PETKOVIC_OSAKA,OSAKA,0.18,3.5,-1.5,0.55,0.3,0.2
Beijing_2019_R3_OSAKA_RISKE,OSAKA,0.19,3.7,-1.4,0.51,0.4,0.2
Beijing_2019_SF_WOZNIACKI_OSAKA,OSAKA,0.14,2.4,-2.3,0.43,0.4,0.2
Osaka_2019_F_OSAKA_PAVLYUCHENKOVA,OSAKA,0.21,2.2,-2.2,0.35,0.3,0.2
Osaka_2019_QF_OSAKA_PUTINTSEVA,OSAKA,0.18,3.7,-0.9,0.6,0.3,0.2
Osaka_2019_R2_OSAKA_TOMOVA,OSAKA,0.1,2.8,-1.8,0.55,0.3,0.2
Osaka_2019_SF_OSAKA_MERTENS,OSAKA,0.22,4.2,-1.3,0.56,0.3,0.2
US_Open_2018_F_OSAKA_S.WILLIAMS,OSAKA,0.14,2.9,-2.5,0.51,0.4,0.2
US_Open_2018_QF_OSAKA_TSURENKO,OSAKA,0.13,2.0,-2.1,0.27,0.4,0.2
US_Open_2018_R1_OSAKA_SIEGEMUND,OSAKA,0.04,4.0,-1.5,0.38,0.3,0.2
US_Open_2018_R2_OSAKA_GLUSHKO,OSAKA,0.16,3.6,-2.1,0.54,0.3,0.2
US_Open_2018_R3_OSAKA_SASNOVICH,OSAKA,0.1,3.0,-1.6,0.45,0.3,0.2
US_Open_2018_R4_OSAKA_SABALENKA,OSAKA,0.16,3.3,-1.2,0.54,0.3,0.2
US_Open_2018_SF_OSAKA_KEYS,OSAKA,0.12,3.1,-1.4,0.49,0.4,0.2
Miami_2025_F_Mensik_Djokovic,DJOKOVIC,0.31,5.4,-3.6,0.83,0.7,0.4
Acapulco_2025_Q_Basavareddy_Duckworth,BASAVAREDDY,0.4,6.4,-3.8,1.38,0.7,0.4
Acapulco_2025_Q_Kozlov_Basavareddy,BASAVAREDDY,0.34,5.6,-2.8,0.85,0.7,0.5
Acapulco_2025_R32_Shapovalov_Basavareddy,BASAVAREDDY,0.38,5.2,-2.0,1.13,0.8,0.6
Auckland_2025_QF_Michelsen_Basavareddy,BASAVAREDDY,0.28,4.9,-2.9,0.8,0.6,0.4
Auckland_2025_Q_Basavareddy_Altmaier,BASAVAREDDY,0.28,8.3,-0.6,1.18,0.6,0.4
Auckland_2025_Q_Van-de-zandschulp_Basavareddy,BASAVAREDDY,0.34,4.8,-3.2,0.83,0.7,0.4
Auckland_2025_R16_Basavareddy_Tabilo,BASAVAREDDY,0.31,5.5,-2.6,0.75,0.7,0.5
Auckland_2025_R32_Basavareddy_Comesana,BASAVAREDDY,0.32,5.9,-3.3,1.02,0.7,0.5
Auckland_2025_SF_Monfils_Basavareddy,BASAVAREDDY,0.31,4.7,-1.6,0.76,0.7,0.5
Brisbane_2025_Q_Gojo_Basavareddy,BASAVAREDDY,0.29,2.9,-2.2,0.89,0.8,0.5
Brisbane_2025_Q_Pouille_Basavareddy,BASAVAREDDY,0.4,2.2,-3.4,1.34,0.5,0.3
Brisbane_2025_R32_Basavareddy_Monfils,BASAVAREDDY,0.27,4.7,-1.7,0.91,0.6,0.4
Bucharest_2025_R32_Basavareddy_Jianu,BASAVAREDDY,0.23,5.0,-2.4,1.43,0.7,0.5
Indian_Wells_2025_1st_Bu_Basavareddy,BASAVAREDDY,0.31,5.0,-2.2,0.95,0.7,0.4
Charleston_2025_R32_Baptiste_Navarro,NAVARRO,0.53,4.6,-4.9,0.76,0.6,0.3
Bucharest_2025_R16_Gasquet_Cobolli,COBOLLI,0.25,6.0,-3.1,1.04,0.6,0.5
Charleston_2025_R16_Krueger_Navarro,NAVARRO,0.42,5.0,-3.1,0.97,0.6,0.4
Charleston_2025_QF_Anisimova_Navarro,NAVARRO,0.61,4.9,-3.7,0.94,0.5,0.3
Bucharest_2025_QF_Misolic_Cobolli,COBOLLI,0.29,4.7,-3.4,1.03,0.6,0.4
Bucharest_2025_SF_Cobolli_Dzumhur,COBOLLI,0.44,3.8,-3.6,0.92,0.6,0.4
Bucharest_2025_F_Baez_Cobolli,COBOLLI,0.31,5.8,-2.6,0.83,0.7,0.5
Monte_Carlo_2025_R64_Davidovich-Fokina_Shelton,SHELTON,0.33,4.9,-3.6,0.75,0.7,0.4
Monte_Carlo_2025_R64_Lajovic_Cobolli,COBOLLI,0.29,5.4,-2.2,0.96,0.7,0.5
Monte_Carlo_2025_R64_Griekspoor_Fils,FILS,0.25,5.5,-2.9,1.52,0.6,0.4
Adelaide_2024_R32_Etcheverry_Shevchenko,ETCHEVERRY,0.42,5.4,-4.6,0.83,0.5,0.3
Adelaide_2025_R16_Etcheverry_Kokkinakis,ETCHEVERRY,0.4,4.9,-3.3,1.1,0.5,0.3
Adelaide_2025_R32_Etcheverry_Schoolkate,ETCHEVERRY,0.32,3.8,-3.8,0.86,0.5,0.3
Antwerp_2024_R16_Bautista-Agut_Etcheverry,ETCHEVERRY,0.38,4.5,-3.5,0.95,0.6,0.4
Antwerp_2024_R32_Gasquet_Etcheverry,ETCHEVERRY,0.33,4.1,-2.4,1.08,0.4,0.3
Basel_2024_R32_Etcheverry_Shelton,ETCHEVERRY,0.63,4.9,-5.3,0.7,0.6,0.2
Belgrade_2024_R16_Etcheverry_Klein,ETCHEVERRY,0.31,5.0,-2.5,0.79,0.5,0.3
Belgrade_2024_R32_Etcheverry_Kotov,ETCHEVERRY,0.38,6.5,-3.9,0.96,0.7,0.4
Brisbane_2024_R32_Etcheverry_Machac,ETCHEVERRY,0.26,5.5,-3.6,0.83,0.5,0.3
Buenos_Aires_2025_R32_Etcheverry_Fonseca,ETCHEVERRY,0.28,5.9,-3.8,0.92,0.7,0.4
Cincinnati_2024_R32_Shelton_Etcheverry,ETCHEVERRY,0.35,4.7,-3.7,0.82,0.6,0.4
Cincinnati_2024_R64_Etcheverry_Arnaldi,ETCHEVERRY,0.33,6.4,-6.3,0.88,0.5,0.3
Eastbourne_2024_R32_Shang_Etcheverry,ETCHEVERRY,0.42,6.8,-6.3,0.82,0.6,0.4
Gstaad_2024_QF_Struff_Etcheverry,ETCHEVERRY,0.4,4.1,-5.3,0.94,0.5,0.3
Gstaad_2024_R16_van-de-Zandschulp_Etcheverry,ETCHEVERRY,0.48,5.0,-5.0,1.04,0.6,0.3
Houston_2025_R32_Kovacevic_Etcheverry,ETCHEVERRY,0.44,4.8,-4.8,1.0,0.5,0.3
Indian_Wells_2025_1st_Etcheverry_Mensik,ETCHEVERRY,0.34,4.4,-2.3,1.05,0.7,0.4
London__2024_R32_Etcheverry_Harris,ETCHEVERRY,0.24,6.8,-4.0,1.0,0.6,0.4
Lyon_2024_F_Etcheverry_Mpetshi-Perricard,ETCHEVERRY,0.43,4.8,-5.6,0.96,0.5,0.3
Lyon_2024_QF_Koepfer_Etcheverry,ETCHEVERRY,0.49,6.5,-5.5,1.02,0.6,0.4
Lyon_2024_R16_Seyboth-Wild_Etcheverry,ETCHEVERRY,0.3,6.8,-5.6,0.82,0.5,0.4
Lyon_2024_R32_Sanchez-Izquierdo_Etcheverry,ETCHEVERRY,0.31,8.8,-9.0,0.74,0.5,0.3
Lyon_2024_SF_Etcheverry_Darderi,ETCHEVERRY,0.44,6.9,-10.1,0.66,0.5,0.3
Madrid_2024_R64_Etcheverry_Shapovalov,ETCHEVERRY,0.42,7.6,-6.5,0.9,0.5,0.3
Miami_2024_R64_Murray_Etcheverry,ETCHEVERRY,0.41,6.3,-4.9,0.9,0.6,0.4
Miami_2025_1st_Diallo_Etcheverry,ETCHEVERRY,0.39,4.1,-4.2,1.39,0.6,0.4
Monte_Carlo_2024_R32_Etcheverry_Tsitsipas,ETCHEVERRY,0.37,6.3,-3.5,1.08,0.5,0.3
Monte_Carlo_2024_R64_Jarry_Etcheverry,ETCHEVERRY,0.39,6.3,-5.5,0.92,0.5,0.3
Monte_Carlo_2025_R32_Etcheverry_Davidovich-Fokina,ETCHEVERRY,0.29,5.8,-2.6,1.1,0.7,0.5
Monte_Carlo_2025_R64_Etcheverry_Moutet,ETCHEVERRY,0.37,4.8,-4.0,1.4,0.6,0.4
Montreal_2024_R32_Etcheverry_Rublev,ETCHEVERRY,0.29,6.4,-5.1,0.85,0.5,0.3
Montreal_2024_R64_Etcheverry_Jarry,ETCHEVERRY,0.32,6.2,-4.9,0.9,0.6,0.4
Paris_2024_R32_Dimitrov_Etcheverry,ETCHEVERRY,0.38,5.5,-4.3,0.84,0.5,0.3
Paris_2024_R64_Etcheverry_Zhang,ETCHEVERRY,0.48,3.9,-5.7,0.8,0.4,0.2
Rio_de_Janeiro_2025_R16_Muller_Etcheverry,ETCHEVERRY,0.29,5.6,-3.3,0.86,0.7,0.5
Rio_de_Janeiro_2025_R32_Moutet_Etcheverry,ETCHEVERRY,0.36,6.5,-4.8,1.44,0.7,0.4
Rome_2024_R32_Hurkacz_Etcheverry,ETCHEVERRY,0.42,6.6,-6.9,0.82,0.6,0.3
Rome_2024_R64_Seyboth-Wild_Etcheverry,ETCHEVERRY,0.38,5.7,-5.4,0.82,0.6,0.3
Santiago_2025_QF_Cerundolo_Etcheverry,ETCHEVERRY,0.48,4.5,-3.5,1.15,0.7,0.4
Santiago_2025_R16_Garin_Etcheverry,ETCHEVERRY,0.23,4.5,-1.1,1.09,0.7,0.4
Santiago_2025_R32_Gaston_Etcheverry,ETCHEVERRY,0.52,3.1,-3.5,1.06,0.6,0.4
Shanghai_2024_R32_Sinner_Etcheverry,ETCHEVERRY,0.39,4.8,-3.8,1.02,0.5,0.3
Shanghai_2024_R64_van-de-Zandschulp_Etcheverry,ETCHEVERRY,0.39,5.8,-5.2,0.94,0.6,0.4
Tokyo_2024_R32_Etcheverry_O'Connell,ETCHEVERRY,0.46,5.1,-4.0,1.04,0.5,0.3
Winston_Salem_2024_R32_Etcheverry_Bergs,ETCHEVERRY,0.42,5.8,-3.9,1.1,0.6,0.3
Monte_Carlo_2025_R32_Cobolli_Fils,COBOLLI,0.26,6.1,-2.0,0.81,0.7,0.5
Monte_Carlo_2025_R16_Rublev_Fils,FILS,0.48,5.2,-3.0,1.32,0.8,0.4
Monte_Carlo_2025_R32_Cobolli_Fils,FILS,0.34,5.9,-2.7,1.13,0.6,0.4
Indian_Wells_2025_R16_Rune_Tsitsipas,TSITSIPAS,0.34,5.7,-3.3,1.08,0.7,0.4
Indian_Wells_2025_R32_Berrettini_Tsitsipas,TSITSIPAS,0.15,4.9,-2.3,0.97,0.5,0.3
Indian_Wells_2025_R64_Seyboth-Wild_Tsitsipas,TSITSIPAS,0.34,7.1,-1.9,1.04,0.7,0.5
Miami_2025_R32_Korda_Tsitsipas,TSITSIPAS,0.33,6.7,-3.4,1.11,0.6,0.4
Miami_2025_R64_Tseng_Tsitsipas,TSITSIPAS,0.31,6.5,-1.2,1.27,0.7,0.5
Monte_Carlo_2025_1st_Borges_Tsitsipas,TSITSIPAS,0.37,5.4,-4.5,0.77,0.7,0.4
Monte_Carlo_2025_R32_Thompson_Tsitsipas,TSITSIPAS,0.44,5.9,-5.0,1.46,0.6,0.4
Monte_Carlo_2025_QF_Musetti_Tsitsipas,TSITSIPAS,0.28,6.1,-1.6,1.02,0.7,0.5
Monte_Carlo_2025_QF_Fils_Alcaraz,FILS,0.36,5.8,-3.9,1.34,0.7,0.4
Barcelona_2025_R32_Martinez_Nakashima,NAKASHIMA,0.4,5.3,-4.3,0.89,0.7,0.4
Houston_2025_QF_Eubanks_Nakashima,NAKASHIMA,0.26,3.5,-2.7,0.79,0.6,0.3
Houston_2025_R16_Mcdonald_Nakashima,NAKASHIMA,0.36,4.8,-2.9,1.04,0.8,0.5
Houston_2025_SF_Nakashima_Tiafoe,NAKASHIMA,0.31,5.4,-3.6,1.0,0.7,0.5
Miami_2025_R16_Dimitrov_Nakashima,NAKASHIMA,0.3,3.7,-2.8,1.06,0.6,0.4
Miami_2025_R32_Nakashima_Goffin,NAKASHIMA,0.37,4.7,-2.9,0.97,0.7,0.4
Miami_2025_R64_Nakashima_Carballes-Baena,NAKASHIMA,0.37,4.7,-2.8,1.04,0.7,0.4
Monte_Carlo_2025_R64_Bautista-Agut_Nakashima,NAKASHIMA,0.31,5.2,-4.0,0.89,0.7,0.5
Munich_2025_R32_Gojo_Shelton,SHELTON,0.4,4.6,-3.5,0.74,0.6,0.4
Barcelona_2025_R32_Carreno-busta_Fils,FILS,0.4,5.3,-2.8,1.16,0.6,0.4
Munich_2025_R32_Cobolli_Shevchenko,COBOLLI,0.33,5.8,-2.6,1.15,0.6,0.4
Barcelona_2025_R32_Tsitsipas_Opelka,TSITSIPAS,0.32,7.1,-5.3,0.74,0.6,0.4
Barcelona_2025_R16_Martinez_Fils,FILS,0.76,3.6,-4.3,0.56,0.6,0.4
Barcelona_2025_R16_Tsitsipas_Korda,TSITSIPAS,0.33,6.7,-3.4,0.95,0.6,0.4
Doha_2025_R16_Bergs_Medvedev,BERGS,0.38,5.9,-4.8,0.81,0.7,0.4
Doha_2025_R32_Bergs_Bautista-Agut,BERGS,0.3,5.4,-3.7,0.88,0.7,0.4
Dubai_2025_R16_Nardi_Bergs,BERGS,0.3,3.7,-2.7,0.44,0.7,0.4
Dubai_2025_R32_Dougaz_Bergs,BERGS,0.32,5.3,-2.5,0.76,0.8,0.5
Indian_Wells_2025_1st_Bergs_Quinn,BERGS,0.35,5.2,-4.0,0.71,0.6,0.4
Indian_Wells_2025_R64_Bergs_Popyrin,BERGS,0.36,5.4,-3.8,0.82,0.7,0.4
Marseille_2025_QF_Bergs_Zhang,BERGS,0.4,6.2,-3.4,1.17,0.7,0.3
Marseille_2025_R16_Borges_Bergs,BERGS,0.34,6.1,-3.7,0.92,0.7,0.4
Marseille_2025_R32_Chidekh_Bergs,BERGS,0.48,0.9,-2.3,0.83,0.6,0.3
Marseille_2025_SF_Bergs_Humbert,BERGS,0.37,5.3,-4.4,0.95,0.6,0.4
Miami_2025_1st_Bergs_Borges,BERGS,0.33,5.2,-4.0,0.85,0.7,0.4
Miami_2025_R32_Berrettini_Bergs,BERGS,0.37,5.3,-3.2,1.13,0.6,0.3
Miami_2025_R64_Bergs_Rublev,BERGS,0.39,6.7,-4.7,1.07,0.6,0.4
Monte_Carlo_2025_Q_Bergs_Marozsan,BERGS,0.44,4.9,-3.8,1.03,0.7,0.4
Munich_2025_R32_Bergs_Bublik,BERGS,0.29,5.4,-2.2,1.36,0.6,0.4
Acapulco_2025_R32_Altmaier_Kecmanovic,KECMANOVIC,0.42,4.6,-2.6,1.27,0.7,0.4
Delray_Beach_2025_F_Davidovich-fokina_Kecmanovic,KECMANOVIC,0.34,4.6,-2.4,1.16,0.6,0.4
Delray_Beach_2025_QF_Kecmanovic_Giron,KECMANOVIC,0.42,7.0,-3.6,1.04,0.5,0.3
Delray_Beach_2025_R32_Kecmanovic_Gojo,KECMANOVIC,0.2,4.6,-0.9,0.73,0.6,0.4
Delray_Beach_2025_SF_Michelsen_Kecmanovic,KECMANOVIC,0.36,5.9,-4.1,0.84,0.7,0.4
Indian_Wells_2025_1st_Kecmanovic_Griekspoor,KECMANOVIC,0.34,5.4,-3.3,1.26,0.8,0.5
Miami_2025_1st_Kovacevic_Kecmanovic,KECMANOVIC,0.41,4.1,-3.7,0.62,0.7,0.4
Miami_2025_R64_Ruud_Kecmanovic,KECMANOVIC,0.31,4.6,-2.8,0.93,0.7,0.5
Monte_Carlo_2025_R64_Tiafoe_Kecmanovic,KECMANOVIC,0.36,5.5,-3.7,1.06,0.7,0.5
Munich_2025_R16_Darderi_Kecmanovic,KECMANOVIC,0.35,4.2,-2.2,0.89,0.7,0.4
Munich_2025_R32_Kecmanovic_Giron,KECMANOVIC,0.39,5.4,-4.2,0.9,0.7,0.4
Acapulco_2025_R16_Altmaier_Machac,ALTMAIER,0.34,6.0,-3.2,1.05,0.7,0.5
Acapulco_2025_R32_Altmaier_Kecmanovic,ALTMAIER,0.34,6.4,-3.5,1.16,0.6,0.4
Indian_Wells_2025_Q_Altmaier_Garin,ALTMAIER,0.31,5.3,-2.4,0.94,0.6,0.4
Marrakech_2025_R32_Altmaier_Virtanen,ALTMAIER,0.31,5.4,-4.0,1.16,0.6,0.4
Marseille_2025_QF_Medjedovic_Altmaier,ALTMAIER,0.37,6.0,-3.5,1.1,0.6,0.4
Marseille_2025_R16_Altmaier_Virtanen,ALTMAIER,0.35,5.9,-4.1,1.06,0.7,0.5
Marseille_2025_R32_Nardi_Altmaier,ALTMAIER,0.29,6.4,-3.5,1.35,0.6,0.4
Miami_2025_1st_Wong_Altmaier,ALTMAIER,0.26,6.6,-0.8,1.44,0.8,0.6
Monte_Carlo_2025_Q_Altmaier_Herbert,ALTMAIER,0.48,4.6,-4.9,0.97,0.8,0.4
Monte_Carlo_2025_Q_Munar_Altmaier,ALTMAIER,0.4,4.4,-4.0,0.95,0.7,0.4
Monte_Carlo_2025_R64_Auger-Aliassime_Altmaier,ALTMAIER,0.3,5.5,-5.7,1.04,0.7,0.4
Munich_2025_R16_Zverev_Altmaier,ALTMAIER,0.58,3.7,-3.1,0.94,0.8,0.5
Munich_2025_R32_Tseng_Altmaier,ALTMAIER,0.36,5.7,-3.3,0.93,0.7,0.4
Doha_2025_R32_Zhang_Nardi,ZHANG,0.32,6.4,-3.1,1.1,0.7,0.4
Dubai_2025_R32_Mpetshi-Perricard_Zhang,ZHANG,0.36,4.5,-1.0,1.18,0.5,0.2
Indian_Wells_2025_1st_Zhang_Diallo,ZHANG,0.31,5.5,-3.7,0.73,0.8,0.5
Marseille_2025_QF_Bergs_Zhang,ZHANG,,,,,,
Marseille_2025_R16_Zhang_Hurkacz,ZHANG,0.35,5.6,-3.8,1.07,0.6,0.4
Marseille_2025_R32_Zhang_Halys,ZHANG,0.34,5.8,-3.6,0.97,0.6,0.4
Acapulco_2025_R32_Diallo_Paul,PAUL,0.38,6.9,-3.9,0.99,0.7,0.4
Houston_2025_QF_Paul_Smith,PAUL,0.33,5.7,-2.0,0.89,0.6,0.4
Houston_2025_R16_Paul_Garin,PAUL,0.36,6.2,-5.1,1.05,0.6,0.4
Houston_2025_SF_Paul_Brooksby,PAUL,0.41,4.6,-3.6,1.34,0.6,0.4
Indian_Wells_2025_R16_Paul_Medvedev,PAUL,0.41,7.1,-5.0,0.99,0.7,0.4
Indian_Wells_2025_R32_Paul_Norrie,PAUL,0.39,5.2,-2.9,0.89,0.6,0.4
Indian_Wells_2025_R64_Paul_Boyer,PAUL,0.29,5.8,-1.5,0.97,0.7,0.5
Miami_2025_R32_Cerundolo_Paul,PAUL,0.47,3.5,-6.3,0.84,0.6,0.3
Miami_2025_R64_Bublik_Paul,PAUL,0.29,5.7,-1.2,1.6,0.5,0.3
Acapulco_2025_Q_Bellucci_Eubanks,EUBANKS,0.27,6.1,-1.8,0.97,0.7,0.5
Dallas_2025_Q_Eubanks_Mayo,EUBANKS,0.25,4.7,-2.9,0.75,0.6,0.3
Dallas_2025_Q_Eubanks_Pinnington-jones,EUBANKS,0.02,2.0,-0.5,1.2,0.6,0.3
Dallas_2025_R32_Arnaldi_Eubanks,EUBANKS,0.32,4.0,-3.7,0.42,0.6,0.3
Delray_Beach_2025_R32_Eubanks_Opelka,EUBANKS,0.38,5.4,-3.4,1.14,0.6,0.3
Houston_2025_QF_Eubanks_Nakashima,EUBANKS,0.53,5.4,-4.7,1.11,0.6,0.3
Houston_2025_R32_Hijikata_Eubanks,EUBANKS,0.42,4.7,-3.8,0.85,0.6,0.3
Indian_Wells_2025_Q_Eubanks_Basilashvili,EUBANKS,0.43,5.6,-5.4,1.03,0.6,0.3
Miami_2025_1st_Eubanks_Opelka,EUBANKS,0.34,2.9,-2.3,0.88,0.8,0.5
Montpellier_2025_R16_Rublev_Eubanks,EUBANKS,0.37,4.6,-2.4,1.11,0.6,0.3
Montpellier_2025_R32_Eubanks_Kachmazov,EUBANKS,0.31,1.6,-2.4,0.3,0.8,0.4
Barcelona_2025_Q_Coric_Quinn,QUINN,0.3,5.6,-1.8,1.24,0.7,0.4
Barcelona_2025_Q_Quinn_Moutet,QUINN,0.09,5.8,-0.2,1.7,0.4,0.3
Barcelona_2025_R32_Alcaraz_Quinn,QUINN,0.31,5.6,-2.8,1.05,0.6,0.4
Houston_2025_R16_Smith_Quinn,QUINN,0.08,2.6,-3.1,0.58,0.6,0.3
Houston_2025_R32_Quinn_Thompson,QUINN,0.34,6.0,-0.7,1.46,0.7,0.5
Adelaide_2023_1st_Muguruza_Andreescu,ANDREESCU,0.48,4.6,-4.5,1.04,0.6,0.3
Indian_Wells_2023_R32_Swiatek_Andreescu,ANDREESCU,0.47,4.1,-3.8,0.94,0.5,0.3
Indian_Wells_2023_R64_Stearns_Andreescu,ANDREESCU,0.5,3.6,-4.8,0.85,0.5,0.2
Madrid_2022_R16_Pegula_Andreescu,ANDREESCU,0.38,5.4,-3.5,0.79,0.6,0.3
Madrid_2022_R32_Andreescu_Collins,ANDREESCU,0.53,4.6,-4.4,1.09,0.6,0.3
Madrid_2022_R64_Andreescu_Riske,ANDREESCU,0.53,4.0,-4.7,1.17,0.6,0.3
Miami_2023_1st_Andreescu_Raducanu,ANDREESCU,0.4,3.4,-4.2,0.9,0.5,0.2
RG_2023_R32_Andreescu_Tsurenko,ANDREESCU,0.32,5.5,-2.8,0.74,0.7,0.5
Rogers_cup_2024_R64_Andreescu_Tsurenko,ANDREESCU,0.41,6.3,-1.7,1.02,0.6,0.4
Rome_2022_QF_Swiatek_Andreescu,ANDREESCU,0.49,6.2,-4.1,1.04,0.6,0.3
Rome_2022_R16_Andreescu_Martic,ANDREESCU,0.52,4.3,-3.6,1.24,0.6,0.3
Rome_2022_R32_Andreescu_Parrizas-Diaz,ANDREESCU,0.47,3.2,-3.5,0.86,0.6,0.3
Rome_2022_R64_Raducanu_Andreescu,ANDREESCU,0.42,3.6,-3.2,1.16,0.5,0.3
Rome_2023_R64_Vondrousova_Andreescu,ANDREESCU,0.4,5.1,-4.5,0.96,0.6,0.3
US_Open_2022_2nd_Haddad-Maia_Andreescu,ANDREESCU,0.65,4.0,-4.1,1.1,0.5,0.3
Munich_2025_QF_Darderi_Shelton,SHELTON,0.47,3.3,-3.4,1.01,0.6,0.4
Munich_2025_R16_Van-de-zandschulp_Shelton,SHELTON,0.21,5.5,-3.8,1.0,0.5,0.3
Munich_2025_R16_Bergs_Dedura-palomero,BERGS,0.3,5.3,-3.3,0.9,0.7,0.4
Munich_2025_QF_Marozsan_Bergs,BERGS,0.3,6.4,-3.9,1.02,0.6,0.4
Barcelona_2025_SF_Alcaraz_Fils,FILS,0.37,6.4,-3.3,1.07,0.6,0.4
Munich_2025_SF_Cerundolo_Shelton,SHELTON,0.34,5.1,-3.2,0.83,0.6,0.4
Munich_2025_F_Zverev_Shelton,SHELTON,0.35,5.0,-4.6,0.87,0.6,0.4
Turin_2024_F_Sinner_Fritz,SINNER,0.32,8.0,-5.1,0.97,0.5,0.3
Turin_2024_RR_Sinner_Fritz,SINNER,0.34,5.0,-4.6,0.81,0.5,0.3
Turin_2024_RR_Sinner_Medvedev,SINNER,0.45,6.1,-5.7,0.86,0.5,0.3
Turin_2024_RR_Sinner_de-Minaur,SINNER,0.32,5.4,-4.9,0.66,0.6,0.3
Turin_2024_SF_Sinner_Ruud,SINNER,0.5,6.1,-5.2,0.89,0.5,0.3
Madrid_2025_1st_Marozsan_Cobolli,COBOLLI,0.67,4.0,-2.5,0.86,0.6,0.4
Madrid_2025_Q_Altmaier_Van-Assche,ALTMAIER,0.34,4.5,-3.0,0.91,0.7,0.5
Madrid_2025_1st_Comesana_Martinez,COMESANA,0.43,5.0,-3.4,1.21,0.6,0.4
Madrid_2025_Q_Moller_Basavareddy,BASAVAREDDY,0.36,5.4,-2.6,1.1,0.8,0.5
Madrid_2025_1st_Lajovic_Quinn,QUINN,0.29,5.1,-2.4,1.0,0.7,0.5
Madrid_2025_Q_Monteiro_Quinn,QUINN,0.42,5.2,-3.2,0.83,0.8,0.5
Madrid_2025_Q_Quinn_Harris,QUINN,0.3,4.6,-1.3,1.13,0.6,0.5
Madrid_2025_R64_Joint_Navarro,NAVARRO,0.55,4.2,-5.4,1.04,0.7,0.4
Madrid_2025_R64_Haddad-Maia_Pera,HADDAD MAIA,0.38,5.6,-5.1,0.79,0.6,0.4
Madrid_2025_R64_Eala_Swiatek,SWIATEK,0.51,5.1,-4.4,1.05,0.6,0.4
Madrid_2025_1st_Fonseca_Moller,FONSECA,0.3,4.1,-3.1,0.77,0.8,0.5
Madrid_2025_1st_Bergs_Diallo,BERGS,0.17,5.5,-3.0,1.34,0.6,0.4
Madrid_2025_1st_Sonego_Kecmanovic,KECMANOVIC,0.25,4.2,-2.3,0.88,0.6,0.4
Madrid_2025_1st_Etcheverry_Medjedovic,ETCHEVERRY,0.25,5.0,-3.5,1.13,0.6,0.4
Madrid_2025_R64_Yastremska_Gauff,GAUFF,0.41,4.5,-4.3,0.93,0.6,0.3
Madrid_2025_R64_Comesana_Fils,FILS,0.34,5.2,-3.8,1.28,0.6,0.4
Madrid_2025_R64_Comesana_Fils,COMESANA,0.33,7.2,-1.7,1.21,0.7,0.5
Madrid_2025_R64_Quinn_Mensik,QUINN,,,,,,
Madrid_2025_R64_Rybakina_Andreescu,ANDREESCU,0.47,3.6,-1.3,1.32,0.5,0.2
Madrid_2025_R32_Haddad-Maia_Bencic,HADDAD MAIA,0.54,5.4,-4.9,0.93,0.6,0.3
Madrid_2025_R32_Li_Gauff,GAUFF,0.53,4.6,-4.6,0.92,0.6,0.4
Madrid_2025_R32_Noskova_Swiatek,SWIATEK,0.35,4.9,-3.6,0.95,0.6,0.4
Madrid_2025_R32_Vekic_Navarro,NAVARRO,0.62,4.3,-5.0,0.9,0.6,0.3
Madrid_2025_R64_Fonseca_Paul,PAUL,0.4,4.9,-4.0,1.17,0.8,0.4
Madrid_2025_R64_Fonseca_Paul,FONSECA,0.33,6.2,-3.3,1.05,0.7,0.4
Madrid_2025_R64_Tsitsipas_Struff,TSITSIPAS,0.38,5.3,-3.8,1.05,0.7,0.4
Indian_Wells_2025_R16_Gauff_Bencic,GAUFF,0.4,5.2,-4.8,0.8,0.5,0.3
Madrid_2025_R32_Nakashima_Cobolli,NAKASHIMA,0.36,5.6,-2.3,1.03,0.6,0.4
Madrid_2025_R64_Nakashima_Ofner,NAKASHIMA,0.36,4.9,-2.7,1.11,0.7,0.5
Madrid_2025_R32_Nakashima_Cobolli,COBOLLI,0.21,6.6,-4.4,1.29,0.6,0.4
Madrid_2025_R64_Cobolli_Rune,COBOLLI,0.18,5.4,0.2,1.0,0.6,0.4
Madrid_2025_R32_Shelton_Mensik,SHELTON,0.42,3.0,-4.8,0.02,0.8,0.3
Madrid_2025_R64_Shelton_Navone,SHELTON,0.27,4.8,-3.8,0.89,0.7,0.4
AO_2025_1st_Seyboth-Wild_Marozsan,SEYBOTH WILD,0.4,4.5,-2.5,1.03,0.7,0.4
Buenos_Aires_2025_QF_Seyboth-Wild_Djere,SEYBOTH WILD,0.51,3.5,-2.9,0.81,0.6,0.3
Buenos_Aires_2025_R16_Baez_Seyboth-Wild,SEYBOTH WILD,0.46,4.1,-2.6,1.23,0.6,0.3
Buenos_Aires_2025_R32_Diaz-Acosta_Seyboth-Wild,SEYBOTH WILD,0.31,4.5,-2.1,1.03,0.7,0.4
Indian_Wells_2025_1st_Seyboth-Wild_Muller,SEYBOTH WILD,0.33,6.0,-3.0,1.03,0.7,0.4
Indian_Wells_2025_R64_Seyboth-Wild_Tsitsipas,SEYBOTH WILD,0.39,6.9,-4.0,1.06,0.6,0.3
Madrid_2025_Q_Cerundolo_Seyboth-Wild,SEYBOTH WILD,0.36,5.6,-3.9,1.02,0.6,0.4
Miami_2025_1st_Seyboth-Wild_Halys,SEYBOTH WILD,0.45,3.7,-3.9,1.15,0.6,0.3
Rio_2025_R32_Munar_Seyboth-Wild,SEYBOTH WILD,0.35,4.4,-2.2,1.34,0.6,0.4
Santiago_2025_R32_Heide_Seyboth-Wild,SEYBOTH WILD,0.32,4.8,-3.2,1.13,0.6,0.4
Madrid_2025_R16_Shnaider_Swiatek,SWIATEK,0.49,5.0,-4.3,1.01,0.6,0.4
Madrid_2025_R16_Bencic_Gauff,GAUFF,0.48,5.1,-4.2,0.8,0.6,0.3
Madrid_2025_R32_Tsitsipas_Musetti,TSITSIPAS,0.26,5.7,-2.5,0.97,0.7,0.4
Madrid_2025_R32_Khachanov_Paul,PAUL,0.35,6.1,-4.6,1.23,0.6,0.4
Madrid_2025_R16_Medvedev_Nakashima,NAKASHIMA,0.3,4.8,-3.3,1.02,0.7,0.5
Madrid_2025_QF_Keys_Swiatek,SWIATEK,0.53,3.5,-4.4,0.48,0.5,0.3
Madrid_2025_QF_Andreeva_Gauff,GAUFF,0.39,4.5,-3.4,0.86,0.6,0.4
Madrid_2025_R16_Draper_Paul,PAUL,0.41,6.9,-3.5,1.04,0.7,0.4
Acapulco_2025_QF_Shapovalov_Giron,SHAPOVALOV,0.37,4.7,-5.1,0.79,0.6,0.3
Acapulco_2025_R16_Shapovalov_Michelsen,SHAPOVALOV,0.45,5.4,-4.7,0.92,0.7,0.4
Acapulco_2025_R32_Shapovalov_Basavareddy,SHAPOVALOV,0.32,5.8,-4.0,0.98,0.6,0.3
Acapulco_2025_SF_Shapovalov_Davidovich-Fokina,SHAPOVALOV,0.4,5.3,-4.7,0.81,0.7,0.4
Adelaide_2025_R16_Giron_Shapovalov,SHAPOVALOV,0.32,4.8,-4.4,0.64,0.7,0.4
Adelaide_2025_R32_Shapovalov_Zhang,SHAPOVALOV,0.32,5.1,-3.5,0.6,0.7,0.4
Belgrade_2024_F_Medjedovic_Shapovalov,SHAPOVALOV,0.28,6.6,-4.3,0.6,0.6,0.4
Belgrade_2024_QF_O'connell_Shapovalov,SHAPOVALOV,0.36,4.7,-3.3,0.75,0.6,0.3
Belgrade_2024_Q_Shapovalov_Grenier,SHAPOVALOV,0.4,5.0,-4.2,0.88,0.6,0.4
Belgrade_2024_Q_Shapovalov_Lestienne,SHAPOVALOV,0.35,5.1,-4.6,0.9,0.7,0.4
Belgrade_2024_R16_Shapovalov_Borges,SHAPOVALOV,0.29,5.6,-4.4,0.76,0.7,0.4
Belgrade_2024_R32_Fucsovics_Shapovalov,SHAPOVALOV,0.29,5.3,-3.8,0.87,0.7,0.4
Belgrade_2024_SF_Lehecka_Shapovalov,SHAPOVALOV,0.09,5.2,-2.6,0.71,0.7,0.4
Dallas_2025_F_Shapovalov_Ruud,SHAPOVALOV,0.33,3.8,-5.5,0.85,0.6,0.4
Dallas_2025_QF_Shapovalov_Machac,SHAPOVALOV,0.3,4.1,-3.8,0.71,0.6,0.3
Dallas_2025_R16_Fritz_Shapovalov,SHAPOVALOV,0.25,5.1,-2.8,0.64,0.6,0.4
Dallas_2025_R32_Kecmanovic_Shapovalov,SHAPOVALOV,0.32,5.6,-3.8,0.77,0.6,0.4
Hong_Kong_2025_R32_Shapovalov_Nishikori,SHAPOVALOV,0.27,2.4,-2.1,0.4,0.7,0.3
Indian_Wells_2025_R32_Shapovalov_Alcaraz,SHAPOVALOV,0.38,5.2,-3.9,0.98,0.7,0.4
Indian_Wells_2025_R64_Shapovalov_Walton,SHAPOVALOV,0.27,5.0,-3.0,0.81,0.7,0.5
Madrid_2025_R32_de-Minaur_Shapovalov,SHAPOVALOV,0.42,5.4,-5.0,0.99,0.8,0.5
Madrid_2025_R64_Nishikori_Shapovalov,SHAPOVALOV,0.42,4.1,-3.7,1.02,0.7,0.4
Miami_2025_R32_Fritz_Shapovalov,SHAPOVALOV,0.54,4.5,-3.5,0.63,0.7,0.4
Miami_2025_R64_Tirante_Shapovalov,SHAPOVALOV,0.39,4.9,-4.6,0.72,0.7,0.4
Monte_Carlo_2025_R64_Giron_Shapovalov,SHAPOVALOV,0.34,4.6,-4.2,0.83,0.8,0.5
Atlanta_2024_R32_Shapovalov_Goffin,SHAPOVALOV,0.34,5.0,-4.9,0.93,0.5,0.3
Auckland_2024_R32_Shapovalov_Ofner,SHAPOVALOV,0.39,4.7,-3.9,1.15,0.4,0.2
Basel_2024_QF_Mpetshi-Perricard_Shapovalov,SHAPOVALOV,0.47,4.6,-5.1,0.91,0.6,0.3
Basel_2024_R16_Shapovalov_Bautista-Agut,SHAPOVALOV,0.37,5.7,-5.2,0.91,0.6,0.3
Basel_2024_R32_Shapovalov_Shang,SHAPOVALOV,0.22,2.9,-4.6,0.58,0.5,0.3
Dubai_2024_R32_Shapovalov_Murray,SHAPOVALOV,0.45,5.5,-5.8,0.9,0.5,0.3
Geneva_2024_R16_Shapovalov_Griekspoor,SHAPOVALOV,0.44,5.9,-5.6,0.96,0.5,0.3
Geneva_2024_R32_Coria_Shapovalov,SHAPOVALOV,0.39,5.1,-4.7,0.96,0.6,0.3
Indian_Wells_2024_1st_van-de-Zandschulp_Shapovalov,SHAPOVALOV,0.62,6.3,-5.6,1.13,0.6,0.3
Indian_Wells_2024_R64_Musetti_Shapovalov,SHAPOVALOV,0.45,3.3,-4.9,0.91,0.4,0.2
Madrid_2024_1st_Diaz-Acosta_Shapovalov,SHAPOVALOV,0.41,5.8,-5.8,1.03,0.5,0.3
Madrid_2024_R32_Shapovalov_Zverev,SHAPOVALOV,0.43,5.2,-5.0,0.87,0.5,0.3
Madrid_2024_R64_Etcheverry_Shapovalov,SHAPOVALOV,0.32,6.6,-6.7,0.74,0.5,0.3
Miami_2024_1st_Darderi_Shapovalov,SHAPOVALOV,0.36,5.2,-5.0,0.87,0.6,0.3
Miami_2024_R32_Arnaldi_Shapovalov,SHAPOVALOV,0.38,4.6,-6.0,0.97,0.5,0.3
Miami_2024_R64_Shapovalov_Tsitsipas,SHAPOVALOV,0.54,3.7,-4.7,0.79,0.5,0.3
Rogers_cup_2024_R64_Shapovalov_Nakashima,SHAPOVALOV,0.22,6.4,-4.6,0.9,0.5,0.4
Rome_2024_1st_Darderi_Shapovalov,SHAPOVALOV,0.57,5.8,-7.7,0.82,0.5,0.3
Rotterdam_2024_Q_Gaston_Shapovalov,SHAPOVALOV,0.41,7.7,-4.0,1.13,0.6,0.4
Rotterdam_2024_Q_Shapovalov_Marterer,SHAPOVALOV,0.32,4.6,-5.4,0.73,0.4,0.2
Rotterdam_2024_R32_Shapovalov_Monfils,SHAPOVALOV,0.41,4.1,-6.2,0.7,0.4,0.2
Shanghai_2024_1st_Sonego_Shapovalov,SHAPOVALOV,0.51,5.0,-5.8,1.13,0.6,0.3
Shanghai_2024_Q_Shapovalov_Hsu,SHAPOVALOV,0.51,5.6,-5.2,0.92,0.6,0.3
Shanghai_2024_Q_Shapovalov_Shimabukuro,SHAPOVALOV,0.46,7.8,-5.0,0.93,0.6,0.3
Shanghai_2024_R64_Shapovalov_Shelton,SHAPOVALOV,0.3,6.0,-4.4,1.21,0.6,0.3
Stuttgart_2024_R16_Berrettini_Shapovalov,SHAPOVALOV,0.51,4.8,-5.7,1.02,0.6,0.4
Stuttgart_2024_R32_Martineau_Shapovalov,SHAPOVALOV,0.43,6.3,-6.2,0.62,0.5,0.3
Washington_2024_QF_Shapovalov_Shelton,SHAPOVALOV,0.39,4.3,-4.0,1.2,0.6,0.3
Washington_2024_R16_Shapovalov_Kecmanovic,SHAPOVALOV,0.49,4.5,-5.4,0.77,0.5,0.3
Washington_2024_R32_Mannarino_Shapovalov,SHAPOVALOV,0.37,7.2,-6.0,0.89,0.6,0.3
Washington_2024_R64_Shapovalov_Bautista-Agut,SHAPOVALOV,0.51,6.4,-6.3,0.91,0.6,0.3
Madrid_2025_SF_Gauff_Swiatek,SWIATEK,0.48,6.5,-3.9,0.73,0.6,0.4
Madrid_2025_SF_Gauff_Swiatek,GAUFF,0.3,5.5,-4.0,0.92,0.7,0.4
Madrid_2025_F_Sabalenka_Gauff,GAUFF,0.46,6.2,-4.1,1.07,0.6,0.4
AO_2024_Q_Mensik_Nakashima,MENSIK,0.29,5.3,-2.9,0.98,0.7,0.4
Auckland_2025_R16_Shelton_Mensik,MENSIK,0.34,5.4,-3.1,1.01,0.7,0.4
Auckland_2025_R32_Carreno-busta_Mensik,MENSIK,0.36,4.9,-4.3,0.64,0.6,0.3
Doha_2024_R32_Mensik_Davidovich-Fokina,MENSIK,0.4,8.5,-4.9,1.18,0.6,0.4
Hertogenbosch_2024_R32_Mensik_Brouwer,MENSIK,0.51,6.4,-5.2,1.03,0.6,0.3
Indian_Wells_2024_R64_Shelton_Mensik,MENSIK,0.32,7.6,-4.6,1.05,0.5,0.3
Indian_Wells_2025_1st_Etcheverry_Mensik,MENSIK,0.29,4.2,-3.3,0.74,0.7,0.4
Jeddah_2024_RR_Fils_Mensik,MENSIK,0.34,6.6,-3.4,1.18,0.4,0.2
Jeddah_2024_RR_Mensik_Fonseca,MENSIK,0.4,6.3,-4.5,0.9,0.6,0.3
Madrid_2025_R32_Shelton_Mensik,MENSIK,0.35,6.0,-3.3,0.99,0.7,0.4
Madrid_2025_R64_Quinn_Mensik,MENSIK,0.41,5.0,-3.8,0.91,0.7,0.3
Mallorca_2024_R16_Mensik_Fognini,MENSIK,0.38,5.3,-5.6,0.86,0.5,0.3
Mallorca_2024_R32_Eubanks_Mensik,MENSIK,0.43,8.0,-5.9,0.94,0.6,0.3
Miami_2025_F_Mensik_Djokovic,MENSIK,0.37,5.4,-2.8,1.4,0.6,0.4
Miami_2025_QF_Fils_Mensik,MENSIK,0.39,6.0,-4.5,1.08,0.6,0.4
Shanghai_2024_1st_Mensik_Martinez,MENSIK,0.44,6.0,-6.3,0.9,0.5,0.3
Vienna_2024_R16_Mensik_Kecmanovic,MENSIK,0.43,6.5,-5.4,1.11,0.6,0.3
Rome_2025_1st_Errani_Osaka,OSAKA,0.43,5.9,-4.8,0.99,0.6,0.4
Rome_2025_1st_Altmaier_Comesana,ALTMAIER,0.42,5.8,-4.4,1.07,0.7,0.4
Rome_2025_Q_Kopriva_Basavareddy,BASAVAREDDY,0.32,4.9,-2.5,0.94,0.8,0.5
Rome_2025_Q_Krueger_Basavareddy,BASAVAREDDY,0.37,5.4,-3.5,1.12,0.7,0.5
Rome_2025_1st_Altmaier_Comesana,COMESANA,0.29,7.1,-3.3,1.11,0.7,0.5
Rome_2025_1st_Griekspoor_Kecmanovic,KECMANOVIC,0.3,5.8,-2.4,1.05,0.7,0.5
Rome_2025_Q_Lajovic_Quinn,QUINN,0.29,4.7,-2.4,0.84,0.6,0.4
Rome_2025_Q_Basile_Seyboth-Wild,SEYBOTH WILD,0.35,4.4,-2.6,1.08,0.6,0.4
Rome_2025_Q_de-Jong_Seyboth-Wild,SEYBOTH WILD,0.41,4.8,-3.7,1.06,0.7,0.4
Rome_2025_1st_Marozsan_Fonseca,FONSECA,0.35,5.6,-3.7,0.94,0.6,0.4
Rome_2025_1st_Nardi_Cobolli,COBOLLI,0.45,5.5,-3.5,1.13,0.6,0.4
Rome_2025_R64_Cocciaretto_Swiatek,SWIATEK,0.31,3.0,-5.2,0.52,0.5,0.3
Rome_2025_R64_Haddad-Maia_Bouzkova,HADDAD MAIA,0.43,5.4,-4.7,1.0,0.7,0.4
Rome_2025_R64_Osaka_Golubic,OSAKA,0.44,5.5,-5.4,1.06,0.7,0.4
Rome_2025_R64_Fils_Griekspoor,FILS,0.3,6.9,-4.6,1.43,0.6,0.4
Rome_2025_R64_Navarro_Rakhimova,NAVARRO,0.55,5.5,-5.1,0.96,0.6,0.3
Rome_2025_R64_Gauff_Mboko,GAUFF,0.71,3.8,-5.6,0.93,0.6,0.3
Rome_2025_R64_Muller_Tsitsipas,TSITSIPAS,0.36,6.1,-2.6,1.08,0.6,0.4
Adelaide_2025_F_Auger-Aliassime_Korda,KORDA,0.3,4.8,-0.7,1.0,0.4,0.2
Adelaide_2025_R16_Davidovich-Fokina_Korda,KORDA,0.27,5.0,-2.3,1.36,0.7,0.4
Adelaide_2025_SF_Kecmanovic_Korda,KORDA,0.28,6.0,-2.4,0.97,0.6,0.4
Barcelona_2025_R16_Tsitsipas_Korda,KORDA,0.34,4.6,-2.7,0.83,0.7,0.4
Barcelona_2025_R32_Arnaldi_Korda,KORDA,0.33,5.2,-2.1,1.04,0.7,0.4
Indian_Wells_2025_R64_Monfils_Korda,KORDA,0.37,3.9,-3.5,0.8,0.7,0.4
Madrid_2025_R32_Korda_Ruud,KORDA,0.62,0.9,-4.3,0.89,0.5,0.2
Madrid_2025_R64_Korda_Cina,KORDA,0.56,5.2,-2.5,1.26,0.8,0.5
Miami_2025_QF_Korda_Djokovic,KORDA,0.32,3.8,-2.4,0.65,0.7,0.4
Miami_2025_R16_Monfils_Korda,KORDA,0.27,3.8,-1.4,0.84,0.7,0.4
Miami_2025_R32_Korda_Tsitsipas,KORDA,0.35,5.3,-2.5,1.03,0.8,0.5
Miami_2025_R64_Korda_Spizzirri,KORDA,0.34,4.1,-2.6,0.9,0.8,0.5
Rome_2025_R32_Collins_Swiatek,SWIATEK,0.42,3.2,-3.5,0.85,0.5,0.3
Rome_2025_R64_Sinner_Navone,SINNER,0.27,4.9,-2.9,1.0,0.7,0.5
Rome_2025_R64_Dellien_Seyboth-Wild,SEYBOTH WILD,0.44,4.0,-4.1,1.27,0.6,0.3
Rome_2025_R64_Paul_Bautista-Agut,PAUL,0.41,4.4,-3.4,0.87,0.7,0.4
Rome_2025_R64_Vukic_Korda,KORDA,0.36,4.7,-2.7,1.03,0.7,0.4
Rome_2025_R64_Shelton_Munar,SHELTON,0.35,4.9,-3.6,1.08,0.7,0.5
Rome_2025_R32_Musetti_Nakashima,NAKASHIMA,0.34,5.1,-2.9,0.83,0.8,0.5
Rome_2025_R32_Gauff_Linette,GAUFF,0.52,3.5,-3.8,1.03,0.5,0.3
Rome_2025_R32_Fils_Tsitsipas,FILS,0.37,7.5,-3.4,1.15,0.7,0.5
Rome_2025_R32_Fils_Tsitsipas,TSITSIPAS,0.32,4.7,-1.6,0.67,0.7,0.5
Rome_2025_R32_Navarro_Tauson,NAVARRO,0.42,7.0,-5.1,1.14,0.6,0.3
Rome_2025_R32_Sinner_de-Jong,SINNER,0.44,3.7,-4.2,0.89,0.6,0.4
Rome_2025_R32_Paul_Machac,PAUL,0.42,4.0,-4.1,1.07,0.7,0.4
Rome_2025_R16_Gauff_Raducanu,GAUFF,0.64,4.0,-4.5,0.95,0.6,0.3
Rome_2025_R32_Munar_Korda,KORDA,0.35,4.9,-3.6,0.79,0.7,0.5
Rome_2025_R16_Sinner_Cerundolo,SINNER,0.41,4.9,-4.4,0.85,0.7,0.4
Rome_2025_R16_Fils_Zverev,FILS,0.29,4.8,-1.5,1.24,0.8,0.5
Rome_2025_R16_Paul_de-Minaur,PAUL,0.47,4.5,-3.4,0.97,0.7,0.4
Rome_2025_R16_Sinner_Cerundolo,CERUNDOLO,0.33,5.2,-2.4,1.11,0.7,0.4
Rome_2025_QF_Gauff_Andreeva,GAUFF,0.61,4.3,-5.5,1.09,0.6,0.4
Rome_2025_QF_Gauff_Andreeva,ANDREEVA,0.48,5.1,-6.0,0.96,0.6,0.3
Rome_2025_QF_Sinner_Ruud,SINNER,0.26,5.7,-3.1,1.01,0.6,0.4
Rome_2025_QF_Hurkacz_Paul,PAUL,0.34,5.0,-3.5,1.09,0.7,0.4
Rome_2025_SF_Zheng_Gauff,GAUFF,0.67,4.2,-6.5,1.27,0.6,0.3
Rome_2025_SF_Sinner_Paul,SINNER,0.33,5.3,-2.9,0.95,0.7,0.4
Rome_2025_SF_Sinner_Paul,PAUL,0.5,5.2,-3.6,1.2,0.6,0.3
Rome_2025_QF_Stearns_Svitolina,STEARNS,0.6,5.3,-4.4,1.17,0.6,0.4
Rome_2025_R32_Keys_Stearns,STEARNS,0.48,5.4,-3.3,1.24,0.6,0.4
Rome_2025_SF_Paolini_Stearns,STEARNS,0.51,5.7,-3.4,1.19,0.6,0.4
Rome_2025_R16_Stearns_Osaka,STEARNS,0.45,5.9,-4.0,1.02,0.7,0.4
AO_2025_1st_Navarro_Stearns,STEARNS,0.31,5.4,-3.3,1.11,0.7,0.5
Adelaide_2025_1st_Stearns_Badosa,STEARNS,0.34,5.4,-3.5,0.94,0.7,0.5
Cincinnati_2024_R64_Stearns_Badosa,STEARNS,0.5,2.8,-2.4,1.03,0.7,0.4
Indian_Wells_2023_R64_Stearns_Andreescu,STEARNS,0.47,6.2,-3.4,0.95,0.7,0.4
Rome_2025_1st_Pavlyuchenkova_Boulter,PAVLYUCHENKOVA,0.4,5.4,-3.1,0.96,0.7,0.4
Rome_2025_R64_Pavlyuchenkova_Kenin,PAVLYUCHENKOVA,0.4,7.7,-4.8,0.95,0.7,0.4
Rome_2025_F_Gauff_Paolini,GAUFF,0.51,4.2,-5.4,1.11,0.6,0.4
AO_2024_R32_Korda_Rublev,KORDA,0.34,4.1,-3.3,0.85,0.7,0.4
Adelaide_2024_R16_Korda_Lehecka,KORDA,0.34,2.6,-2.0,0.86,0.8,0.4
Adelaide_2024_R32_O'Connell_Korda,KORDA,0.47,5.3,-3.4,1.05,0.7,0.4
Adelaide_2024_R64_Sonego_Korda,KORDA,0.28,4.4,-3.7,0.98,0.6,0.4
Cincinnati_2024_R64_Carreno-Busta_Korda,KORDA,0.52,4.4,-5.9,0.68,0.5,0.3
Miami_2024_R32_Korda_Hurkacz,KORDA,0.53,5.0,-6.3,0.87,0.6,0.4
Rogers_cup_2024_R32_Korda_Fritz,KORDA,0.32,4.4,-5.5,0.77,0.6,0.3
Rogers_cup_2024_R64_Korda_Pospisil,KORDA,0.5,8.0,-6.6,1.03,0.6,0.3
Washington_2024_F_Korda_Cobolli,KORDA,0.35,5.3,-3.8,0.92,0.6,0.4
Washington_2024_QF_Korda_Thompson,KORDA,0.36,3.9,-3.3,0.83,0.6,0.4
Washington_2024_R16_Korda_Kokkinakis,KORDA,0.42,5.0,-5.8,0.76,0.5,0.3
Washington_2024_R32_Korda_Garin,KORDA,0.66,5.6,-2.4,0.95,0.7,0.4
Washington_2024_SF_Tiafoe_Korda,KORDA,0.32,7.1,-4.0,0.81,0.6,0.4
Rome_2025_F_Sinner_Alcaraz,SINNER,0.36,5.2,-2.7,1.07,0.7,0.4
Rome_2025_F_Sinner_Alcaraz,ALCARAZ,0.32,4.6,-3.0,0.95,0.6,0.3
Adelaide_2025_R16_Kecmanovic_O'Connell,O'CONNELL,0.28,6.1,-2.7,0.84,0.5,0.3
Adelaide_2025_R32_Rinderknech_O'Connell,O'CONNELL,0.31,5.0,-2.2,0.91,0.7,0.4
Belgrade_2024_QF_O'connell_Shapovalov,O'CONNELL,0.3,5.6,-2.7,0.8,0.7,0.5
Belgrade_2024_R16_Altmaier_O'connell,O'CONNELL,0.37,6.1,-4.9,0.89,0.7,0.4
Belgrade_2024_R32_Kecmanovic_O'connell,O'CONNELL,0.32,6.5,-2.9,0.95,0.6,0.3
Brisbane_2025_R32_Michelsen_O'Connell,O'CONNELL,0.36,3.6,-3.6,0.9,0.5,0.3
Bucharest_2025_QF_O'Connell_Fucsovics,O'CONNELL,0.4,5.5,-4.7,1.17,0.7,0.4
Bucharest_2025_R16_Jarry_O'Connell,O'CONNELL,0.25,6.7,-3.6,1.11,0.6,0.4
Bucharest_2025_R32_Lajovic_O'Connell,O'CONNELL,0.35,6.2,-3.8,0.9,0.7,0.5
Doha_2025_Q_O'Connell_Kotov,O'CONNELL,0.32,3.6,-1.2,0.84,0.7,0.5
Doha_2025_Q_O'Connell_Watanuki,O'CONNELL,0.44,4.7,-2.8,1.45,0.8,0.5
Doha_2025_R16_O'Connell_Draper,O'CONNELL,0.3,5.0,-2.2,0.93,0.7,0.5
Doha_2025_R32_O'Connell_Habib,O'CONNELL,0.29,5.6,-0.6,1.07,0.7,0.5
Dubai_2025_Q_O'Connell_Al-Janahi,O'CONNELL,0.29,5.2,-2.5,0.83,0.7,0.5
Dubai_2025_Q_O'Connell_van-de-Zandschulp,O'CONNELL,0.37,5.5,-3.6,1.08,0.6,0.4
Dubai_2025_R16_Berrettini_O'Connell,O'CONNELL,0.2,4.5,-2.6,1.02,0.5,0.3
Dubai_2025_R32_O'Connell_Dimitrov,O'CONNELL,0.3,5.0,-0.6,1.18,0.5,0.3
Indian_Wells_2025_1st_Carballes-Baena_O'Connell,O'CONNELL,0.37,5.5,-3.2,1.16,0.8,0.5
Indian_Wells_2025_R64_Berrettini_O'Connell,O'CONNELL,0.5,3.0,-1.3,1.32,1.1,0.7
Madrid_2025_1st_O'Connell_Ugo-Carabelli,O'CONNELL,0.28,5.5,-3.4,1.0,0.7,0.5
Madrid_2025_R64_Fritz_O'Connell,O'CONNELL,0.57,3.3,-1.5,1.4,0.5,0.3
Miami_2025_1st_O'Connell_Carballes-Baena,O'CONNELL,0.29,4.6,-2.3,0.75,0.7,0.4
Miami_2025_Q_O'Connell_Draxl,O'CONNELL,0.35,4.3,-2.5,0.89,0.8,0.5
Miami_2025_Q_O'Connell_Trungelliti,O'CONNELL,0.42,6.4,-2.8,1.19,0.6,0.4
Munich_2025_Q_O'connell_Tseng,O'CONNELL,0.28,6.2,-1.1,1.07,0.6,0.4
Munich_2025_R32_O'connell_Darderi,O'CONNELL,0.31,5.7,-2.7,1.02,0.6,0.4
Rome_2025_1st_O'Connell_Norrie,O'CONNELL,0.33,4.7,-3.2,0.87,0.6,0.5
Adelaide_2024_QF_O'Connell_Korda,O'CONNELL,0.42,5.4,-6.9,0.88,0.6,0.3
Adelaide_2024_R16_Shevchenko_O'Connell,O'CONNELL,0.48,5.9,-8.0,0.91,0.6,0.4
Adelaide_2024_R32_O'Connell_Rinderknech,O'CONNELL,0.39,5.3,-5.6,0.59,0.5,0.3
Almaty_2024_R32_O'Connell_Diallo,O'CONNELL,0.28,6.4,-3.3,1.34,0.5,0.3
Atlanta_2024_R32_O'Connell_Purcell,O'CONNELL,0.42,8.5,-5.0,1.06,0.5,0.3
Basel_2024_Q_Fearnley_O'Connell,O'CONNELL,0.38,6.2,-5.9,0.74,0.6,0.4
Brisbane_2024_R32_Popyrin_O'Connell,O'CONNELL,0.55,4.7,-5.3,0.85,0.6,0.3
Chengdu_2024_R16_Musetti_O'Connell,O'CONNELL,0.39,5.4,-4.4,0.92,0.5,0.3
Chengdu_2024_R32_Kotov_O'Connell,O'CONNELL,0.43,6.1,-5.7,0.59,0.6,0.3
Doha_2024_R16_O'Connell_Ruusuvuori,O'CONNELL,0.56,3.6,-3.9,0.91,0.4,0.3
Doha_2024_R32_Struff_O'Connell,O'CONNELL,0.38,5.1,-3.7,0.75,0.6,0.3
Dubai_2024_R16_Hurkacz_O'Connell,O'CONNELL,0.51,5.2,-3.9,1.11,0.5,0.3
Dubai_2024_R32_Marterer_O'Connell,O'CONNELL,0.16,6.7,-3.5,0.99,0.5,0.3
Indian_Wells_2024_1st_O'Connell_Draper,O'CONNELL,0.47,6.1,-4.9,0.99,0.6,0.4
Indian_Wells_2024_R64_Zverev_O'Connell,O'CONNELL,0.4,9.4,-3.4,0.98,0.5,0.3
Madrid_2024_1st_O'Connell_Arnaldi,O'CONNELL,0.52,6.5,-5.7,1.24,0.8,0.5
Miami_2024_1st_O'Connell_Kopriva,O'CONNELL,0.35,2.0,-3.6,0.75,0.5,0.3
Miami_2024_R16_O'Connell_Sinner,O'CONNELL,0.68,5.7,-2.1,1.13,0.5,0.4
Miami_2024_R32_Damm_O'Connell,O'CONNELL,0.25,7.5,-5.6,1.11,0.5,0.3
Miami_2024_R64_O'Connell_Tiafoe,O'CONNELL,0.45,5.8,-3.2,1.39,0.5,0.3
Monte_Carlo_2024_Q_O'Connell_Marterer,O'CONNELL,0.44,7.1,-7.0,0.92,0.6,0.4
Monte_Carlo_2024_Q_O'Connell_Vukic,O'CONNELL,0.47,8.4,-7.9,1.03,0.6,0.3
Monte_Carlo_2024_R64_Tabilo_O'Connell,O'CONNELL,0.46,5.4,-6.6,0.78,0.6,0.4
Montreal_2024_Q_Nishioka_O'Connell,O'CONNELL,0.45,5.9,-6.9,0.62,0.5,0.4
Montreal_2024_Q_O'Connell_Rinderknech,O'CONNELL,0.52,9.4,-2.1,0.96,0.6,0.3
Paris_2024_Q_Nagal_O'Connell,O'CONNELL,0.41,8.6,-4.0,0.83,0.7,0.5
Paris_2024_Q_O'Connell_Davidovich-Fokina,O'CONNELL,0.4,-0.9,-8.9,0.92,0.4,0.3
Paris_2024_R64_Khachanov_O'Connell,O'CONNELL,0.21,5.9,-4.2,0.69,0.5,0.3
Rome_2024_1st_Carballes-Baena_O'Connell,O'CONNELL,0.28,5.9,-9.0,1.36,0.4,0.2
Shanghai_2024_1st_O'Connell_Berrettini,O'CONNELL,0.52,3.6,-4.6,0.74,0.4,0.2
Tokyo_2024_Q_Daniel_O'Connell,O'CONNELL,0.36,8.7,-2.2,1.14,0.6,0.3
Tokyo_2024_Q_Virtanen_O'Connell,O'CONNELL,0.33,6.3,-4.1,1.0,0.5,0.3
Tokyo_2024_R16_O'Connell_Michelsen,O'CONNELL,0.48,3.6,-4.5,1.26,0.4,0.2
Tokyo_2024_R32_Etcheverry_O'Connell,O'CONNELL,0.6,4.8,-6.3,0.97,0.8,0.4
Washington_2024_R32_Nakashima_O'Connell,O'CONNELL,0.56,1.0,-1.7,1.64,0.4,0.2
Washington_2024_R64_O'Connell_Mayot,O'CONNELL,0.42,5.0,-4.3,1.01,0.5,0.3
Winston_Salem_2024_R32_Rinderknech_O'Connell,O'CONNELL,0.65,2.0,-5.3,0.54,0.5,0.3
Winston_Salem_2024_R64_O'Connell_Kirchheimer,O'CONNELL,0.44,5.0,-4.1,1.07,0.5,0.3
Cincinnati_2024_R32_Swiatek_Gracheva,GRACHEVA,0.42,6.1,-4.4,0.87,0.7,0.4
Rome_2024_R64_Sakkari_Gracheva,GRACHEVA,0.49,6.0,-6.6,1.08,0.6,0.3
Charleston_2025_R32_Gracheva_Mertens,GRACHEVA,0.62,2.4,-5.2,0.8,0.5,0.3
Charleston_2025_R64_Dart_Gracheva,GRACHEVA,0.43,5.0,-4.8,0.95,0.6,0.4
Rome_2025_1st_Gracheva_Tomljanovic,GRACHEVA,0.52,5.2,-4.3,0.93,0.7,0.4
Rome_2025_R64_Keys_Gracheva,GRACHEVA,0.42,6.1,-4.1,0.99,0.6,0.4
Geneva_2025_F_Hurkacz_Djokovic,HURKACZ,0.3,4.3,-3.2,1.28,0.6,0.4
Geneva_2025_QF_Fritz_Hurkacz,HURKACZ,0.29,4.6,-2.6,0.79,0.8,0.5
Geneva_2025_R16_Rinderknech_Hurkacz,HURKACZ,0.29,5.4,-1.3,1.01,0.7,0.5
Geneva_2025_R32_Cazaux_Hurkacz,HURKACZ,0.4,5.4,-5.3,0.88,0.7,0.4
Geneva_2025_SF_Hurkacz_Ofner,HURKACZ,0.24,5.7,-1.6,0.9,0.6,0.4
Hamburg_2025_F_Rublev_Cobolli,COBOLLI,0.3,6.3,-2.7,0.89,0.7,0.4
Hamburg_2025_QF_Cobolli_Bautista-agut,COBOLLI,0.51,6.0,-3.8,1.03,0.7,0.4
Hamburg_2025_R16_Davidovich-fokina_Cobolli,COBOLLI,0.32,5.5,-3.6,0.98,0.6,0.4
Hamburg_2025_R32_Sachko_Cobolli,COBOLLI,0.32,6.4,-3.7,1.06,0.6,0.4
Hamburg_2025_SF_Etcheverry_Cobolli,COBOLLI,0.28,6.3,-3.5,0.92,0.6,0.4
Hamburg_2025_R16_Darderi_Nakashima,NAKASHIMA,0.35,5.0,-2.8,0.97,0.7,0.5
Hamburg_2025_R32_Collignon_Nakashima,NAKASHIMA,0.39,6.0,-4.2,0.97,0.7,0.4
Geneva_2025_R32_Fucsovics_Bergs,BERGS,0.38,3.9,-3.4,0.71,0.7,0.4
Geneva_2025_R32_Rinderknech_Kecmanovic,KECMANOVIC,0.38,4.7,-3.1,1.03,0.9,0.5
Hamburg_2025_R32_Altmaier_Auger-aliassime,ALTMAIER,0.34,6.3,-4.1,1.03,0.7,0.4
Hamburg_2025_R32_Baez_Ugo-carabelli,BAEZ,0.38,5.8,-3.9,0.93,0.7,0.5
Hamburg_2025_R32_Etcheverry_Comesana,COMESANA,0.31,6.4,-3.0,1.01,0.7,0.5
RG_2025_1st_Sinner_Rinderknech,SINNER,0.31,5.5,-2.6,0.91,0.7,0.5
RG_2025_1st_Jarry_Fils,FILS,0.52,5.3,-3.7,1.53,0.6,0.4
RG_2025_1st_Etcheverry_Tsitsipas,TSITSIPAS,0.27,4.4,-2.8,0.88,0.7,0.4
RG_2025_1st_Navone_Nakashima,NAKASHIMA,0.34,5.0,-2.7,1.1,0.7,0.4
RG_2025_1st_Sramkova_Swiatek,SWIATEK,0.34,3.4,-4.4,0.92,0.6,0.4
RG_2025_1st_Osaka_Badosa,OSAKA,0.49,4.3,-2.5,1.1,0.8,0.5
RG_2025_1st_Stearns_Lys,STEARNS,0.32,5.4,-3.3,1.09,0.8,0.5
RG_2025_1st_Bouzas-Maneiro_Navarro,NAVARRO,0.38,3.8,-3.3,1.06,0.7,0.5
RG_2025_1st_Pavlyuchenkova_Zheng,PAVLYUCHENKOVA,0.29,5.7,-2.0,1.18,0.7,0.5
RG_2025_1st_Pavlyuchenkova_Zheng,ZHENG,0.34,5.4,-0.8,1.43,0.7,0.5
Cincinnati_2022_QF_Medvedev_Fritz,MEDVEDEV,0.35,7.8,-4.2,0.84,0.6,0.4
Cincinnati_2022_R16_Medvedev_Shapovalov,MEDVEDEV,0.35,6.9,-5.1,0.85,0.6,0.4
Cincinnati_2022_R32_Medvedev_van-de-Zandschulp,MEDVEDEV,0.71,3.6,-3.7,1.36,0.8,0.5
Cincinnati_2022_SF_Medvedev_Tsitsipas,MEDVEDEV,0.63,4.7,-3.7,0.99,0.5,0.3
Indian-Wells_2022_R32_Medvedev_Monfils,MEDVEDEV,0.45,5.5,-4.6,0.99,0.7,0.4
Indian-Wells_2022_R64_Medvedev_Machac,MEDVEDEV,0.43,6.6,-3.4,1.11,0.6,0.4
Miami_2022_QF_Medvedev_Hurkacz,MEDVEDEV,0.48,6.5,-5.4,1.07,0.6,0.3
Miami_2022_R16_Medvedev_Brooksby,MEDVEDEV,0.43,6.6,-4.8,0.86,0.6,0.3
Miami_2022_R32_Medvedev_Martinez,MEDVEDEV,0.61,10.8,-15.4,0.97,0.3,0.2
Miami_2022_R64_Medvedev_Murray,MEDVEDEV,0.43,4.4,-4.3,1.0,0.6,0.3
Paris_2022_R32_Medvedev_de-Minaur,MEDVEDEV,0.46,6.3,-5.0,0.91,0.6,0.4
Rogers_cup_2022_R32_Medvedev_Kyrgios,MEDVEDEV,0.36,6.6,-4.8,1.12,0.6,0.3
Turin_2022_RR_Medvedev_Djokovic,MEDVEDEV,0.51,5.9,-4.3,1.03,0.5,0.3
Turin_2022_RR_Medvedev_Rublev,MEDVEDEV,0.47,5.9,-4.5,0.76,0.6,0.3
Turin_2022_RR_Tsitsipas_Medvedev,MEDVEDEV,0.33,7.1,-4.2,1.28,0.6,0.3
Beijing_2024_QF_Cobolli_Medvedev,MEDVEDEV,0.54,6.1,-3.7,1.1,0.7,0.4
Beijing_2024_R16_Mannarino_Medvedev,MEDVEDEV,0.5,5.7,-3.9,1.01,0.6,0.3
Beijing_2024_R32_Monfils_Medvedev,MEDVEDEV,0.53,5.4,-5.2,0.82,0.6,0.4
Beijing_2024_SF_Medvedev_Alcaraz,MEDVEDEV,0.43,4.9,-4.9,1.16,0.5,0.3
Cincinnati_2024_R32_Lehecka_Medvedev,MEDVEDEV,0.5,4.4,-4.5,1.03,0.5,0.3
Indian_Wells_2024_F_Medvedev_Alcaraz,MEDVEDEV,0.44,6.4,-4.7,1.0,0.6,0.4
Indian_Wells_2024_QF_Medvedev_Rune,MEDVEDEV,0.39,3.5,-4.5,0.89,0.5,0.3
Indian_Wells_2024_R16_Medvedev_Dimitrov,MEDVEDEV,0.41,6.2,-6.5,0.66,0.4,0.2
Indian_Wells_2024_R32_Medvedev_Korda,MEDVEDEV,0.43,7.1,-5.1,0.86,0.6,0.4
Indian_Wells_2024_R64_Medvedev_Carballes-Baena,MEDVEDEV,0.47,7.0,-4.8,1.03,0.6,0.4
Madrid_2024_QF_Medvedev_Lehecka,MEDVEDEV,,,,,,
Madrid_2024_R16_Medvedev_Bublik,MEDVEDEV,0.47,5.8,-3.6,1.18,0.6,0.4
Madrid_2024_R64_Medvedev_Arnaldi,MEDVEDEV,0.49,7.6,-5.2,0.98,0.5,0.3
Miami_2024_QF_Jarry_Medvedev,MEDVEDEV,0.42,3.6,-4.3,0.89,0.5,0.3
Miami_2024_R16_Koepfer_Medvedev,MEDVEDEV,0.43,6.0,-4.4,1.09,0.6,0.4
Miami_2024_R32_Norrie_Medvedev,MEDVEDEV,0.53,5.9,-4.0,1.02,0.6,0.3
Miami_2024_R64_Fucsovics_Medvedev,MEDVEDEV,0.38,6.5,-4.9,0.94,0.6,0.3
Monte_Carlo_2024_R16_Khachanov_Medvedev,MEDVEDEV,0.46,7.7,-6.0,0.91,0.6,0.3
Monte_Carlo_2024_R32_Monfils_Medvedev,MEDVEDEV,0.43,5.9,-6.1,0.86,0.6,0.3
Paris_2024_R32_Popyrin_Medvedev,MEDVEDEV,0.43,5.8,-5.4,0.68,0.6,0.3
Rome_2024_R32_Medjedovic_Medvedev,MEDVEDEV,0.41,5.5,-5.5,0.92,0.6,0.4
Rome_2024_R64_Draper_Medvedev,MEDVEDEV,0.39,5.6,-5.1,0.92,0.6,0.3
Shanghai_2024_R32_Arnaldi_Medvedev,MEDVEDEV,0.33,5.8,-4.6,0.91,0.5,0.3
Turin_2024_RR_Medvedev_Fritz,MEDVEDEV,0.57,5.0,-5.3,1.03,0.6,0.3
Turin_2024_RR_Medvedev_de-Minaur,MEDVEDEV,0.44,6.7,-4.3,0.86,0.6,0.4
Adelaide1_2023_QF_Medvedev_Khachanov,MEDVEDEV,0.34,8.3,-6.1,0.83,0.6,0.4
Adelaide1_2023_R32_Medvedev_Sonego,MEDVEDEV,0.37,6.2,-5.7,0.91,0.6,0.3
Adelaide1_2023_SF_Djokovic_Medvedev,MEDVEDEV,0.34,5.6,-4.2,0.77,0.5,0.3
Beijing_2023_QF_Humbert_Medvedev,MEDVEDEV,0.32,5.6,-5.8,0.8,0.6,0.4
Beijing_2023_R16_de-Minaur_Medvedev,MEDVEDEV,0.48,6.5,-4.2,0.85,0.6,0.4
Beijing_2023_SF_Zverev_Medvedev,MEDVEDEV,0.39,5.8,-5.0,0.84,0.7,0.4
Cincinnati_2023_R16_Zverev_Medvedev,MEDVEDEV,0.43,6.5,-5.0,0.97,0.6,0.4
Cincinnati_2023_R32_Musetti_Medvedev,MEDVEDEV,0.38,6.8,-4.0,0.85,0.6,0.4
Doha_2023_F_Murray_Medvedev,MEDVEDEV,0.46,5.4,-4.9,1.0,0.6,0.3
Doha_2023_QF_O'Connell_Medvedev,MEDVEDEV,0.69,5.3,-3.7,0.99,0.6,0.4
Doha_2023_R16_Broady_Medvedev,MEDVEDEV,0.39,6.4,-4.7,0.99,0.6,0.4
Doha_2023_SF_Medvedev_Auger-Aliassime,MEDVEDEV,0.34,5.9,-4.2,0.91,0.6,0.3
Dubai_2023_F_Medvedev_Rublev,MEDVEDEV,0.42,6.5,-5.0,0.88,0.5,0.3
Dubai_2023_QF_Medvedev_Coric,MEDVEDEV,0.44,4.5,-3.8,0.49,0.6,0.4
Dubai_2023_R16_Medvedev_Bublik,MEDVEDEV,0.77,3.9,-6.9,1.83,0.6,0.3
Dubai_2023_R32_Medvedev_Arnaldi,MEDVEDEV,0.48,5.8,-3.3,1.12,0.6,0.3
Dubai_2023_SF_Djokovic_Medvedev,MEDVEDEV,0.37,5.2,-5.9,0.88,0.6,0.3
Halle_2023_QF_Medvedev_Bautista-Agut,MEDVEDEV,0.3,8.4,-5.4,0.85,0.5,0.3
Halle_2023_R16_Medvedev_Djere,MEDVEDEV,0.44,5.8,-5.4,1.03,0.6,0.3
Halle_2023_R32_Medvedev_Giron,MEDVEDEV,0.4,6.0,-4.5,0.92,0.6,0.4
Paris_2023_R32_Dimitrov_Medvedev,MEDVEDEV,0.44,6.6,-5.1,0.88,0.6,0.4
Rotterdam_2023_QF_Medvedev_Auger-Aliassime,MEDVEDEV,0.35,7.4,-4.1,1.56,0.4,0.2
Rotterdam_2023_R16_Medvedev_van-de-Zandschulp,MEDVEDEV,0.45,8.1,-4.6,1.04,0.6,0.3
Rotterdam_2023_SF_Medvedev_Dimitrov,MEDVEDEV,0.56,-4.5,-8.3,0.02,0.3,0.1
Shanghai_2023_R32_Korda_Medvedev,MEDVEDEV,0.48,5.5,-3.8,1.06,0.5,0.3
Shanghai_2023_R64_Garin_Medvedev,MEDVEDEV,0.45,5.1,-4.7,0.91,0.6,0.3
Turin_2023_RR_Alcaraz_Medvedev,MEDVEDEV,0.39,5.5,-4.7,0.93,0.6,0.3
Turin_2023_RR_Medvedev_Rublev,MEDVEDEV,0.43,7.4,-5.9,1.13,0.5,0.3
Turin_2023_RR_Medvedev_Zverev,MEDVEDEV,0.39,7.7,-5.3,0.99,0.6,0.3
Vienna_2023_QF_Medvedev_Khachanov,MEDVEDEV,0.39,6.8,-3.7,1.04,0.6,0.4
Vienna_2023_R16_Medvedev_Dimitrov,MEDVEDEV,0.39,6.5,-4.2,1.08,0.6,0.4
Vienna_2023_R32_Medvedev_Fils,MEDVEDEV,0.37,5.3,-3.3,1.1,0.6,0.3
RG_2025_1st_Hurkacz_Fonseca,FONSECA,0.29,4.4,-2.6,1.0,0.6,0.3
RG_2025_1st_Bellucci_Draper,BELLUCCI,0.41,4.2,-3.2,0.98,0.8,0.5
RG_2025_1st_Haddad-Maia_Baptiste,HADDAD MAIA,0.31,3.4,-2.8,0.89,0.7,0.4
RG_2025_1st_Gadecki_Gauff,GAUFF,0.5,3.8,-3.0,1.02,0.8,0.5
RG_2025_R64_Gigante_Tsitsipas,TSITSIPAS,0.49,4.5,-3.3,1.13,0.7,0.4
RG_2025_R64_Raducanu_Swiatek,SWIATEK,1.69,2.6,-2.9,1.9,0.8,0.3
RG_2025_R64_Munar_Fils,FILS,0.39,6.0,-3.2,1.28,0.7,0.4
RG_2025_R64_Sinner_Gasquet,SINNER,0.5,5.5,-3.6,1.51,0.6,0.4
RG_2025_R64_Valentova_Gauff,GAUFF,0.48,3.6,-2.8,0.78,0.7,0.4
RG_2025_R64_Fonseca_Herbert,FONSECA,0.38,5.2,-4.5,1.24,0.7,0.4
RG_2025_R32_Cristian_Swiatek,SWIATEK,0.41,3.6,-3.0,1.06,0.6,0.3
RG_2025_R32_Sinner_Lehecka,SINNER,0.59,3.8,-5.0,0.65,0.6,0.3
RG_2025_R32_Bouzkova_Gauff,GAUFF,0.37,4.5,-3.0,0.9,0.8,0.5
RG_2025_R32_Fonseca_Draper,FONSECA,0.34,5.4,-3.0,1.02,0.7,0.4
RG_2025_R16_Rybakina_Swiatek,SWIATEK,0.91,5.1,-3.0,1.32,0.6,0.4
RG_2025_R16_Sinner_Rublev,SINNER,0.3,5.8,-3.1,1.05,0.6,0.4
RG_2025_R16_Alexandrova_Gauff,GAUFF,0.56,4.9,-3.3,1.17,0.7,0.4
RG_2025_1st_Gracheva_Kenin,GRACHEVA,0.55,4.0,-2.9,1.37,0.7,0.4
RG_2025_QF_Svitolina_Swiatek,SWIATEK,0.4,4.4,-3.7,0.51,0.6,0.3
RG_2025_QF_Keys_Gauff,GAUFF,0.38,4.3,-2.4,1.02,0.8,0.5
RG_2025_QF_Sinner_Bublik,SINNER,0.34,5.9,-1.7,1.34,0.6,0.4
RG_2025_SF_Sabalenka_Swiatek,SWIATEK,0.38,3.3,-3.7,1.02,0.5,0.3
RG_2025_SF_Boisson_Gauff,GAUFF,0.34,5.1,-2.1,1.06,0.7,0.5
RG_2025_SF_Sinner_Djokovic,SINNER,0.3,5.2,-2.6,1.09,0.6,0.4
Geneva_2025_Q_Bertola_Sell,SELL,0.46,4.0,-3.2,0.95,0.9,0.5
Geneva_2025_Q_Sell_Herbert,SELL,0.4,5.4,-3.2,1.2,0.7,0.5
Geneva_2025_R32_Sell_Marozsan,SELL,0.34,4.9,-3.8,0.78,0.7,0.4
Rio_2025_Q_Ugo-Carabelli_Sell,SELL,0.41,5.9,-3.3,1.09,0.7,0.4
RG_2025_F_Sinner_Alcaraz,SINNER,0.39,4.6,-3.8,1.04,0.6,0.4
RG_2025_F_Sabalenka_Gauff,GAUFF,0.35,4.9,-3.4,0.98,0.7,0.4
RG_2025_F_Sinner_Alcaraz,ALCARAZ,0.34,5.0,-2.2,0.92,0.6,0.4
Hertogenbosch_2025_R32_Bergs_Blockx,BERGS,0.36,4.1,-3.5,0.61,0.6,0.3
Stuttgart_2025_R32_Fearnley_Nakashima,NAKASHIMA,0.3,5.2,-2.4,0.84,0.7,0.5
Hertogenbosch_2025_R32_Virtanen_Etcheverry,ETCHEVERRY,0.26,4.7,-3.1,0.87,0.5,0.3
Hertogenbosch_2025_R32_Borges_Basavareddy,BASAVAREDDY,,,,,,
Hertogenbosch_2025_R32_Mcdonald_Bellucci,BELLUCCI,0.28,4.7,-3.0,0.91,0.7,0.5
Hertogenbosch_2025_R32_Bergs_Blockx,BLOCKX,0.3,5.6,-2.1,1.06,0.6,0.4
Stuttgart_2025_R16_Tien_Nakashima,NAKASHIMA,0.34,5.6,-2.5,1.06,0.7,0.5
Stuttgart_2025_R16_Shelton_Herbert,SHELTON,0.36,4.1,-3.2,0.99,0.6,0.4
Hertogenbosch_2025_R32_Mannarino_O'connell,O'CONNELL,0.3,6.4,-3.4,0.9,0.7,0.5
Hertogenbosch_2025_R16_Popyrin_Bergs,BERGS,0.41,3.5,-3.5,0.68,0.5,0.3
Hertogenbosch_2025_F_Bergs_Diallo,BERGS,0.29,5.6,-3.0,1.04,0.6,0.3
Hertogenbosch_2025_QF_Bergs_Lajal,BERGS,0.28,5.6,-3.3,0.68,0.5,0.3
Hertogenbosch_2025_SF_Opelka_Bergs,BERGS,0.31,7.2,-3.3,1.01,0.7,0.5
Stuttgart_2025_QF_Zverev_Nakashima,NAKASHIMA,0.36,5.3,-3.3,1.04,0.7,0.5
Queens_2025_Q_Bellucci_Moutet,BELLUCCI,0.28,4.3,-3.2,0.94,0.7,0.4
Stuttgart_2025_QF_Shelton_Lehecka,SHELTON,0.16,6.1,-2.1,0.82,0.6,0.4
Stuttgart_2025_SF_Zverev_Shelton,SHELTON,0.35,3.8,-3.8,0.68,0.6,0.3
Queens_2025_Q_Bolt_O'Connell,O'CONNELL,0.46,4.6,-2.1,1.15,0.7,0.4
Queens_2025_Q_Duckworth_O'Connell,O'CONNELL,0.31,6.4,-2.4,1.08,0.7,0.5
AO_2022_1st_Tomljanovic_Badosa,BADOSA,0.4,5.5,-3.2,0.93,0.6,0.4
AO_2022_R16_Keys_Badosa,BADOSA,0.39,4.2,-4.5,0.54,0.5,0.3
AO_2022_R32_Kostyuk_Badosa,BADOSA,0.21,5.1,-2.7,0.93,0.6,0.4
AO_2022_R64_Trevisan_Badosa,BADOSA,0.38,3.8,-5.4,0.84,0.6,0.4
AO_2024_1st_Townsend_Badosa,BADOSA,0.29,5.7,-1.2,1.16,0.7,0.5
AO_2025_QF_Gauff_Badosa,BADOSA,0.35,4.1,-2.2,0.96,0.8,0.5
AO_2025_SF_Sabalenka_Badosa,BADOSA,0.24,3.7,-2.4,0.92,0.6,0.3
Adelaide1_2022_R32_Badosa_Azarenka,BADOSA,0.49,7.1,-2.7,0.87,0.7,0.4
Adelaide2_2023_QF_Haddad-Maia_Badosa,BADOSA,0.25,6.1,-3.2,0.85,0.5,0.3
Adelaide_2024_1st_Badosa_Pera,BADOSA,0.37,4.7,-2.5,0.88,0.7,0.5
Adelaide_2025_1st_Stearns_Badosa,BADOSA,0.32,4.7,-2.2,1.13,0.7,0.5
Adelaide_2025_R64_Krueger_Badosa,BADOSA,0.37,5.2,-2.8,0.99,0.8,0.5
Cincinnati_2024_QF_Pavlyuchenkova_Badosa,BADOSA,0.5,11.4,-1.5,1.7,0.8,0.7
Cincinnati_2024_R16_Badosa_Putintseva,BADOSA,0.41,6.3,-4.5,1.11,0.6,0.4
Cincinnati_2024_R32_Kalinskaya_Badosa,BADOSA,0.36,7.4,-5.8,1.12,0.6,0.3
Cincinnati_2024_R64_Stearns_Badosa,BADOSA,0.44,6.2,-4.3,1.04,0.7,0.4
Cincinnati_2024_SF_Pegula_Badosa,BADOSA,0.48,4.8,-4.5,0.85,0.7,0.4
Doha_2022_R16_Badosa_Gauff,BADOSA,0.64,6.4,-4.4,1.06,0.8,0.4
Indian-Wells_2023_R32_Rybakina_Badosa,BADOSA,0.28,6.2,-3.5,0.85,0.6,0.4
Indian-Wells_2023_R64_Parrizas-Diaz_Badosa,BADOSA,0.48,5.3,-3.6,0.85,0.6,0.4
Madrid_2022_R32_Halep_Badosa,BADOSA,0.4,3.8,-3.2,1.14,0.6,0.4
Madrid_2022_R64_Kudermetova_Badosa,BADOSA,0.45,4.7,-4.9,1.1,0.6,0.4
Madrid_2023_R16_Badosa_Sakkari,BADOSA,0.39,6.7,-4.1,0.85,0.6,0.4
Madrid_2023_R32_Gauff_Badosa,BADOSA,0.21,7.1,-5.0,0.69,0.6,0.4
Madrid_2023_R64_Cocciaretto_Badosa,BADOSA,0.48,5.3,-4.0,0.9,0.6,0.4
Madrid_2024_1st_Bouzas-Maneiro_Badosa,BADOSA,0.46,6.1,-5.3,0.91,0.6,0.3
Miami_2023_R32_Rybakina_Badosa,BADOSA,0.41,6.6,-3.1,0.83,0.6,0.4
Miami_2023_R64_Siegemund_Badosa,BADOSA,0.4,5.2,-4.6,0.81,0.6,0.4
Miami_2024_1st_Halep_Badosa,BADOSA,0.44,6.2,-4.8,0.93,0.6,0.4
Miami_2024_R64_Badosa_Sabalenka,BADOSA,0.48,3.5,-6.0,0.61,0.7,0.4
Rogers_cup_2024_R32_Badosa_Ostapenko,BADOSA,0.32,5.9,-5.0,0.98,0.5,0.3
Rogers_cup_2024_R64_Badosa_Tauson,BADOSA,0.35,5.9,-4.8,0.78,0.6,0.3
Rome_2022_R16_Kasatkina_Badosa,BADOSA,0.52,5.9,-4.6,1.1,0.7,0.4
Rome_2022_R32_Sasnovich_Badosa,BADOSA,0.58,8.7,-3.8,1.06,0.7,0.5
Rome_2023_1st_Badosa_Friedsam,BADOSA,0.45,4.5,-4.2,0.87,0.6,0.3
Rome_2023_QF_Badosa_Ostapenko,BADOSA,0.47,5.3,-3.2,1.05,0.5,0.3
Rome_2023_R16_Badosa_Muchova,BADOSA,0.54,4.5,-3.6,1.0,0.6,0.3
Rome_2023_R32_Badosa_Kostyuk,BADOSA,0.54,4.7,-2.7,1.15,0.6,0.4
Rome_2023_R64_Jabeur_Badosa,BADOSA,0.49,5.8,-5.2,1.31,0.5,0.3
Rome_2024_1st_Andreeva_Badosa,BADOSA,0.52,4.5,-4.9,0.89,0.6,0.4
Rome_2024_R16_Gauff_Badosa,BADOSA,0.34,15.1,-15.0,0.92,0.5,0.3
Rome_2024_R32_Badosa_Shnaider,BADOSA,0.65,6.9,-5.8,0.88,0.6,0.4
Rome_2024_R64_Navarro_Badosa,BADOSA,0.4,4.8,-4.0,1.14,0.6,0.3
San_Jose_2022_QF_Gauff_Badosa,BADOSA,0.64,6.0,-5.7,1.22,0.7,0.4
Sydney_2022_F_Krejcikova_Badosa,BADOSA,0.36,5.3,-3.6,0.79,0.6,0.4
Sydney_2022_QF_Badosa_Bencic,BADOSA,0.33,5.4,-4.1,0.85,0.6,0.4
Sydney_2022_R16_Badosa_Tomljanovic,BADOSA,0.66,6.6,-4.5,0.87,0.7,0.4
Sydney_2022_SF_Badosa_Kasatkina,BADOSA,0.47,5.2,-4.6,0.72,0.6,0.3
US_Open_2024_QF_Badosa_Navarro,BADOSA,0.38,7.1,-4.6,0.81,0.6,0.4
RG_2025_1st_Osaka_Badosa,BADOSA,0.36,5.2,-2.2,1.09,0.7,0.5
Queens_2025_R32_Norrie_Mensik,MENSIK,0.41,4.6,-3.0,1.1,0.7,0.5
Halle_2025_R32_Tsitsipas_Darderi,TSITSIPAS,0.32,5.8,-3.5,0.7,0.5,0.3
Queens_2025_R32_Rune_O'Connell,O'CONNELL,0.38,4.1,-3.9,0.74,0.6,0.4
Halle_2025_R32_Altmaier_Medvedev,ALTMAIER,0.43,3.6,-3.5,0.63,0.6,0.4
Halle_2025_R32_Marozsan_Kecmanovic,KECMANOVIC,0.36,5.9,-3.7,0.89,0.7,0.4
Halle_2025_R32_Marozsan_Kecmanovic,MAROZSAN,0.33,5.8,-2.8,1.01,0.6,0.4
Halle_2025_R32_Fonseca_Cobolli,COBOLLI,0.26,6.0,-2.5,1.08,0.6,0.4
Halle_2025_R32_Fonseca_Cobolli,FONSECA,0.38,7.0,-3.3,0.81,0.6,0.4
Halle_2025_R32_Martinez_Etcheverry,ETCHEVERRY,0.35,5.5,-2.9,1.03,0.7,0.5
Queens_2025_R32_Nakashima_Mpetshi-Perricard,NAKASHIMA,0.44,3.8,-3.7,1.03,0.7,0.3
Halle_2025_R32_Martinez_Etcheverry,MARTINEZ,0.46,4.4,-2.6,0.62,0.8,0.5
Halle_2025_R32_Sinner_Hanfmann,SINNER,0.32,5.4,-3.1,1.04,0.6,0.4
Halle_2025_R32_Bergs_Khachanov,BERGS,0.21,5.3,-2.9,0.81,0.6,0.4
Queens_2025_R16_Bautista-Agut_Mensik,MENSIK,0.33,5.0,-2.7,0.85,0.7,0.5
Halle_2025_R16_Michelsen_Tsitsipas,TSITSIPAS,0.29,7.0,-2.3,0.89,0.5,0.3
Queens_2025_R16_Evans_Nakashima,NAKASHIMA,0.36,4.4,-1.9,1.1,0.7,0.6
Wimbledon_2023_R32_Jabeur_Andreescu,ANDREESCU,0.51,6.8,-4.9,1.18,0.6,0.3
Wimbledon_2023_R64_Andreescu_Kalinina,ANDREESCU,0.5,4.9,-4.8,1.05,0.6,0.3
Wimbledon_2024_1st_Andreescu_Cristian,ANDREESCU,0.43,3.7,-4.4,0.78,0.5,0.3
Wimbledon_2024_R64_Andreescu_Noskova,ANDREESCU,0.33,6.5,-4.8,1.18,0.6,0.3
Halle_2025_R16_Rublev_Etcheverry,ETCHEVERRY,0.3,5.4,-3.7,0.75,0.5,0.3
Acapulco_2025_R32_Mensik_Machac,MENSIK,0.34,5.7,-3.2,1.03,0.7,0.4
Auckland_2025_QF_Mensik_Borges,MENSIK,0.35,4.4,-3.1,0.97,0.7,0.4
Beijing_2024_Q_Gaston_Mensik,MENSIK,0.42,7.2,-6.8,0.78,0.6,0.3
Beijing_2024_Q_Rinderknech_Mensik,MENSIK,0.43,6.1,-6.3,0.92,0.6,0.3
Beijing_2024_R32_Cerundolo_Mensik,MENSIK,0.47,6.0,-4.9,1.11,0.6,0.3
Brisbane_2025_QF_Mpetshi-Perricard_Mensik,MENSIK,0.46,4.3,-4.2,0.92,0.8,0.5
Brisbane_2025_R16_Mensik_Lajovic,MENSIK,0.32,5.2,-2.7,1.08,0.7,0.5
Brisbane_2025_R32_Mensik_Kukushkin,MENSIK,0.34,5.4,-3.6,0.94,0.7,0.4
Cincinnati_2024_Q_Vukic_Mensik,MENSIK,0.43,6.7,-6.5,0.99,0.5,0.3
Doha_2024_F_Mensik_Khachanov,MENSIK,0.58,7.9,-5.5,0.96,0.6,0.3
Doha_2024_QF_Rublev_Mensik,MENSIK,0.41,7.2,-5.8,0.93,0.6,0.4
Doha_2024_R16_Murray_Mensik,MENSIK,0.42,7.2,-5.3,0.9,0.6,0.3
Doha_2024_SF_Mensik_Monfils,MENSIK,0.49,6.5,-4.5,0.91,0.6,0.3
Dubai_2024_R16_Mensik_Davidovich-Fokina,MENSIK,0.53,5.4,-4.3,0.99,0.5,0.3
Dubai_2024_R32_Mensik_Coric,MENSIK,0.49,4.7,-5.2,0.85,0.5,0.3
Indian_Wells_2024_1st_Mensik_Hong,MENSIK,0.44,5.5,-5.5,0.82,0.6,0.3
Indian_Wells_2025_R64_Khachanov_Mensik,MENSIK,0.31,4.8,-2.8,0.92,0.6,0.4
Madrid_2024_1st_Hanfmann_Mensik,MENSIK,0.41,6.6,-5.9,0.85,0.6,0.3
Madrid_2024_R32_Mensik_Auger-Aliassime,MENSIK,0.43,6.9,-4.7,1.46,0.6,0.4
Madrid_2024_R64_Dimitrov_Mensik,MENSIK,0.56,7.4,-5.0,1.02,0.6,0.3
Madrid_2025_QF_Cerundolo_Mensik,MENSIK,0.37,5.2,-4.1,0.87,0.8,0.5
Madrid_2025_R16_Mensik_Bublik,MENSIK,0.38,6.9,-3.0,1.09,0.7,0.5
Mallorca_2024_QF_Mensik_Tabilo,MENSIK,0.52,6.2,-3.0,1.39,0.6,0.3
Miami_2024_Q_Mensik_Klein,MENSIK,0.51,5.7,-5.9,0.87,0.6,0.3
Miami_2024_Q_Mensik_Nardi,MENSIK,0.45,7.6,-7.1,1.19,0.6,0.4
Miami_2025_1st_Bautista-Agut_Mensik,MENSIK,0.35,6.3,-3.4,1.03,0.7,0.5
Miami_2025_R32_Safiullin_Mensik,MENSIK,0.43,5.4,-4.6,0.98,0.7,0.4
Miami_2025_R64_Mensik_Draper,MENSIK,0.4,4.7,-3.7,0.97,0.6,0.3
Miami_2025_SF_Mensik_Fritz,MENSIK,0.35,5.7,-4.9,0.93,0.7,0.4
Munich_2025_R32_Hanfmann_Mensik,MENSIK,0.35,5.0,-2.8,0.96,0.7,0.4
Newport_2024_R32_Mensik_Bolt,MENSIK,0.34,5.5,-4.0,1.22,0.5,0.3
Paris_2024_Q_Mensik_Lajovic,MENSIK,0.38,7.1,-4.9,0.87,0.6,0.4
Paris_2024_Q_Mensik_Moutet,MENSIK,0.35,6.8,-4.4,1.07,0.5,0.3
Rogers_cup_2024_Q_Mensik_Baadi,MENSIK,0.41,4.7,-7.3,1.02,0.5,0.3
Rogers_cup_2024_Q_Mensik_Coric,MENSIK,0.42,6.8,-5.3,0.93,0.6,0.3
Rome_2024_1st_Mensik_Hanfmann,MENSIK,0.52,8.6,-6.8,1.0,0.6,0.3
Rome_2025_R32_Mensik_Marozsan,MENSIK,0.34,4.9,-3.0,0.94,0.8,0.5
Rome_2025_R64_Mensik_Gigante,MENSIK,0.32,5.7,-3.6,0.92,0.7,0.4
Rotterdam_2025_R16_Mensik_de-Minaur,MENSIK,0.45,5.4,-3.4,1.02,0.8,0.5
Rotterdam_2025_R32_Bublik_Mensik,MENSIK,0.38,6.8,-3.3,0.98,0.7,0.4
Shanghai_2024_QF_Mensik_Djokovic,MENSIK,0.39,7.8,-4.7,0.92,0.6,0.3
Shanghai_2024_R16_Mensik_Dimitrov,MENSIK,0.42,7.3,-4.8,1.04,0.5,0.3
Shanghai_2024_R32_Mensik_Shevchenko,MENSIK,0.37,7.3,-4.8,0.89,0.6,0.3
Shanghai_2024_R64_Rublev_Mensik,MENSIK,0.43,8.0,-5.5,0.83,0.6,0.3
Umag_2024_QF_Mensik_Tseng,MENSIK,0.5,5.4,-4.4,1.1,0.6,0.4
Umag_2024_R16_Darderi_Mensik,MENSIK,0.39,7.2,-6.5,1.0,0.6,0.3
Umag_2024_R32_Mensik_Popyrin,MENSIK,0.54,7.3,-6.0,1.04,0.6,0.4
Umag_2024_SF_Mensik_Musetti,MENSIK,0.31,6.5,-5.9,0.8,0.5,0.3
Vienna_2024_QF_Mensik_de-Minaur,MENSIK,0.41,5.8,-4.2,0.93,0.6,0.3
Vienna_2024_Q_Mensik_Muller,MENSIK,0.32,7.1,-3.3,1.18,0.5,0.3
Vienna_2024_Q_Mensik_Ritschard,MENSIK,0.52,6.7,-5.3,0.96,0.6,0.3
Vienna_2024_R32_Popyrin_Mensik,MENSIK,0.42,6.2,-5.3,0.83,0.5,0.3
Halle_2025_R16_Sinner_Bublik,SINNER,0.34,6.9,-3.1,1.19,0.6,0.4
Halle_2025_R16_Shapovalov_Cobolli,COBOLLI,0.37,4.6,-3.2,0.87,0.6,0.4
Queens_2025_R16_Navarro_Haddad-Maia,HADDAD MAIA,0.4,5.1,-4.6,0.9,0.6,0.4
Queens_2025_R32_Kvitova_Haddad-Maia,HADDAD MAIA,0.46,5.1,-4.6,1.0,0.6,0.3
Eastbourne_2025_Q_Bellucci_Gengel,BELLUCCI,0.29,4.7,-3.4,0.92,0.7,0.5
Queens_2025_QF_Nakashima_Draper,NAKASHIMA,0.33,5.2,-1.9,1.04,0.7,0.5
Halle_2025_QF_Etcheverry_Khachanov,ETCHEVERRY,0.29,5.6,-1.9,0.88,0.6,0.4
Mallorca_2025_Q_Basavareddy_Van-de-zandschulp,BASAVAREDDY,0.36,5.4,-3.7,0.72,0.6,0.4
Mallorca_2025_Q_Crawford_Quinn,QUINN,0.36,6.0,-3.4,0.76,0.6,0.4
Eastbourne_2025_Q_O'Connell_Monday,O'CONNELL,0.34,5.1,-3.8,0.65,0.8,0.5
Eastbourne_2025_R32_Bergs_Fonseca,FONSECA,0.36,5.9,-3.3,0.78,0.7,0.5
Eastbourne_2025_R32_Bergs_Fonseca,BERGS,0.31,5.0,-3.0,0.94,0.6,0.4
Eastbourne_2025_Q_Bellucci_Tseng,BELLUCCI,0.15,5.7,-2.9,1.01,0.6,0.4
Eastbourne_2025_R32_Bellucci_Halys,BELLUCCI,0.34,3.7,-3.0,1.05,0.6,0.3
Mallorca_2025_Q_Navone_Basavareddy,BASAVAREDDY,0.35,5.0,-1.8,1.1,0.6,0.4
Mallorca_2025_R32_Basavareddy_Medjedovic,BASAVAREDDY,0.34,6.5,-2.8,1.08,0.8,0.5
Mallorca_2025_Q_Kopriva_Quinn,QUINN,0.35,6.6,-3.8,1.07,0.7,0.4
Mallorca_2025_R32_Ugo-carabelli_Quinn,QUINN,0.21,7.1,-3.2,1.94,0.6,0.4
Halle_2025_QF_Cobolli_Zverev,COBOLLI,0.27,4.3,-1.7,1.03,0.6,0.4
Queens_2025_R32_Rinderknech_Shelton,SHELTON,0.36,3.8,-3.2,0.58,0.6,0.4
Mallorca_2025_R16_Quinn_Griekspoor,QUINN,0.19,5.4,-2.0,1.15,0.5,0.3
Mallorca_2025_R32_Etcheverry_Bautista-agut,ETCHEVERRY,0.29,4.2,-2.1,0.93,0.7,0.4
Eastbourne_2025_R32_Fearnley_Cobolli,COBOLLI,0.34,2.7,-2.2,0.86,0.6,0.4
Eastbourne_2025_R32_Brooksby_Comesana,COMESANA,0.06,4.9,-2.3,1.34,0.4,0.2
Eastbourne_2025_R16_Mensik_Opelka,MENSIK,0.37,5.9,-4.6,1.01,0.8,0.4
Mallorca_2025_R16_Shelton_Tien,SHELTON,0.41,4.3,-5.0,0.69,0.7,0.3
Mallorca_2025_R16_Moutet_Altmaier,ALTMAIER,0.35,5.7,-2.4,1.1,0.7,0.4
Mallorca_2025_R32_Fognini_Altmaier,ALTMAIER,0.52,6.3,-3.4,1.07,0.6,0.4
Eastbourne_2025_R16_Evans_Paul,PAUL,0.38,3.9,-2.9,1.14,0.6,0.3
Eastbourne_2025_R16_Harris_Bellucci,BELLUCCI,0.31,5.4,-3.9,1.05,0.6,0.5
Eastbourne_2025_R16_Fritz_Fonseca,FONSECA,0.31,3.7,-3.0,0.83,0.6,0.4
Eastbourne_2025_QF_Mensik_Davidovich-Fokina,MENSIK,0.35,4.9,-2.3,1.32,0.7,0.5
Acapulco_2024_R32_Zverev_Altmaier,ZVEREV,0.39,4.8,-4.6,0.93,0.6,0.3
Acapulco_2025_R16_Zverev_Tien,ZVEREV,0.32,5.4,-3.7,0.95,0.7,0.5
Acapulco_2025_R32_Zverev_Arnaldi,ZVEREV,0.57,4.1,-3.5,0.72,0.7,0.4
Beijing_2023_QF_Zverev_Jarry,ZVEREV,0.37,5.2,-2.6,0.43,0.6,0.3
Beijing_2023_R16_Zverev_Davidovich-Fokina,ZVEREV,0.5,6.2,-5.3,0.92,0.6,0.4
Beijing_2023_R32_Zverev_Schwartzman,ZVEREV,0.48,4.5,-4.3,0.9,0.6,0.3
Beijing_2023_SF_Zverev_Medvedev,ZVEREV,0.42,6.5,-5.1,1.02,0.7,0.4
Buenos_Aires_2025_QF_Zverev_Cerundolo,ZVEREV,0.36,4.5,-3.7,0.93,0.7,0.4
Buenos_Aires_2025_R16_Zverev_Lajovic,ZVEREV,0.38,5.0,-3.9,0.99,0.8,0.5
Chengdu_2023_F_Zverev_Safiullin,ZVEREV,0.42,5.7,-5.7,0.91,0.6,0.3
Chengdu_2023_QF_Zverev_Kecmanovic,ZVEREV,0.42,6.7,-6.8,0.67,0.7,0.3
Chengdu_2023_R16_Zverev_Kotov,ZVEREV,0.68,3.6,-4.9,0.79,0.5,0.3
Chengdu_2023_SF_Zverev_Dimitrov,ZVEREV,0.88,-2.4,-5.0,0.04,0.5,0.2
Cincinnati_2023_QF_Mannarino_Zverev,ZVEREV,0.37,5.1,-4.6,0.89,0.5,0.3
Cincinnati_2023_R16_Zverev_Medvedev,ZVEREV,0.53,6.6,-5.8,0.97,0.7,0.4
Cincinnati_2023_R32_Zverev_Nishioka,ZVEREV,0.49,6.7,-5.1,0.97,0.7,0.4
Cincinnati_2023_R64_Zverev_Dimitrov,ZVEREV,0.44,7.1,-6.6,0.91,0.7,0.4
Cincinnati_2023_SF_Zverev_Djokovic,ZVEREV,0.45,6.6,-5.2,0.93,0.6,0.3
Cincinnati_2024_QF_Zverev_Shelton,ZVEREV,0.5,6.3,-4.7,0.97,0.7,0.4
Cincinnati_2024_R16_Zverev_Carreno-Busta,ZVEREV,0.49,5.1,-4.4,0.81,0.7,0.4
Cincinnati_2024_R32_Zverev_Khachanov,ZVEREV,0.46,6.5,-3.7,0.68,0.5,0.3
Cincinnati_2024_SF_Sinner_Zverev,ZVEREV,0.35,6.4,-4.2,0.85,0.6,0.4
Doha_2023_R16_Zverev_Murray,ZVEREV,0.58,5.2,-4.7,0.87,0.6,0.4
Dubai_2023_QF_Zverev_Sonego,ZVEREV,0.41,5.9,-6.3,1.05,0.6,0.4
Dubai_2023_R16_Zverev_O'Connell,ZVEREV,0.48,6.2,-6.1,0.91,0.6,0.3
Dubai_2023_R32_Zverev_Lehecka,ZVEREV,0.47,5.7,-4.5,0.88,0.6,0.3
Dubai_2023_SF_Zverev_Rublev,ZVEREV,0.51,4.9,-6.7,1.07,0.6,0.3
Halle_2023_QF_Zverev_Jarry,ZVEREV,0.39,5.2,-3.4,1.04,0.5,0.3
Halle_2023_R16_Zverev_Shapovalov,ZVEREV,0.4,5.7,-3.6,1.09,0.6,0.4
Halle_2023_R32_Zverev_Thiem,ZVEREV,0.34,8.7,-5.9,1.1,0.6,0.4
Halle_2023_SF_Bublik_Zverev,ZVEREV,0.51,3.8,-5.0,0.79,0.4,0.2
Halle_2025_QF_Cobolli_Zverev,ZVEREV,0.35,4.0,-4.2,0.72,0.7,0.4
Halle_2025_R16_Sonego_Zverev,ZVEREV,0.42,5.3,-2.8,1.13,0.6,0.4
Halle_2025_R32_Giron_Zverev,ZVEREV,0.43,6.2,-5.0,0.87,0.7,0.4
Halle_2025_SF_Medvedev_Zverev,ZVEREV,0.31,5.3,-3.6,0.89,0.7,0.5
Hamburg_2024_F_Zverev_Fils,ZVEREV,0.33,6.9,-5.5,0.84,0.6,0.3
Hamburg_2024_QF_Zverev_Zhang,ZVEREV,0.32,7.2,-6.5,0.79,0.6,0.4
Hamburg_2024_R16_Zverev_Gaston,ZVEREV,0.42,6.7,-6.1,0.96,0.6,0.4
Hamburg_2024_R32_Zverev_de-Jong,ZVEREV,0.36,6.3,-6.0,0.92,0.6,0.4
Hamburg_2024_SF_Zverev_Martinez,ZVEREV,0.38,6.9,-6.8,0.92,0.5,0.3
Hamburg_2025_R16_Zverev_Muller,ZVEREV,0.29,6.5,-3.1,1.0,0.6,0.4
Hamburg_2025_R32_Zverev_Kovacevic,ZVEREV,0.32,5.5,-3.6,1.09,0.6,0.4
Indian_Wells_2023_R16_Medvedev_Zverev,ZVEREV,0.44,5.3,-5.6,1.03,0.5,0.3
Indian_Wells_2023_R32_Ruusuvuori_Zverev,ZVEREV,0.43,5.5,-4.1,0.88,0.7,0.4
Indian_Wells_2023_R64_Cachin_Zverev,ZVEREV,0.48,8.6,-6.0,1.02,0.7,0.4
Indian_Wells_2024_QF_Zverev_Alcaraz,ZVEREV,0.4,6.1,-4.6,1.08,0.7,0.4
Indian_Wells_2024_R16_Zverev_de-Minaur,ZVEREV,0.41,7.2,-5.1,0.88,0.6,0.4
Indian_Wells_2024_R32_Zverev_Griekspoor,ZVEREV,0.38,7.6,-4.1,1.23,0.6,0.3
Indian_Wells_2024_R64_Zverev_O'Connell,ZVEREV,0.49,5.6,-5.2,1.06,0.5,0.3
Indian_Wells_2025_R64_Zverev_Griekspoor,ZVEREV,0.33,5.0,-3.7,0.97,0.7,0.4
Los_Cabos_2024_QF_Zverev_Kokkinakis,ZVEREV,0.46,6.5,-4.8,1.07,0.6,0.3
Los_Cabos_2024_R16_Zverev_Nishioka,ZVEREV,0.51,6.2,-5.3,0.96,0.7,0.4
Los_Cabos_2024_SF_Zverev_Thompson,ZVEREV,0.51,6.3,-5.0,0.99,0.6,0.3
Madrid_2023_R16_Alcaraz_Zverev,ZVEREV,0.34,5.5,-5.4,0.76,0.6,0.4
Madrid_2023_R32_Grenier_Zverev,ZVEREV,0.5,7.3,-6.0,0.78,0.6,0.3
Madrid_2023_R64_Carballes-Baena_Zverev,ZVEREV,0.29,7.0,-7.6,0.87,0.6,0.4
Madrid_2024_R16_Cerundolo_Zverev,ZVEREV,0.46,6.8,-5.5,1.02,0.6,0.3
Madrid_2024_R32_Shapovalov_Zverev,ZVEREV,0.41,6.4,-5.3,0.97,0.6,0.3
Madrid_2024_R64_Coric_Zverev,ZVEREV,0.37,7.3,-6.0,0.95,0.6,0.3
Madrid_2025_R16_Zverev_Cerundolo,ZVEREV,0.3,4.3,-3.1,0.61,0.9,0.5
Madrid_2025_R32_Zverev_Davidovich-Fokina,ZVEREV,0.32,4.4,-3.2,1.11,0.7,0.4
Madrid_2025_R64_Zverev_Bautista-Agut,ZVEREV,0.22,4.1,-1.9,0.85,0.5,0.4
Miami_2023_R64_Daniel_Zverev,ZVEREV,0.42,6.6,-4.7,0.88,0.7,0.5
Miami_2024_QF_Zverev_Marozsan,ZVEREV,0.45,7.5,-5.0,1.08,0.6,0.4
Miami_2024_R16_Zverev_Khachanov,ZVEREV,0.36,6.3,-3.6,1.02,0.5,0.3
Miami_2024_R32_Zverev_Eubanks,ZVEREV,0.37,8.4,-4.3,1.05,0.6,0.4
Miami_2024_R64_Zverev_Auger-Aliassime,ZVEREV,0.48,6.6,-2.3,1.18,0.7,0.5
Miami_2024_SF_Dimitrov_Zverev,ZVEREV,0.36,6.5,-4.2,1.04,0.6,0.4
Miami_2025_R16_Zverev_Fils,ZVEREV,0.31,4.5,-2.9,0.77,0.8,0.5
Miami_2025_R32_Zverev_Thompson,ZVEREV,0.29,4.8,-2.9,0.93,0.7,0.4
Miami_2025_R64_Zverev_Fearnley,ZVEREV,0.29,5.7,-3.1,0.91,0.7,0.5
Monte_Carlo_2023_R16_Medvedev_Zverev,ZVEREV,0.43,5.2,-4.5,0.98,0.7,0.4
Monte_Carlo_2023_R32_Bautista-Agut_Zverev,ZVEREV,0.43,4.9,-5.6,0.78,0.7,0.4
Monte_Carlo_2023_R64_Bublik_Zverev,ZVEREV,0.54,3.1,-5.7,1.44,0.5,0.3
Monte_Carlo_2024_R16_Zverev_Tsitsipas,ZVEREV,0.39,5.7,-5.9,0.85,0.6,0.3
Monte_Carlo_2024_R32_Zverev_Ofner,ZVEREV,0.43,6.3,-5.7,0.8,0.5,0.3
Monte_Carlo_2025_R32_Zverev_Berrettini,ZVEREV,0.3,5.0,-3.1,1.05,0.7,0.5
Munich_2025_F_Zverev_Shelton,ZVEREV,0.3,5.5,-2.9,1.21,0.6,0.4
Munich_2025_QF_Zverev_Griekspoor,ZVEREV,0.37,4.4,-3.4,0.99,0.6,0.4
Munich_2025_R16_Zverev_Altmaier,ZVEREV,0.33,3.2,-2.0,1.02,0.5,0.3
Munich_2025_R32_Zverev_Muller,ZVEREV,0.26,5.1,-4.1,0.87,0.6,0.4
Munich_2025_SF_Zverev_Marozsan,ZVEREV,0.34,6.3,-3.7,1.19,0.7,0.4
Paris_2023_R16_Tsitsipas_Zverev,ZVEREV,0.41,6.0,-5.0,0.9,0.6,0.3
Paris_2023_R32_Humbert_Zverev,ZVEREV,0.36,7.0,-5.1,0.83,0.6,0.3
Paris_2023_R64_Fucsovics_Zverev,ZVEREV,0.41,6.4,-5.8,0.75,0.6,0.3
Paris_2024_F_Zverev_Humbert,ZVEREV,0.36,6.8,-5.8,0.77,0.6,0.4
Paris_2024_QF_Zverev_Tsitsipas,ZVEREV,0.41,7.5,-6.0,0.91,0.6,0.4
Paris_2024_R16_Zverev_Fils,ZVEREV,0.4,7.3,-4.8,1.03,0.6,0.4
Paris_2024_R32_Zverev_Griekspoor,ZVEREV,0.41,5.9,-6.1,1.02,0.6,0.3
Paris_2024_SF_Rune_Zverev,ZVEREV,0.39,8.3,-3.6,1.16,0.5,0.2
Rio_de_Janeiro_2025_QF_Zverev_Comesana,ZVEREV,0.38,4.4,-2.8,1.08,0.6,0.4
Rio_de_Janeiro_2025_R16_Zverev_Shevchenko,ZVEREV,0.29,5.0,-2.5,1.02,0.7,0.5
Rio_de_Janeiro_2025_R32_Zverev_Bu,ZVEREV,0.28,4.5,-2.6,0.95,0.8,0.5
Rogers_cup_2024_QF_Korda_Zverev,ZVEREV,0.39,7.0,-5.1,0.87,0.6,0.3
Rogers_cup_2024_R16_Rune_Zverev,ZVEREV,0.63,7.3,-4.6,1.09,0.6,0.3
Rogers_cup_2024_R32_Thompson_Zverev,ZVEREV,0.44,6.0,-4.9,0.78,0.6,0.3
Rome_2023_R16_Zverev_Medvedev,ZVEREV,0.52,5.4,-5.3,0.95,0.5,0.3
Rome_2023_R32_Wolf_Zverev,ZVEREV,0.36,6.2,-5.4,0.79,0.6,0.4
Rome_2023_R64_Goffin_Zverev,ZVEREV,0.28,6.7,-5.5,0.81,0.5,0.3
Rome_2024_F_Zverev_Jarry,ZVEREV,0.62,4.7,-7.6,1.18,0.5,0.3
Rome_2024_QF_Zverev_Fritz,ZVEREV,0.29,7.2,-5.2,1.22,0.6,0.4
Rome_2024_R16_Zverev_Borges,ZVEREV,0.43,5.5,-6.4,0.75,0.6,0.3
Rome_2024_R32_Zverev_Darderi,ZVEREV,0.47,7.2,-5.6,0.97,0.7,0.4
Rome_2024_R64_Zverev_Vukic,ZVEREV,0.48,4.8,-6.8,0.87,0.6,0.4
Rome_2024_SF_Tabilo_Zverev,ZVEREV,0.43,6.1,-4.8,0.86,0.6,0.4
Rome_2025_QF_Musetti_Zverev,ZVEREV,0.32,3.7,-3.1,0.78,0.6,0.4
Rome_2025_R16_Fils_Zverev,ZVEREV,0.37,5.2,-4.1,0.96,0.6,0.4
Rome_2025_R32_Gaubas_Zverev,ZVEREV,0.36,4.7,-3.2,0.91,0.7,0.4
Rome_2025_R64_Ugo-Carabelli_Zverev,ZVEREV,0.31,4.5,-4.3,1.07,0.8,0.5
Rotterdam_2023_R16_Griekspoor_Zverev,ZVEREV,0.48,4.5,-5.8,0.9,0.5,0.3
Rotterdam_2023_R32_Kwon_Zverev,ZVEREV,0.42,6.7,-2.9,1.17,0.6,0.3
Shanghai_2023_R64_Safiullin_Zverev,ZVEREV,0.36,3.4,-4.1,1.26,0.4,0.2
Shanghai_2024_R16_Goffin_Zverev,ZVEREV,0.42,5.3,-5.9,0.9,0.5,0.3
Shanghai_2024_R32_Griekspoor_Zverev,ZVEREV,0.44,4.8,-5.0,0.97,0.5,0.3
Shanghai_2024_R64_Bellucci_Zverev,ZVEREV,0.43,4.5,-4.3,0.83,0.7,0.4
Stuttgart_2025_F_Zverev_Fritz,ZVEREV,0.33,5.3,-3.7,1.08,0.8,0.5
Stuttgart_2025_QF_Zverev_Nakashima,ZVEREV,0.16,4.2,-1.1,0.76,0.6,0.4
Stuttgart_2025_R16_Zverev_Moutet,ZVEREV,0.39,5.5,-3.2,1.21,0.7,0.4
Stuttgart_2025_SF_Zverev_Shelton,ZVEREV,0.33,4.6,-2.6,0.76,0.7,0.4
Toronto_2023_R32_Zverev_Davidovich-Fokina,ZVEREV,0.5,5.9,-6.1,0.84,0.7,0.3
Toronto_2023_R64_Zverev_Griekspoor,ZVEREV,0.45,4.7,-6.0,0.89,0.5,0.3
Turin_2023_RR_Alcaraz_Zverev,ZVEREV,0.51,5.6,-6.5,0.82,0.6,0.3
Turin_2023_RR_Medvedev_Zverev,ZVEREV,0.46,6.6,-5.7,0.94,0.5,0.3
Turin_2023_RR_Rublev_Zverev,ZVEREV,0.45,7.2,-6.5,0.82,0.5,0.2
Turin_2024_RR_Zverev_Alcaraz,ZVEREV,0.44,4.5,-4.6,0.99,0.5,0.3
Turin_2024_RR_Zverev_Rublev,ZVEREV,0.5,4.1,-5.1,0.85,0.6,0.3
Turin_2024_RR_Zverev_Ruud,ZVEREV,0.43,5.0,-4.7,0.96,0.6,0.3
Turin_2024_SF_Zverev_Fritz,ZVEREV,0.42,5.9,-3.1,0.92,0.6,0.4
Vienna_2023_QF_Zverev_Rublev,ZVEREV,0.45,6.9,-5.0,1.02,0.6,0.3
Vienna_2023_R16_Zverev_Norrie,ZVEREV,0.54,6.8,-5.0,1.2,0.7,0.4
Vienna_2023_R32_Zverev_Ofner,ZVEREV,0.59,5.9,-4.9,1.03,0.6,0.3
Vienna_2024_QF_Zverev_Musetti,ZVEREV,0.48,4.4,-4.6,0.92,0.6,0.3
Vienna_2024_R16_Zverev_Giron,ZVEREV,0.42,6.8,-4.7,0.88,0.7,0.5
Vienna_2024_R32_Zverev_Schwaerzler,ZVEREV,0.61,4.8,-4.3,0.85,0.6,0.3
Wimbledon_2025_1st_Haddad-Maia_Sramkova,HADDAD MAIA,0.41,5.2,-4.6,1.03,0.6,0.4
Wimbledon_2025_1st_Gaston_Mensik,MENSIK,0.37,6.8,-6.1,0.91,0.5,0.3
Wimbledon_2025_1st_Kvitova_Navarro,NAVARRO,0.25,6.2,-3.2,0.98,0.6,0.4
Wimbledon_2025_1st_Swiatek_Kudermetova,SWIATEK,0.4,6.9,-4.2,1.02,0.5,0.3
Wimbledon_2025_1st_Sinner_Nardi,SINNER,0.47,7.7,-5.2,0.93,0.5,0.4
Wimbledon_2025_R64_Haddad-Maia_Galfi,HADDAD MAIA,0.47,8.3,-7.4,1.06,0.6,0.3
Wimbledon_2025_R32_Sinner_Martinez,SINNER,0.34,5.4,-5.1,0.72,0.6,0.4
Wimbledon_2025_R64_Sinner_Vukic,SINNER,0.57,4.4,-3.1,0.81,0.6,0.4
Wimbledon_2025_R32_Cobolli_Mensik,MENSIK,0.45,5.1,-4.0,0.63,0.5,0.3
Wimbledon_2025_R64_Giron_Mensik,MENSIK,0.35,6.8,-4.9,0.84,0.6,0.4
Wimbledon_2025_R16_Andreeva_Navarro,NAVARRO,0.43,5.7,-4.4,1.24,0.6,0.3
Wimbledon_2025_R32_Krejcikova_Navarro,NAVARRO,0.4,5.8,-4.7,0.99,0.6,0.4
Wimbledon_2025_R64_Kudermetova_Navarro,NAVARRO,0.43,6.6,-4.8,0.89,0.7,0.4
Wimbledon_2025_R16_Swiatek_Tauson,SWIATEK,0.45,3.5,-4.3,0.82,0.6,0.3
Wimbledon_2025_R32_Swiatek_Collins,SWIATEK,0.39,5.5,-4.4,0.95,0.7,0.4
Wimbledon_2025_R64_Swiatek_Mcnally,SWIATEK,0.5,5.6,-3.9,1.07,0.7,0.4
Wimbledon_2025_R16_Sinner_Dimitrov,SINNER,0.31,5.3,-4.1,0.87,0.4,0.3
Wimbledon_2025_R16_Andreeva_Navarro,ANDREEVA,0.4,6.0,-4.9,0.93,0.6,0.3
Wimbledon_2025_QF_Sinner_Shelton,SINNER,0.41,5.0,-3.8,0.92,0.5,0.3
Wimbledon_2025_QF_Sinner_Shelton,SHELTON,0.47,5.3,-5.2,1.01,0.6,0.4
Wimbledon_2025_QF_Swiatek_Samsonova,SWIATEK,0.43,5.1,-4.6,1.1,0.6,0.3
Wimbledon_2025_SF_Bencic_Swiatek,SWIATEK,0.47,6.5,-4.6,0.98,0.6,0.3
Wimbledon_2025_SF_Sinner_Djokovic,SINNER,0.34,6.8,-4.6,1.21,0.5,0.3
Wimbledon_2025_F_Sinner_Alcaraz,SINNER,0.42,5.3,-5.1,0.85,0.5,0.3
Gstaad_2025_R16_Cazaux_Etcheverry,ETCHEVERRY,0.3,5.3,-2.2,0.94,0.6,0.4
Kitzbuhel_2025_R32_Misolic_Etcheverry,ETCHEVERRY,0.38,5.8,-4.2,0.96,0.6,0.4
Washington_2025_R32_Cobolli_Nishioka,COBOLLI,0.18,4.1,-3.6,0.78,0.7,0.4
Washington_2025_R64_Evans_Bergs,BERGS,0.32,5.7,-3.6,0.82,0.8,0.5
Washington_2025_R64_Svajda_Kecmanovic,KECMANOVIC,0.38,4.2,-2.0,0.92,0.8,0.5
Washington_2025_R32_Nakashima_Quinn,QUINN,0.22,5.6,-1.7,1.02,0.6,0.4
Washington_2025_R64_Quinn_O'Connell,QUINN,0.24,3.9,-3.5,0.76,0.7,0.5

Washington_2025_R32_Nakashima_Quinn,NAKASHIMA,0.4,5.8,-3.6,1.11,0.7,0.5
Bastad_2025_Q_Seyboth-wild_Budkov-kjaer,SEYBOTH WILD,0.32,4.2,-3.6,0.72,0.6,0.3
Kitzbuhel_2025_R16_Bautista-agut_Seyboth-wild,SEYBOTH WILD,0.41,4.0,-3.2,1.01,0.6,0.3
Kitzbuhel_2025_R32_Seyboth-wild_Engel,SEYBOTH WILD,0.46,3.8,-2.7,0.86,0.7,0.4
Washington_2025_R64_Quinn_O'Connell,O'CONNELL,0.32,5.4,-2.5,0.94,0.7,0.5
Washington_2025_R64_Arnaldi_Altmaier,ALTMAIER,0.28,3.3,-4.3,1.04,0.6,0.4
Gstaad_2025_Q_Buse_Zahraj,BUSE,0.34,5.6,-5.1,1.19,0.5,0.3
Gstaad_2025_R16_Majchrzak_Buse,BUSE,0.27,6.2,-1.9,1.02,0.7,0.5
Gstaad_2025_R32_Buse_Djere,BUSE,0.33,5.8,-3.5,1.04,0.6,0.4
Gstaad_2025_SF_Cerundolo_Buse,BUSE,0.36,4.4,-3.2,0.95,0.7,0.5
Kitzbuhel_2025_R32_Cazaux_Buse,BUSE,0.39,4.6,-3.2,0.84,0.7,0.5
Bastad_2025_QF_Baez_Darderi,BAEZ,1.09,6.0,-3.5,0.96,0.7,0.4
Bastad_2025_R16_Baez_Budkov-kjaer,BAEZ,0.27,4.9,-3.2,0.91,0.6,0.4
Kitzbuhel_2025_R16_Hanfmann_Baez,BAEZ,0.25,5.5,-3.3,0.77,0.7,0.4
Gstaad_2025_QF_Comesana_Bublik,COMESANA,0.32,1.6,-5.0,0.57,0.3,0.2
Gstaad_2025_R16_Comesana_Carballes-baena,COMESANA,0.38,4.9,-2.0,1.02,0.7,0.5
Gstaad_2025_R32_Comesana_Trungelliti,COMESANA,0.32,6.5,-4.0,0.89,0.7,0.5
Kitzbuhel_2025_R16_Comesana_Cazaux,COMESANA,0.41,6.4,-3.9,0.99,0.8,0.4
Kitzbuhel_2025_R32_Comesana_Boyer,COMESANA,0.13,4.5,-6.8,0.74,0.4,0.3
Washington_2025_R16_Nakashima_Norrie,NAKASHIMA,0.37,4.5,-3.6,0.98,0.8,0.5
Kitzbuhel_2025_QF_Seyboth-wild_Van-de-zandschulp,SEYBOTH WILD,0.25,5.6,-2.2,1.22,0.6,0.5
Washington_2025_R16_Cobolli_Tiafoe,COBOLLI,0.39,5.2,-4.9,0.94,0.5,0.3
Washington_2025_R16_Raducanu_Osaka,OSAKA,0.46,5.3,-5.4,0.9,0.6,0.3
Washington_2025_R32_Osaka_Putintseva,OSAKA,0.55,5.0,-5.7,0.83,0.6,0.4
Washington_2025_R16_Sakkari_Navarro,NAVARRO,0.4,5.4,-5.1,0.9,0.6,0.4
Wimbledon_2025_R32_Nakashima_Sonego,NAKASHIMA,0.46,5.8,-5.0,1.04,0.6,0.3
Washington_2025_QF_de-Minaur_Nakashima,NAKASHIMA,0.28,4.7,-1.9,0.87,0.9,0.6
Rogers_cup_2025_1st_Herbert_Etcheverry,ETCHEVERRY,0.4,6.6,-3.6,1.12,0.7,0.4
Rogers_cup_2025_1st_Nava_Bergs,BERGS,,,,,,
Rogers_cup_2025_1st_Kecmanovic_Halys,KECMANOVIC,0.55,3.6,-3.3,1.03,0.7,0.4
Rogers_cup_2025_Q_Blockx_Ajdukovic,BLOCKX,0.24,6.0,-2.4,1.34,0.5,0.4
Los-Cabos_2025_R16_Altmaier_Schoolkate,ALTMAIER,0.4,3.9,-3.1,0.96,0.6,0.3
Rogers_cup_2025_1st_Watanuki_Altmaier,ALTMAIER,0.02,5.7,-2.3,1.28,0.4,0.2
Rogers_cup_2025_1st_Comesana_Dzumhur,COMESANA,0.24,3.9,-5.4,0.87,0.5,0.3
Rogers_cup_2025_1st_O'Connell_Tseng,O'CONNELL,0.33,7.0,-1.9,1.26,0.7,0.5
Rogers_cup_2025_1st_Blockx_Svrcina,BLOCKX,0.4,5.6,-3.2,1.31,0.7,0.5
Rogers_cup_2025_1st_Quinn_Nishioka,QUINN,0.36,4.4,-2.8,0.88,0.7,0.4
Rogers_cup_2025_1st_Bellucci_Gaston,BELLUCCI,0.42,5.7,-4.1,1.06,0.7,0.4
Acapulco_2025_Q_Bellucci_Diallo,BELLUCCI,0.34,5.6,-3.7,0.9,0.7,0.4
Atlanta_2024_QF_Rinderknech_Bellucci,BELLUCCI,0.36,6.4,-4.8,0.95,0.6,0.4
Atlanta_2024_Q_Walton_Bellucci,BELLUCCI,0.5,6.4,-4.9,0.91,0.7,0.4
Atlanta_2024_Q_Yevseyev_Bellucci,BELLUCCI,0.45,4.2,-5.1,1.36,0.5,0.3
Atlanta_2024_R16_Bellucci_Mannarino,BELLUCCI,0.38,6.3,-5.0,0.86,0.6,0.4
Atlanta_2024_R32_Bellucci_Vukic,BELLUCCI,0.4,7.2,-6.3,1.09,0.6,0.4
Barcelona_2025_Q_Bellucci_Coric,BELLUCCI,0.3,5.1,-3.4,0.82,0.7,0.4
Indian_Wells_2025_Q_Bellucci_Watanuki,BELLUCCI,0.39,4.5,-3.1,0.73,0.7,0.4
Madrid_2025_1st_Dzumhur_Bellucci,BELLUCCI,0.3,4.3,-3.4,0.96,0.8,0.5
Marrakech_2025_QF_Griekspoor_Bellucci,BELLUCCI,0.34,5.2,-3.5,1.02,0.7,0.4
Marrakech_2025_R16_Herbert_Bellucci,BELLUCCI,0.4,4.3,-2.1,0.91,0.7,0.5
Marrakech_2025_R32_Kotov_Bellucci,BELLUCCI,0.36,4.3,-3.1,0.92,0.7,0.5
Miami_2025_1st_Tseng_Bellucci,BELLUCCI,0.4,4.6,-3.4,0.94,0.8,0.5
Monte_Carlo_2025_Q_Marozsan_Bellucci,BELLUCCI,0.37,4.2,-3.1,0.79,0.7,0.5
Monte_Carlo_2025_Q_Norrie_Bellucci,BELLUCCI,0.35,4.1,-3.5,0.86,0.8,0.5
Montpellier_2025_R16_Bellucci_Kovacevic,BELLUCCI,0.4,5.2,-4.4,1.0,0.8,0.5
Montpellier_2025_R32_Bellucci_Pouille,BELLUCCI,0.34,5.0,-3.4,0.85,0.7,0.4
Rome_2025_1st_Bellucci_Martinez,BELLUCCI,0.4,4.3,-3.3,0.87,0.8,0.5
Rotterdam_2025_Q_Bellucci_Boogaard,BELLUCCI,0.37,4.9,-3.5,0.95,0.8,0.5
Rotterdam_2025_Q_Bellucci_Brouwer,BELLUCCI,0.36,5.0,-4.0,0.76,0.8,0.5
Rotterdam_2025_R16_Bellucci_Medvedev,BELLUCCI,0.34,5.2,-3.8,1.08,0.7,0.4
Rotterdam_2025_R32_Bellucci_Rottgering,BELLUCCI,0.3,4.3,-3.3,0.98,0.8,0.5
Rotterdam_2025_SF_de-Minaur_Bellucci,BELLUCCI,0.36,4.4,-3.6,0.76,0.8,0.5
Shanghai_2024_1st_Bellucci_Harris,BELLUCCI,0.39,5.9,-4.7,0.87,0.6,0.4
Shanghai_2024_Q_Bellucci_Karatsev,BELLUCCI,0.61,7.8,-4.7,1.08,0.7,0.4
Shanghai_2024_Q_Bellucci_Shimizu,BELLUCCI,0.46,6.5,-5.2,1.11,0.7,0.4
Tokyo_2024_Q_Bellucci_Hijikata,BELLUCCI,0.46,5.8,-5.8,0.89,0.6,0.3
Tokyo_2024_Q_Muller_Bellucci,BELLUCCI,0.51,6.0,-5.3,0.96,0.6,0.4
Tokyo_2024_R32_Draper_Bellucci,BELLUCCI,0.41,5.4,-5.4,1.01,0.6,0.3
Washington_2024_Q_Boyer_Bellucci,BELLUCCI,0.47,6.6,-5.6,0.98,0.6,0.4
Washington_2024_Q_Riedi_Bellucci,BELLUCCI,0.4,6.2,-5.3,1.02,0.6,0.3
Washington_2024_R32_Michelsen_Bellucci,BELLUCCI,0.44,6.7,-5.1,0.93,0.6,0.4
Washington_2024_R64_Bellucci_McDonald,BELLUCCI,0.41,5.6,-4.8,0.92,0.6,0.3
Rogers_cup_2025_R64_Muller_Kecmanovic,KECMANOVIC,0.37,3.6,-3.0,0.78,0.7,0.4
Rogers_cup_2025_1st_Schoolkate_Fonseca,FONSECA,0.29,4.3,-2.8,0.83,0.9,0.6
Rogers_cup_2025_R64_Zverev_Walton,ZVEREV,0.31,5.2,-4.9,1.29,0.6,0.4
Rogers_cup_2025_R64_Griekspoor_Etcheverry,ETCHEVERRY,0.36,5.7,-2.6,1.07,0.7,0.5
Rogers_cup_2025_R64_Marino_Navarro,NAVARRO,0.33,4.9,-2.5,0.9,0.7,0.5
Rogers_cup_2025_1st_Arseneault_Osaka,OSAKA,0.8,4.3,-2.9,0.86,0.6,0.4
Rogers_cup_2025_R64_Samsonova_Osaka,OSAKA,0.29,4.9,-2.3,0.95,0.7,0.5
Rogers_cup_2025_R64_Gauff_Collins,GAUFF,0.22,4.4,-2.0,1.08,0.6,0.4
Rogers_cup_2025_R64_Lamens_Haddad-Maia,HADDAD MAIA,0.34,4.0,-3.1,0.78,0.7,0.4
Rogers_cup_2025_R64_Boyer_Mensik,MENSIK,0.33,4.0,-3.4,1.08,0.6,0.4
Rogers_cup_2025_R64_Cobolli_Galarneau,COBOLLI,0.25,4.6,-3.5,0.9,0.6,0.4
Rogers_cup_2025_R64_Comesana_de-Minaur,COMESANA,0.42,6.4,-4.3,1.0,0.8,0.6
Rogers_cup_2025_R64_Fils_Carreno-Busta,FILS,0.43,4.7,-4.3,1.04,0.7,0.4
Rogers_cup_2025_R64_Nakashima_Quinn,NAKASHIMA,0.37,5.1,-2.9,0.81,0.8,0.5
Rogers_cup_2025_R64_Nakashima_Quinn,QUINN,0.31,4.2,-3.1,0.74,0.9,0.6
Rogers_cup_2025_R64_Tsitsipas_O'Connell,TSITSIPAS,0.35,6.7,-2.7,1.25,0.7,0.4
Rogers_cup_2025_R64_Tsitsipas_O'Connell,O'CONNELL,0.02,6.4,0.2,1.7,0.4,0.2
Rogers_cup_2025_R32_Yastremska_Navarro,NAVARRO,0.37,3.5,-1.8,0.91,0.8,0.5
Rogers_cup_2025_R32_Gauff_Kudermetova,GAUFF,0.32,3.8,-3.0,0.71,0.7,0.4
Rogers_cup_2025_R32_Zverev_Arnaldi,ZVEREV,0.3,4.3,-2.8,1.08,0.6,0.4
Rogers_cup_2025_R32_Etcheverry_Cerundolo,ETCHEVERRY,0.34,5.7,-4.6,0.88,0.7,0.5
Rogers_cup_2025_R32_Fils_Lehecka,FILS,0.43,6.2,-3.5,1.06,0.7,0.4
Rogers_cup_2025_1st_Marozsan_Dellien,MAROZSAN,0.22,6.4,-0.8,1.16,0.7,0.5
Rogers_cup_2025_R32_Cobolli_Marozsan,MAROZSAN,0.31,5.7,-2.6,0.98,0.7,0.5
Rogers_cup_2025_R64_Marozsan_Auger-Aliassime,MAROZSAN,0.31,6.0,-2.6,0.94,0.8,0.5
Rogers_cup_2025_R32_Cobolli_Marozsan,COBOLLI,0.41,4.0,-3.9,0.42,0.8,0.4
Rogers_cup_2025_R32_Nakashima_Shelton,NAKASHIMA,0.35,4.7,-2.6,1.14,0.7,0.5
Rogers_cup_2025_R32_Nakashima_Shelton,SHELTON,0.37,4.7,-3.3,0.96,0.7,0.5
Rogers_cup_2025_R32_Davidovich-Fokina_Mensik,MENSIK,0.28,5.0,-2.5,0.87,0.7,0.5
Rogers_cup_2025_R32_Osaka_Ostapenko,OSAKA,0.33,5.6,-4.1,1.02,0.7,0.5
Rogers_cup_2025_R16_Gauff_Mboko,GAUFF,0.53,3.9,-1.6,1.26,0.7,0.4
Rogers_cup_2025_R32_Lys_Swiatek,SWIATEK,0.46,5.0,-6.2,0.02,0.7,0.2
Rogers_cup_2025_R64_Guo_Swiatek,SWIATEK,0.35,2.3,-3.9,0.44,0.5,0.3
Rogers_cup_2025_R16_Tauson_Swiatek,SWIATEK,0.32,7.3,-1.1,1.1,0.6,0.5
Rogers_cup_2025_R16_Osaka_Sevastova,OSAKA,0.3,5.3,-0.3,1.04,0.6,0.4
Doha_2025_R16_Marozsan_Lehecka,MAROZSAN,0.34,3.6,-3.7,0.26,0.6,0.3
Doha_2025_R32_Marozsan_Dougaz,MAROZSAN,0.35,6.6,-5.6,0.97,0.7,0.5
Dubai_2025_R32_Marozsan_Bautista-Agut,MAROZSAN,0.36,5.2,-3.9,0.86,0.7,0.4
Eastbourne_2025_R32_Marozsan_Sonego,MAROZSAN,0.28,4.0,-2.2,1.17,0.7,0.4
Geneva_2025_R16_Arnaldi_Marozsan,MAROZSAN,0.32,4.5,-4.0,1.04,0.6,0.4
Geneva_2025_R32_Sell_Marozsan,MAROZSAN,0.42,3.4,-3.8,0.02,1.0,0.6
Halle_2025_R16_Marozsan_Machac,MAROZSAN,0.36,4.8,-3.4,0.93,0.6,0.4
Hong_Kong_2025_QF_Marozsan_Shang,MAROZSAN,0.37,5.4,-3.6,0.96,0.7,0.5
Hong_Kong_2025_R16_Rublev_Marozsan,MAROZSAN,0.4,5.6,-4.5,0.87,0.7,0.4
Hong_Kong_2025_R32_Safiullin_Marozsan,MAROZSAN,0.45,4.9,-4.3,0.77,0.8,0.4
Indian_Wells_2025_1st_Marozsan_Martinez,MAROZSAN,0.32,5.0,-1.6,0.91,0.7,0.5
Indian_Wells_2025_R64_Marozsan_Mpetshi-Perricard,MAROZSAN,0.47,3.7,-2.8,0.97,0.9,0.6
Madrid_2025_1st_Marozsan_Cobolli,MAROZSAN,0.34,5.0,-4.1,0.95,0.7,0.4
Miami_2025_1st_Monfils_Marozsan,MAROZSAN,0.33,3.8,-2.1,1.2,0.6,0.4
Monte_Carlo_2025_Q_Bergs_Marozsan,MAROZSAN,0.32,7.7,-3.0,0.98,0.7,0.5
Monte_Carlo_2025_Q_Marozsan_Bellucci,MAROZSAN,0.44,2.3,-2.8,0.85,0.7,0.4
Monte_Carlo_2025_R64_Monfils_Marozsan,MAROZSAN,0.37,5.0,-3.3,1.21,0.8,0.5
Munich_2025_QF_Marozsan_Bergs,MAROZSAN,0.36,5.6,-4.3,0.98,0.7,0.4
Munich_2025_R16_Humbert_Marozsan,MAROZSAN,0.35,5.3,-4.2,0.8,0.6,0.4
Munich_2025_R32_Engel_Marozsan,MAROZSAN,0.33,5.9,-4.2,0.84,0.7,0.4
Munich_2025_SF_Zverev_Marozsan,MAROZSAN,0.29,5.0,-2.4,0.76,0.6,0.4
Rome_2025_1st_Marozsan_Fonseca,MAROZSAN,0.35,5.8,-4.2,0.97,0.7,0.5
Rome_2025_R32_Mensik_Marozsan,MAROZSAN,0.4,3.9,-2.6,1.3,0.8,0.5
Rome_2025_R64_Marozsan_Rublev,MAROZSAN,0.43,3.6,-4.1,1.03,0.7,0.4
Rotterdam_2025_R16_Rublev_Marozsan,MAROZSAN,0.36,4.9,-3.5,0.87,0.7,0.5
Washington_2025_R32_Marozsan_Diallo,MAROZSAN,,,,,,
Washington_2025_R64_Bonzi_Marozsan,MAROZSAN,0.31,5.0,-3.7,1.02,0.6,0.4
Rogers_cup_2025_QF_Svitolina_Osaka,OSAKA,0.22,4.3,-2.1,0.84,0.7,0.5
Rogers_cup_2025_SF_Osaka_Tauson,OSAKA,0.29,4.9,-2.8,0.98,0.7,0.5
Rogers_cup_2025_F_Mboko_Osaka,OSAKA,0.34,4.7,-2.8,0.98,0.8,0.5
Cincinnati_2025_1st_Bergs_Fearnley,BERGS,0.37,5.8,-3.5,1.01,0.6,0.4
Cincinnati_2025_1st_Fonseca_Bu,FONSECA,0.29,4.4,-2.7,0.83,0.7,0.4
Cincinnati_2025_1st_Martinez_Jarry,MARTINEZ,0.45,3.8,-2.6,1.25,0.6,0.4
Cincinnati_2025_1st_Smith_Marozsan,MAROZSAN,0.3,5.0,-3.6,0.64,0.5,0.3
Cincinnati_2025_Q_Nardi_Blockx,BLOCKX,0.26,4.6,-1.8,1.19,0.6,0.4
Cincinnati_2025_1st_Etcheverry_Shang,ETCHEVERRY,0.29,4.9,-2.9,0.93,0.7,0.5
Cincinnati_2025_1st_Baez_Goffin,BAEZ,0.3,5.2,-2.7,1.06,0.6,0.4
Cincinnati_2025_Q_Eubanks_Basilashvili,EUBANKS,,,,,,
Cincinnati_2025_1st_Bellucci_Dzumhur,BELLUCCI,0.46,2.8,-3.8,0.69,0.7,0.4
Cincinnati_2025_1st_Comesana_Munar,COMESANA,0.32,6.3,-4.0,1.05,0.6,0.4
Cincinnati_2025_1st_Giron_Blockx,BLOCKX,0.61,5.2,-4.4,1.41,0.7,0.4
Cincinnati_2025_1st_Kecmanovic_Quinn,QUINN,0.35,6.2,-3.0,1.04,0.6,0.4
Cincinnati_2025_1st_Kecmanovic_Quinn,KECMANOVIC,0.36,5.1,-3.4,0.99,0.6,0.4
Cincinnati_2025_1st_Vukic_Basavareddy,BASAVAREDDY,0.46,2.9,-1.9,1.04,0.6,0.4
Cincinnati_2025_R64_Joint_Haddad-Maia,HADDAD MAIA,0.42,4.6,-4.2,0.89,0.6,0.3
Cincinnati_2025_R64_Bergs_Sonego,BERGS,0.35,4.0,-1.9,1.02,0.6,0.4
Cincinnati_2025_R64_Etcheverry_Auger-Aliassime,ETCHEVERRY,0.39,5.8,-3.9,0.64,0.6,0.4
Cincinnati_2025_R64_Tsitsipas_Marozsan,TSITSIPAS,0.37,6.2,-2.2,1.31,0.6,0.4
Cincinnati_2025_R64_Tsitsipas_Marozsan,MAROZSAN,0.31,2.0,-2.3,1.18,0.5,0.3
Cincinnati_2025_R64_Atmane_Cobolli,COBOLLI,0.37,4.8,-3.1,0.9,0.7,0.4
Cincinnati_2025_R64_Davidovich-Fokina_Fonseca,FONSECA,0.3,5.2,0.9,1.16,0.7,0.5
Cincinnati_2025_R64_Baez_Diallo,BAEZ,0.31,4.2,-2.4,0.88,0.8,0.5
Cincinnati_2025_R64_Martinez_Paul,PAUL,0.44,4.3,-3.0,0.74,0.6,0.4
Cincinnati_2025_R64_Martinez_Paul,MARTINEZ,0.38,4.5,-3.8,1.12,0.7,0.4
Cincinnati_2025_R64_Sinner_Galan,SINNER,0.38,3.8,-3.6,1.27,0.8,0.5
Cincinnati_2025_R64_Mensik_Quinn,MENSIK,0.39,5.5,-3.6,1.21,0.7,0.4
Cincinnati_2025_R64_Mensik_Quinn,QUINN,0.34,3.8,-3.1,0.9,0.6,0.3
Cincinnati_2025_R64_Nakashima_Blockx,NAKASHIMA,0.35,3.5,-3.2,0.87,0.6,0.4
Cincinnati_2025_R64_Nakashima_Blockx,BLOCKX,0.13,4.7,-1.6,0.99,0.4,0.3
Cincinnati_2025_R64_Comesana_Darderi,COMESANA,0.54,7.1,-6.2,1.1,0.6,0.2
Cincinnati_2025_R64_Basavareddy_Zverev,BASAVAREDDY,0.59,5.2,-1.2,0.48,0.7,0.5
Cincinnati_2025_R64_Basavareddy_Zverev,ZVEREV,0.15,5.2,-4.8,1.08,0.4,0.3
Cincinnati_2025_R32_Mannarino_Paul,PAUL,0.35,4.6,-2.6,1.23,0.7,0.4
Cincinnati_2025_R32_Fonseca_Atmane,FONSECA,0.29,4.9,-1.5,1.0,0.7,0.4
Cincinnati_2025_R32_Tsitsipas_Bonzi,TSITSIPAS,0.28,4.7,-0.2,1.28,0.4,0.2
Cincinnati_2025_R32_Sinner_Diallo,SINNER,0.34,3.7,-3.4,0.82,0.6,0.3
Cincinnati_2025_R64_Navarro_Seidel,NAVARRO,0.51,4.8,-3.1,1.12,0.7,0.4
Cincinnati_2025_R64_Wang_Gauff,GAUFF,0.56,5.1,-3.6,0.93,0.6,0.4
Cincinnati_2025_R16_Comesana_Rublev,COMESANA,0.4,7.7,-4.0,0.86,0.8,0.6
Cincinnati_2025_R32_Opelka_Comesana,COMESANA,0.35,6.8,-3.1,0.91,0.6,0.4
Cincinnati_2025_R16_Khachanov_Zverev,ZVEREV,0.42,2.7,-3.1,0.56,0.7,0.4
Cincinnati_2025_R32_Nakashima_Zverev,ZVEREV,0.24,5.2,-2.4,0.78,0.7,0.5
Cincinnati_2025_R16_Sinner_Mannarino,SINNER,0.3,4.7,-2.5,0.88,0.7,0.5
Cincinnati_2025_R32_Nakashima_Zverev,NAKASHIMA,0.3,6.2,-2.4,1.12,0.7,0.5
Cincinnati_2025_QF_Sinner_Auger-Aliassime,SINNER,0.02,5.5,-3.8,0.56,0.3,0.2
Cincinnati_2025_R16_Bronzetti_Gauff,GAUFF,0.35,5.3,-4.7,0.82,0.6,0.4
Cincinnati_2025_QF_Swiatek_Kalinskaya,SWIATEK,0.54,5.3,-3.6,0.75,0.5,0.3
Cincinnati_2025_R16_Swiatek_Cirstea,SWIATEK,0.53,3.2,-4.4,1.18,0.5,0.3
Cincinnati_2025_R64_Swiatek_Potapova,SWIATEK,0.6,6.6,-3.7,1.07,0.7,0.4
Cincinnati_2025_SF_Sinner_Atmane,SINNER,0.15,5.3,-2.2,1.02,0.6,0.3
Cincinnati_2025_QF_Paolini_Gauff,GAUFF,0.62,5.0,-4.1,0.95,0.6,0.4
Cincinnati_2025_SF_Rybakina_Swiatek,SWIATEK,0.39,4.4,-4.4,0.86,0.6,0.3
Winston_Salem_2025_Q_Rybakov_Basavareddy,BASAVAREDDY,0.36,6.0,-3.8,1.06,0.7,0.4
Winston_Salem_2025_Q_Schoolkate_Basavareddy,BASAVAREDDY,0.32,6.1,-1.9,1.06,0.7,0.5
Winston_Salem_2025_R64_Collignon_Basavareddy,BASAVAREDDY,0.3,5.7,-2.8,0.97,0.8,0.4
Winston_Salem_2025_R32_Mpetshi-Perricard_Martinez,MARTINEZ,0.48,4.1,-4.6,1.01,0.6,0.3
Winston_Salem_2025_R64_Goffin_Martinez,MARTINEZ,0.25,6.8,-4.4,1.13,0.5,0.2
Winston_Salem_2025_R32_Kecmanovic_Kovacevic,KECMANOVIC,0.47,4.3,-3.3,1.07,0.7,0.4
Winston_Salem_2025_R32_Baez_Carreno-Busta,BAEZ,0.24,5.2,-2.4,1.01,0.7,0.5
Winston_Salem_2025_R32_Tsitsipas_Bu,TSITSIPAS,0.35,5.1,-5.4,1.01,0.5,0.3
Winston_Salem_2025_R32_Bellucci_Munar,BELLUCCI,0.32,4.9,-5.4,0.85,0.7,0.4
Winston_Salem_2025_R64_Comesana_Bellucci,BELLUCCI,0.3,4.4,-3.7,1.14,0.7,0.5
Winston_Salem_2025_R64_Comesana_Bellucci,COMESANA,0.21,6.2,-5.0,0.98,0.5,0.4
Winston_Salem_2025_R64_Safiullin_O'Connell,O'CONNELL,0.37,5.7,-3.2,1.18,0.7,0.4
Winston_Salem_2025_R16_Kecmanovic_Darderi,KECMANOVIC,0.5,5.1,-4.4,0.84,0.6,0.3
Winston_Salem_2025_R16_Baez_van-de-Zandschulp,BAEZ,0.31,4.6,-2.2,0.96,0.8,0.5
Cincinnati_2025_F_Swiatek_Paolini,SWIATEK,0.38,6.0,-4.5,1.04,0.6,0.3
US_Open_2025_1st_Navarro_Wang,NAVARRO,0.35,4.6,-2.7,1.1,0.7,0.4
US_Open_2025_1st_Fonseca_Kecmanovic,KECMANOVIC,0.37,5.2,-2.5,0.82,0.7,0.4
US_Open_2025_1st_Fonseca_Kecmanovic,FONSECA,0.49,4.7,-2.2,1.07,0.7,0.4
US_Open_2025_1st_Nakashima_de-Jong,NAKASHIMA,0.33,4.7,-2.6,1.09,0.7,0.5
US_Open_2025_1st_Arango_Swiatek,SWIATEK,0.02,4.6,-1.5,0.7,0.5,0.3
US_Open_2025_1st_Haddad-Maia_Kartal,HADDAD MAIA,0.31,3.8,-3.1,0.84,0.8,0.5
US_Open_2025_1st_Sinner_Kopriva,SINNER,0.36,6.0,-3.4,1.22,0.7,0.5
US_Open_2025_1st_Mensik_Jarry,MENSIK,0.32,5.8,-3.1,0.8,0.7,0.5
US_Open_2025_R64_Navarro_Mcnally,NAVARRO,0.68,2.8,-3.5,0.84,0.7,0.4
US_Open_2025_R64_Fonseca_Machac,FONSECA,0.45,4.1,-3.3,0.69,0.7,0.4
US_Open_2025_R64_Nakashima_Kym,NAKASHIMA,0.33,5.3,-2.9,0.91,0.8,0.5
US_Open_2025_R64_Mensik_Blanchet,MENSIK,0.34,4.8,-3.4,1.06,0.7,0.4
US_Open_2025_1st_Bondar_Svitolina,BONDAR,0.4,4.4,-3.1,0.77,0.7,0.4
US_Open_2025_R64_Sakkari_Bondar,BONDAR,0.39,4.4,-3.8,1.07,0.7,0.4
US_Open_2025_R64_Lamens_Swiatek,SWIATEK,0.45,5.1,-3.7,0.95,0.7,0.4
US_Open_2025_R64_Haddad-Maia_Golubic,HADDAD MAIA,0.36,3.2,-3.0,0.88,0.7,0.4
US_Open_2025_R64_Tsitsipas_Altmaier,TSITSIPAS,0.28,4.7,-3.0,1.22,0.7,0.4
US_Open_2025_R64_Sinner_Popyrin,SINNER,0.45,4.4,-3.6,0.95,0.7,0.4
US_Open_2025_1st_Tomljanovic_Gauff,GAUFF,0.34,4.1,-2.8,1.03,0.8,0.5
US_Open_2025_R64_Vekic_Gauff,GAUFF,0.43,3.6,-1.9,1.03,0.6,0.4
US_Open_2025_R32_Navarro_Krejcikova,NAVARRO,0.36,3.9,-2.4,0.91,0.7,0.4
US_Open_2025_R32_Frech_Gauff,GAUFF,0.38,4.4,-2.9,1.04,0.8,0.5
US_Open_2025_R32_Kalinskaya_Swiatek,SWIATEK,0.43,6.2,-4.2,1.23,0.7,0.3
US_Open_2025_R32_Sinner_Shapovalov,SINNER,0.29,5.2,-2.8,0.91,0.6,0.4
US_Open_2025_R32_Haddad-Maia_Sakkari,HADDAD MAIA,0.34,3.7,-2.4,0.81,0.7,0.5
US_Open_2025_R16_Sinner_Bublik,SINNER,0.55,5.4,-2.5,1.52,0.7,0.4
US_Open_2025_R16_Osaka_Gauff,GAUFF,0.35,4.6,-3.3,1.01,0.8,0.5
US_Open_2025_R16_Osaka_Gauff,OSAKA,0.24,3.9,-2.5,0.82,0.7,0.5
US_Open_2025_R16_Alexandrova_Swiatek,SWIATEK,0.4,5.4,-3.8,0.84,0.7,0.4
US_Open_2025_R16_Anisimova_Haddad-Maia,HADDAD MAIA,0.26,4.4,-2.5,0.92,0.8,0.5
US_Open_2025_QF_Sinner_Musetti,SINNER,0.34,4.5,-3.3,0.97,0.7,0.4
US_Open_2025_QF_Anisimova_Swiatek,SWIATEK,0.33,4.2,-2.4,0.78,0.7,0.4
US_Open_2025_SF_Sinner_Auger-Aliassime,SINNER,0.32,5.1,-3.5,1.21,0.6,0.3
US_Open_2025_F_Sinner_Alcaraz,SINNER,0.48,4.7,-2.2,0.95,0.7,0.5
Chengdu_2025_R32_Bergs_Shang,BERGS,0.33,5.0,-2.8,0.96,0.6,0.4
Hangzhou_2025_Q_Basavareddy_Onclin,BASAVAREDDY,0.3,7.4,-3.3,0.8,0.7,0.5
Hangzhou_2025_Q_Basavareddy_Zhukayev,BASAVAREDDY,0.29,6.9,-3.4,0.87,0.6,0.4
Hangzhou_2025_Q_Hijikata_Eubanks,EUBANKS,0.42,5.2,-4.8,1.08,0.7,0.3
Chengdu_2025_R32_Halys_O'Connell,O'CONNELL,0.42,6.1,-5.1,1.44,0.6,0.3
Chengdu_2025_R32_Giron_Quinn,QUINN,0.46,5.6,-3.7,1.26,0.7,0.4
Chengdu_2025_R16_Zhou_O'Connell,O'CONNELL,0.26,5.4,-3.6,0.88,0.6,0.4
Hangzhou_2025_R32_Basavareddy_Cilic,BASAVAREDDY,0.29,5.5,-1.7,1.04,0.6,0.4
Hangzhou_2025_R32_Bu_Zhang,ZHANG,0.33,5.0,-3.1,0.75,0.6,0.3
Hangzhou_2025_R32_Dzumhur_Etcheverry,ETCHEVERRY,0.28,5.7,-2.5,1.2,0.7,0.4
Beijing_2025_Q_Rinderknech_Basavareddy,BASAVAREDDY,0.39,5.3,-3.7,0.72,0.7,0.5
Hangzhou_2025_R16_Basavareddy_Medvedev,BASAVAREDDY,0.37,5.5,-2.2,1.07,0.7,0.5
Beijing_2025_R32_Atmane_Zhang,ZHANG,0.26,6.0,-2.2,1.02,0.6,0.5
Hangzhou_2025_R16_Svrcina_Zhang,ZHANG,0.29,6.3,-1.6,1.11,0.7,0.5
Beijing_2025_R32_Bonzi_Marozsan,MAROZSAN,0.29,5.4,-4.2,0.95,0.5,0.3
Beijing_2025_R32_Kecmanovic_Mensik,MENSIK,0.34,5.1,-3.9,1.01,0.7,0.5
Beijing_2025_R32_Kecmanovic_Mensik,KECMANOVIC,0.29,5.7,-2.5,1.16,0.7,0.5
Beijing_2025_R32_Rublev_Cobolli,COBOLLI,0.31,5.2,-2.8,0.84,0.7,0.5
Beijing_2025_R32_Sinner_Cilic,SINNER,0.31,6.3,-3.6,1.05,0.6,0.4
Chengdu_2025_QF_Giron_Nakashima,NAKASHIMA,0.37,5.0,-2.9,0.9,0.8,0.5
Chengdu_2025_R16_Shang_Nakashima,NAKASHIMA,0.32,5.2,-2.9,0.95,0.7,0.5
Chengdu_2025_SF_Nakashima_Tabilo,NAKASHIMA,0.34,4.7,-3.1,1.04,0.8,0.5
Tokyo_2025_R32_Thompson_Nakashima,NAKASHIMA,0.35,4.5,-3.5,1.16,0.6,0.4
Hangzhou_2025_R16_Etcheverry_Hijikata,ETCHEVERRY,0.31,5.8,-3.2,1.05,0.6,0.4
Tokyo_2025_Q_O'Connell_van-de-Zandschulp,O'CONNELL,0.33,5.0,-2.4,0.99,0.7,0.4
Tokyo_2025_Q_Shimizu_Quinn,QUINN,0.31,5.2,-2.0,0.73,0.7,0.4
Tokyo_2025_R32_Michelsen_Quinn,QUINN,0.34,4.5,-1.3,1.1,0.6,0.4
Tokyo_2025_R16_Vukic_Altmaier,ALTMAIER,0.33,6.5,-6.1,1.19,0.6,0.4
Tokyo_2025_R32_Alcaraz_Baez,BAEZ,0.24,5.4,-3.3,0.89,0.6,0.4
Tokyo_2025_R32_Alcaraz_Baez,ALCARAZ,0.33,5.4,-3.4,1.05,0.7,0.4
Tokyo_2025_R32_Bergs_Tabilo,BERGS,0.43,4.3,-4.4,0.99,0.5,0.3
Beijing_2025_R16_Marozsan_Muller,MAROZSAN,0.28,6.9,-1.8,0.94,0.7,0.5
Beijing_2025_R16_Sinner_Atmane,SINNER,0.32,3.8,-3.6,0.65,0.7,0.4
Tokyo_2025_R16_Alcaraz_Bergs,BERGS,0.28,6.4,-3.5,0.96,0.4,0.2
Tokyo_2025_R16_Nakashima_Fucsovics,NAKASHIMA,0.33,5.7,-4.1,0.79,0.7,0.4
Tokyo_2025_R16_Quinn_Rune,QUINN,0.36,6.4,-2.8,1.06,0.6,0.4
Beijing_2025_R16_Cazaux_Mensik,MENSIK,0.36,4.5,-3.8,0.71,0.7,0.4
Beijing_2025_R16_Cobolli_Tien,COBOLLI,0.38,5.0,-3.6,0.77,0.7,0.4
Beijing_2025_R64_Osaka_Sasnovich,OSAKA,0.43,5.2,-3.9,1.01,0.7,0.4
Beijing_2025_R64_Rakhimova_Gauff,GAUFF,0.54,5.0,-4.5,0.97,0.6,0.3
Beijing_2025_R64_Ruse_Navarro,NAVARRO,0.3,5.6,-3.5,0.94,0.6,0.4
Beijing_2025_R64_Swiatek_Yuan,SWIATEK,0.51,3.9,-3.9,1.01,0.6,0.3
Beijing_2025_R32_Fernandez_Gauff,GAUFF,0.41,4.2,-3.7,0.89,0.5,0.3
Beijing_2025_QF_Sinner_Marozsan,SINNER,0.38,4.4,-2.9,0.78,0.6,0.4
Tokyo_2025_QF_Alcaraz_Nakashima,NAKASHIMA,0.38,5.7,-2.2,1.07,0.6,0.4
Beijing_2025_R32_Boisson_Navarro,NAVARRO,0.63,5.8,-4.3,1.13,0.6,0.4
Beijing_2025_R32_Swiatek_Osorio,SWIATEK,0.48,7.6,-5.5,1.23,0.6,0.4
Beijing_2025_SF_Sinner_de-Minaur,SINNER,0.32,4.6,-2.7,0.81,0.8,0.5
Shanghai_2025_Q_Basavareddy_Vacherot,BASAVAREDDY,0.38,5.3,-3.1,0.98,0.8,0.5
Beijing_2025_F_Sinner_Tien,SINNER,0.34,6.0,-3.5,1.0,0.6,0.4
Beijing_2025_R16_Swiatek_Navarro,SWIATEK,0.52,3.2,-3.3,1.03,0.6,0.3
Beijing_2025_R16_Swiatek_Navarro,NAVARRO,0.48,4.0,-3.5,1.06,0.5,0.3
Beijing_2025_R16_Bencic_Gauff,GAUFF,0.47,4.8,-4.2,0.92,0.6,0.3
Shanghai_2025_1st_Cazaux_Martinez,MARTINEZ,0.36,3.5,-2.8,1.3,0.6,0.3
Shanghai_2025_1st_Comesana_Blanchet,COMESANA,0.38,6.5,-3.9,1.17,0.8,0.5
Shanghai_2025_1st_Dzumhur_O'Connell,O'CONNELL,0.32,6.7,-4.3,1.39,0.7,0.5
Shanghai_2025_1st_Korda_Bergs,BERGS,0.37,6.0,-4.5,1.12,0.6,0.3
Shanghai_2025_1st_Majchrzak_Quinn,QUINN,0.28,3.9,-3.2,0.73,0.7,0.4
Shanghai_2025_1st_Marozsan_Wawrinka,MAROZSAN,0.26,5.3,-2.8,0.73,0.6,0.4
Shanghai_2025_1st_Schoolkate_Altmaier,ALTMAIER,0.34,5.4,-3.9,1.0,0.6,0.3
Shanghai_2025_1st_Walton_Bellucci,BELLUCCI,0.35,5.4,-3.2,0.9,0.7,0.5
Shanghai_2025_1st_Zhang_Baez,BAEZ,0.26,5.1,-2.3,1.01,0.7,0.4
Shanghai_2025_1st_Zhang_Baez,ZHANG,0.3,5.9,-2.2,0.86,0.7,0.5
Beijing_2025_QF_Lys_Gauff,GAUFF,0.4,5.3,-4.0,1.02,0.5,0.3
Shanghai_2025_1st_Tien_Kecmanovic,KECMANOVIC,0.37,5.4,-3.3,0.96,0.7,0.5
Shanghai_2025_R64_Baez_Rune,BAEZ,0.31,5.0,-3.6,1.08,0.6,0.3
Shanghai_2025_R64_Bellucci_Machac,BELLUCCI,0.32,5.2,-4.0,0.86,0.7,0.4
Shanghai_2025_R64_Bergs_Ruud,BERGS,0.3,6.3,-2.8,1.15,0.6,0.4
Shanghai_2025_R64_Fritz_Marozsan,MAROZSAN,0.25,5.3,-1.8,0.98,0.6,0.4
Shanghai_2025_R64_Munar_Cobolli,COBOLLI,0.36,5.0,-2.7,1.28,0.6,0.4
Shanghai_2025_R64_Nakashima_Majchrzak,NAKASHIMA,0.4,4.6,-3.8,1.25,0.8,0.5
Shanghai_2025_R64_Comesana_Musetti,COMESANA,0.31,5.2,-3.0,1.13,0.6,0.4
Shanghai_2025_R64_Shapovalov_O'Connell,O'CONNELL,0.24,4.7,-2.0,1.06,0.6,0.4
Shanghai_2025_R64_de-Jong_Mensik,MENSIK,0.35,4.5,-3.2,1.0,0.7,0.4
Shanghai_2025_R64_Altmaier_Sinner,ALTMAIER,0.44,5.1,-4.7,0.99,0.6,0.3
Shanghai_2025_R64_Altmaier_Sinner,SINNER,0.32,6.8,-1.8,1.07,0.6,0.4
Beijing_2025_QF_Navarro_Pegula,NAVARRO,0.54,4.5,-3.2,1.13,0.6,0.3
Beijing_2025_SF_Anisimova_Gauff,GAUFF,0.49,6.4,-3.5,1.03,0.6,0.4
Shanghai_2025_R32_Cerundolo_Bergs,BERGS,0.36,4.5,-2.9,0.83,0.7,0.4
Shanghai_2025_R32_Griekspoor_Sinner,SINNER,0.25,5.9,-2.6,1.2,0.6,0.4
Shanghai_2025_R16_Diallo_Bergs,BERGS,0.27,5.5,-3.8,0.87,0.6,0.4
Shanghai_2025_QF_Bergs_Djokovic,BERGS,0.43,4.4,-4.6,0.48,0.7,0.4
RG_2025_R32_Cristian_Swiatek,CRISTIAN,0.38,4.1,-2.9,1.03,0.7,0.5
Almaty_2025_R32_Marozsan_Nardi,MAROZSAN,0.31,5.8,-3.6,0.83,0.7,0.5
Brussels_2025_Q_Onclin_Blockx,BLOCKX,0.38,6.9,-3.6,1.2,0.6,0.4
Brussels_2025_Q_Spizzirri_Blockx,BLOCKX,0.31,4.6,-1.8,1.13,0.6,0.3
Brussels_2025_R32_Giron_Bellucci,BELLUCCI,0.37,4.6,-4.0,0.99,0.8,0.5
Stockholm_2025_Q_Quinn_Lajal,QUINN,0.46,4.4,-2.0,1.51,0.7,0.4
Stockholm_2025_Q_Quinn_Slavic,QUINN,0.4,3.5,-3.9,0.36,0.6,0.3
Stockholm_2025_R32_Kecmanovic_Muller,KECMANOVIC,0.3,5.0,-1.9,0.99,0.6,0.4
Stockholm_2025_R32_Lajal_Etcheverry,ETCHEVERRY,0.34,5.9,-2.4,1.12,0.8,0.5
Almaty_2025_R32_Nakashima_Medjedovic,NAKASHIMA,0.2,3.7,-2.5,0.63,0.7,0.4
Brussels_2025_R32_Comesana_Goffin,COMESANA,0.37,5.0,-2.3,0.96,0.7,0.4
Brussels_2025_R32_Royer_Baez,BAEZ,0.29,5.0,-2.8,1.0,0.8,0.5
Brussels_2025_R32_Bergs_Collignon,BERGS,0.32,5.1,-3.2,0.94,0.6,0.4
Brussels_2025_R32_Fonseca_van-de-Zandschulp,FONSECA,0.35,5.7,-2.8,1.04,0.7,0.5
Brussels_2025_R32_Spizzirri_Martinez,MARTINEZ,0.41,5.9,-3.2,1.1,0.6,0.3
Almaty_2025_R16_Hijikata_Cobolli,COBOLLI,0.26,5.9,-5.2,1.04,0.5,0.3
Almaty_2025_R16_Nakashima_Marozsan,NAKASHIMA,0.42,5.7,-5.7,0.77,0.7,0.4
Almaty_2025_R16_Nakashima_Marozsan,MAROZSAN,,,,,,
Brussels_2025_R16_Collignon_Comesana,COMESANA,0.36,6.1,-3.8,0.84,0.7,0.5
Almaty_2025_QF_Marozsan_Medvedev,MAROZSAN,0.33,7.5,-4.2,0.96,0.7,0.4
Stockholm_2025_QF_Rune_Etcheverry,ETCHEVERRY,0.27,5.1,-2.2,1.34,0.6,0.4
Stockholm_2025_R16_Etcheverry_Kecmanovic,ETCHEVERRY,0.38,4.3,-3.0,1.15,0.6,0.4
Stockholm_2025_R16_Etcheverry_Kecmanovic,KECMANOVIC,0.31,4.9,-2.7,0.9,0.6,0.4
Basel_2025_Q_Comesana_Goffin,COMESANA,0.38,5.9,-3.6,0.74,0.8,0.5
Basel_2025_Q_Martinez_Majchrzak,MARTINEZ,0.29,3.9,-2.1,1.03,0.6,0.3
Basel_2025_Q_van-de-Zandschulp_Bellucci,BELLUCCI,0.29,5.2,-2.8,0.89,0.7,0.5
Vienna_2025_Q_Dzumhur_Quinn,QUINN,0.38,4.6,-3.2,0.85,0.8,0.5
Vienna_2025_Q_Kopriva_Quinn,QUINN,0.33,5.3,-2.8,1.03,0.7,0.4
Basel_2025_R32_Mensik_Bernet,MENSIK,0.33,5.0,-2.7,1.0,0.7,0.4
Vienna_2025_R32_Darderi_Nakashima,NAKASHIMA,0.32,6.5,-3.6,1.17,0.6,0.4
Basel_2025_R32_Baez_Opelka,BAEZ,0.3,,-0.7,0.72,,0.8
Basel_2025_R32_Mpetshi-Perricard_Fonseca,FONSECA,0.2,4.6,-2.4,1.06,0.6,0.4
Vienna_2025_R32_Etcheverry_Budkov-Kjaer,ETCHEVERRY,0.37,4.2,-2.0,0.79,0.9,0.5
Vienna_2025_R16_Griekspoor_Nakashima,NAKASHIMA,0.38,5.6,-3.4,1.14,0.7,0.4
Vienna_2025_R32_Machac_Cobolli,COBOLLI,0.35,7.7,-4.0,1.09,0.6,0.4
Vienna_2025_R32_Sinner_Altmaier,ALTMAIER,0.44,4.4,-2.8,0.71,0.6,0.4
Vienna_2025_R32_Sinner_Altmaier,SINNER,0.3,6.0,-2.3,0.84,0.6,0.4
Vienna_2025_R16_Etcheverry_Musetti,ETCHEVERRY,0.39,5.2,-3.4,1.03,0.7,0.4
Vienna_2025_R16_Sinner_Cobolli,COBOLLI,0.27,6.6,-2.6,0.99,0.6,0.4
Vienna_2025_R16_Sinner_Cobolli,SINNER,0.37,4.9,-3.5,0.93,0.6,0.4
Basel_2025_QF_Fonseca_Shapovalov,FONSECA,0.32,6.0,-2.7,1.17,0.6,0.4
Vienna_2025_QF_Sinner_Bublik,SINNER,0.34,6.4,-3.0,1.29,0.6,0.4
Basel_2025_SF_Fonseca_Munar,FONSECA,0.39,6.3,-4.5,0.96,0.7,0.5
Paris_2025_Q_Blanchet_Quinn,QUINN,0.41,5.6,-2.5,0.81,0.9,0.5
Paris_2025_Q_Comesana_Van-Assche,COMESANA,0.31,6.5,-2.6,1.08,0.7,0.5
Paris_2025_Q_Etcheverry_Martinez,MARTINEZ,0.41,5.5,-4.2,0.65,0.7,0.4
Paris_2025_Q_Etcheverry_Martinez,ETCHEVERRY,0.32,6.2,-2.0,1.13,0.6,0.4
Paris_2025_Q_Opelka_Bellucci,BELLUCCI,0.25,6.1,-3.1,1.11,0.7,0.5
Vienna_2025_SF_Sinner_de-Minaur,SINNER,0.34,5.4,-4.2,0.62,0.7,0.4
Basel_2025_F_Davidovich-Fokina_Fonseca,FONSECA,0.38,4.8,-4.4,1.1,0.7,0.4
Paris_2025_Q_Comesana_Goffin,COMESANA,0.28,6.1,-2.8,0.92,0.8,0.6
Paris_2025_Q_Etcheverry_de-Jong,ETCHEVERRY,0.35,4.9,-2.7,1.04,0.7,0.4
Paris_2025_Q_van-de-Zandschulp_Quinn,QUINN,0.45,7.3,-4.2,1.29,0.7,0.3
Vienna_2025_F_Sinner_Zverev,SINNER,0.38,5.2,-3.0,0.78,0.6,0.4
Paris_2025_R64_Altmaier_Giron,ALTMAIER,0.34,5.2,-3.9,0.92,0.7,0.4
Paris_2025_R64_Cobolli_Machac,COBOLLI,0.34,8.2,-3.7,0.8,0.7,0.5
Paris_2025_R64_Khachanov_Quinn,QUINN,0.2,5.6,-1.0,1.05,0.6,0.4
Paris_2025_R64_Kovacevic_Kecmanovic,KECMANOVIC,0.33,5.3,-2.8,1.38,0.7,0.4
Paris_2025_R64_Marozsan_Rinderknech,MAROZSAN,0.33,5.6,-2.5,1.31,0.6,0.3
Paris_2025_R64_Michelsen_Bergs,BERGS,0.34,5.2,-2.9,0.86,0.6,0.3
Paris_2025_R64_Muller_Nakashima,NAKASHIMA,0.32,5.0,-2.4,0.97,0.7,0.4
Paris_2025_R64_Norrie_Baez,BAEZ,0.29,5.9,-2.0,1.03,0.7,0.5
Paris_2025_R32_Shelton_Cobolli,COBOLLI,0.31,5.8,-2.6,0.87,0.6,0.4
Paris_2025_R32_Shelton_Cobolli,SHELTON,0.32,5.1,-4.1,1.25,0.6,0.3
Paris_2025_R64_Auger-Aliassime_Comesana,COMESANA,0.02,4.0,-1.8,1.48,0.3,0.2
Paris_2025_R64_Etcheverry_Ugo-Carabelli,ETCHEVERRY,0.33,4.0,-2.8,1.25,0.8,0.5
Paris_2025_R64_Shapovalov_Fonseca,FONSECA,0.4,4.0,-3.3,0.67,0.7,0.4
Paris_2025_R32_Altmaier_Ruud,ALTMAIER,0.22,5.4,-1.5,0.84,0.6,0.4
Paris_2025_R32_Bergs_Sinner,BERGS,0.34,3.7,-4.4,0.45,0.8,0.4
Paris_2025_R32_Bergs_Sinner,SINNER,0.36,5.5,-3.8,0.82,0.6,0.3
Paris_2025_R32_Cerundolo_Kecmanovic,KECMANOVIC,0.4,5.2,-3.7,1.06,0.7,0.5
Paris_2025_R32_Khachanov_Fonseca,FONSECA,0.25,4.7,-2.8,0.87,0.7,0.5
Paris_2025_R16_Auger-Aliassime_Altmaier,ALTMAIER,0.26,5.8,-1.6,1.2,0.6,0.4
Paris_2025_R16_Cerundolo_Sinner,SINNER,0.38,4.2,-3.1,0.61,0.7,0.4
Paris_2025_QF_Shelton_Sinner,SHELTON,0.42,4.1,-3.5,0.83,0.7,0.4
Paris_2025_QF_Shelton_Sinner,SINNER,0.25,5.1,-2.7,0.78,0.5,0.3
WTA-Finals_2025_RR_Swiatek_Keys,SWIATEK,0.81,3.8,-3.8,0.91,0.9,0.5
Paris_2025_SF_Zverev_Sinner,SINNER,0.25,4.5,-1.6,0.72,0.7,0.5
Paris_2025_F_Auger-Aliassime_Sinner,SINNER,0.42,6.1,-4.9,0.86,0.6,0.3
Beijing_2025_1st_Bondar_Andreescu,ANDREESCU,0.38,4.6,-3.7,1.17,0.7,0.4
Beijing_2025_1st_Bondar_Andreescu,BONDAR,0.53,3.4,-3.5,1.04,0.6,0.3
Beijing_2025_R64_Kudermetova_Bondar,BONDAR,0.33,4.0,-2.7,1.01,0.7,0.4
Cincinnati_2025_1st_Bondar_Tomljanovic,BONDAR,0.37,4.6,-2.9,1.21,0.7,0.4
WTA-Finals_2025_RR_Gauff_Paolini,GAUFF,0.41,4.0,-2.8,0.99,0.8,0.5
WTA-Finals_2025_RR_Gauff_Pegula,GAUFF,0.42,4.4,-3.0,0.98,0.8,0.5
Athens_2025_R32_Giron_Martinez,MARTINEZ,0.19,5.2,-4.5,0.93,0.4,0.3
Athens_2025_R32_Kecmanovic_Majchrzak,KECMANOVIC,0.31,6.0,-2.7,0.91,0.6,0.4
Metz_2025_R16_Cobolli_Sonego,COBOLLI,0.29,5.8,-3.6,0.87,0.6,0.4
Metz_2025_R32_Altmaier_Rinderknech,ALTMAIER,0.35,4.3,-2.7,0.74,0.7,0.4
Metz_2025_R32_Passaro_Blockx,BLOCKX,0.31,4.0,-1.5,0.99,0.6,0.4
WTA-Finals_2025_RR_Swiatek_Anisimova,SWIATEK,0.65,3.6,-4.3,0.93,0.6,0.3
Athens_2025_QF_Korda_Kecmanovic,KECMANOVIC,0.39,7.6,-4.2,0.99,0.6,0.4
Athens_2025_R16_Kecmanovic_Darderi,KECMANOVIC,0.36,6.1,-3.0,1.0,0.6,0.4
Athens_2025_R16_Muller_Etcheverry,ETCHEVERRY,0.51,3.2,-4.4,0.55,0.5,0.3
Athens_2025_R16_Nakashima_Giron,NAKASHIMA,0.4,6.1,-4.3,0.87,0.6,0.3
Metz_2025_QF_Sonego_Altmaier,ALTMAIER,0.32,5.5,-3.3,0.8,0.6,0.4
Metz_2025_R16_Gaston_Altmaier,ALTMAIER,0.36,3.0,-3.5,0.68,0.6,0.4
Metz_2025_R16_Tabur_Blockx,BLOCKX,0.3,5.3,-3.7,0.99,0.6,0.4
WTA-Finals_2025_RR_Sabalenka_Gauff,GAUFF,0.48,4.5,-3.9,1.02,0.8,0.5
Turin_2025_RR_Sinner_Auger-Aliassime,SINNER,0.39,2.9,-4.0,0.34,0.6,0.3
Turin_2025_RR_Sinner_Zverev,SINNER,0.28,5.6,-3.7,0.67,0.5,0.3
RG_2025_QF_Sabalenka_Zheng,ZHENG,0.38,6.3,-3.1,1.33,0.7,0.5
Turin_2025_RR_Sinner_Shelton,SHELTON,0.35,5.3,-3.6,0.8,0.7,0.4
Turin_2025_RR_Sinner_Shelton,SINNER,0.3,4.8,-3.1,0.83,0.7,0.4
Turin_2025_SF_Sinner_de-Minaur,SINNER,0.34,5.2,-3.6,0.95,0.7,0.4
Turin_2025_F_Alcaraz_Sinner,SINNER,0.29,5.1,-2.8,1.06,0.5,0.4
Davis-Cup_2025_QF_Carreno-Busta_Mensik,MENSIK,0.43,5.2,-3.5,1.21,0.6,0.4
Turin_2025_F_Alcaraz_Sinner,ALCARAZ,0.3,6.0,-2.9,0.91,0.7,0.4
Basel_2025_R32_Collignon_Royer,COLLIGNON,0.31,4.4,-4.6,1.09,0.5,0.3
Bastad_2025_R32_Collignon_Darderi,COLLIGNON,0.41,4.8,-2.9,1.19,0.6,0.4
Brussels_2025_QF_Collignon_Davidovich-Fokina,COLLIGNON,0.29,6.6,-3.6,1.21,0.6,0.4
Brussels_2025_R16_Collignon_Comesana,COLLIGNON,0.28,4.1,-4.1,0.79,0.5,0.3
Brussels_2025_R32_Bergs_Collignon,COLLIGNON,0.36,5.1,-3.0,0.69,0.6,0.3
Brussels_2025_SF_Collignon_Auger-Aliassime,COLLIGNON,0.28,5.2,-3.8,0.81,0.6,0.3
Hamburg_2025_Q_Collignon_Dutra-da-silva,COLLIGNON,0.36,4.9,-2.9,0.81,0.6,0.4
Hamburg_2025_Q_Collignon_Zahraj,COLLIGNON,0.3,6.3,-3.1,1.01,0.6,0.4
Hamburg_2025_R32_Collignon_Nakashima,COLLIGNON,0.29,5.4,-2.6,0.88,0.6,0.4
Marrakech_2025_R16_Collignon_Borges,COLLIGNON,0.24,3.7,-1.2,0.96,0.6,0.4
Marrakech_2025_R32_Fognini_Collignon,COLLIGNON,0.38,4.0,-2.7,0.82,0.6,0.4
Marseille_2025_R32_Collignon_Medjedovic,COLLIGNON,0.34,5.3,-4.0,0.99,0.7,0.4
Rome_2025_Q_Collignon_Moreno-De-Alboran,COLLIGNON,0.31,4.7,-2.8,0.98,0.6,0.4
Umag_2025_R32_Collignon_Kopriva,COLLIGNON,0.28,5.6,-2.8,1.13,0.7,0.4
Winston_Salem_2025_R64_Collignon_Basavareddy,COLLIGNON,0.33,5.4,-2.4,1.0,0.5,0.3
Miami_2025_1st_Osorio_Mboko,MBOKO,0.39,3.4,-3.1,1.05,0.8,0.5
Miami_2025_R64_Mboko_Badosa,MBOKO,0.36,5.0,-3.1,1.07,0.8,0.5
Rogers_cup_2025_1st_Birrell_Mboko,MBOKO,0.5,3.5,-3.6,0.74,0.7,0.4
Rogers_cup_2025_F_Mboko_Osaka,MBOKO,0.34,5.2,-3.0,1.09,0.7,0.5
Rogers_cup_2025_QF_Mboko_Bouzas-Maneiro,MBOKO,0.38,6.2,-5.0,0.78,0.7,0.4
Rogers_cup_2025_R16_Gauff_Mboko,MBOKO,0.5,1.7,-4.8,0.45,0.5,0.3
Rogers_cup_2025_R32_Mboko_Bouzkova,MBOKO,0.37,5.1,-3.5,1.04,0.7,0.4
Rogers_cup_2025_R64_Kenin_Mboko,MBOKO,0.36,5.0,-2.2,1.2,0.7,0.4
Rogers_cup_2025_SF_Mboko_Rybakina,MBOKO,0.38,4.6,-2.7,0.99,0.7,0.4
Rome_2025_R64_Gauff_Mboko,MBOKO,0.5,5.9,-5.5,1.02,0.7,0.5
Halle_2025_Q_Engel_Ofner,ENGEL,0.32,3.1,-2.0,0.56,0.7,0.4
Halle_2025_Q_Safiullin_Engel,ENGEL,0.36,5.8,-0.6,1.46,0.7,0.6
Hamburg_2025_R16_Rublev_Engel,ENGEL,0.37,5.8,-2.9,1.02,0.6,0.3
Hamburg_2025_R32_Struff_Engel,ENGEL,0.38,5.8,-1.5,0.82,0.5,0.3
Kitzbuhel_2025_R32_Seyboth-wild_Engel,ENGEL,0.38,5.3,-3.4,0.94,0.8,0.5
Mallorca_2025_R32_Tien_Engel,ENGEL,0.28,7.0,-2.2,0.97,0.6,0.4
Munich_2025_R32_Engel_Marozsan,ENGEL,0.33,6.9,-0.5,1.32,0.6,0.4
Stuttgart_2025_QF_Engel_Auger-aliassime,ENGEL,0.42,4.5,-1.4,1.03,0.7,0.4
Stuttgart_2025_R16_Michelsen_Engel,ENGEL,0.32,7.3,-2.6,1.03,0.7,0.6
Stuttgart_2025_R32_Engel_Duckworth,ENGEL,0.3,4.8,-2.3,0.85,0.7,0.4
Jeddah_2025_F_Tien_Blockx,BLOCKX,0.32,5.7,-1.4,0.93,0.6,0.4
Jeddah_2025_RR_Blockx_Basavareddy,BLOCKX,0.37,3.8,-5.0,0.68,0.3,0.2
Jeddah_2025_RR_Blockx_Engel,BLOCKX,0.34,5.7,-3.2,0.92,0.6,0.3
Jeddah_2025_RR_Blockx_Prizmic,BLOCKX,0.17,4.2,-5.6,1.14,0.5,0.3
Jeddah_2025_SF_Blockx_Budkov-kjaer,BLOCKX,0.44,5.0,-2.5,1.04,0.7,0.4
Jeddah_2025_F_Tien_Blockx,TIEN,0.29,4.4,-3.0,0.92,0.6,0.4
Jeddah_2025_SF_Tien_Basavareddy,TIEN,0.3,5.4,-3.0,1.01,0.7,0.5
Jeddah_2025_RR_Basavareddy_Engel,BASAVAREDDY,0.3,6.0,-3.1,1.02,0.6,0.4
Jeddah_2025_RR_Blockx_Basavareddy,BASAVAREDDY,0.37,3.8,-2.5,0.8,0.7,0.4
Jeddah_2025_RR_Prizmic_Basavareddy,BASAVAREDDY,0.41,4.4,-2.7,0.84,0.6,0.3
Jeddah_2025_SF_Tien_Basavareddy,BASAVAREDDY,0.33,7.0,-2.4,1.08,0.7,0.5
Jeddah_2025_RR_Basavareddy_Engel,ENGEL,0.2,3.7,-4.6,0.66,0.5,0.3
Jeddah_2025_RR_Blockx_Engel,ENGEL,0.27,5.7,-0.4,1.08,0.7,0.5
Jeddah_2025_RR_Prizmic_Engel,ENGEL,0.3,5.8,-4.1,0.71,0.6,0.4
Jeddah_2025_RR_Blockx_Prizmic,PRIZMIC,0.28,2.2,-3.4,0.21,0.6,0.3
Jeddah_2025_RR_Prizmic_Basavareddy,PRIZMIC,0.44,6.1,-3.1,0.98,0.7,0.4
Jeddah_2025_RR_Prizmic_Engel,PRIZMIC,0.35,7.6,-4.1,1.17,0.6,0.4
United_Cup_2026_RR_Sakkari_Osaka,OSAKA,0.33,3.4,-3.8,0.6,0.9,0.5
United_Cup_2026_RR_Gauff_Sierra,GAUFF,0.36,3.9,-2.9,1.02,0.8,0.5
United_Cup_2026_RR_Mboko_Zhu,MBOKO,0.44,4.5,-4.1,0.92,0.8,0.5
United_Cup_2026_RR_Lys_Swiatek,SWIATEK,0.43,4.7,-4.6,0.71,0.6,0.3
United_Cup_2026_RR_Mboko_Mertens,MBOKO,0.33,4.9,-2.1,1.28,0.6,0.4
United_Cup_2026_RR_Mensik_Ruud,MENSIK,0.33,5.2,-3.1,1.15,0.6,0.4
United_Cup_2026_RR_de-Minaur_Mensik,MENSIK,0.33,4.6,-2.6,1.15,0.7,0.4
Auckland_2026_R32_Jones_Navarro,NAVARRO,0.29,4.4,-2.6,0.99,0.7,0.4
Brisbane_2026_Q_Carreno-Busta_Bellucci,BELLUCCI,0.28,4.4,-3.4,0.7,0.6,0.4
Brisbane_2026_Q_O'Connell_Basilashvili,O'CONNELL,0.22,5.7,-1.5,0.84,0.5,0.3
Brisbane_2026_Q_Sweeny_O'Connell,O'CONNELL,0.36,3.9,-4.1,0.86,0.5,0.3
Brisbane_2026_R32_Majchrzak_Altmaier,ALTMAIER,0.34,4.4,-4.0,0.63,0.6,0.4
Brisbane_2026_R32_Mpetshi-Perricard_Paul,PAUL,0.44,3.0,-5.3,0.51,0.7,0.4
Brisbane_2026_R32_Nakashima_Davidovich-Fokina,NAKASHIMA,0.34,5.1,-3.6,1.17,0.7,0.4
Brisbane_2026_R32_Shapovalov_Collignon,COLLIGNON,0.23,6.5,-1.0,0.93,0.6,0.4
Hong_Kong_2026_Q_Basavareddy_Bu,BASAVAREDDY,0.35,4.7,-2.8,1.44,0.8,0.4
Hong_Kong_2026_Q_Struff_Basavareddy,BASAVAREDDY,0.28,4.8,-2.7,0.96,0.6,0.4
Hong_Kong_2026_R16_Musetti_Etcheverry,ETCHEVERRY,0.32,4.8,-2.7,1.01,0.6,0.4
Hong_Kong_2026_R32_Etcheverry_Royer,ETCHEVERRY,0.36,5.0,-3.1,0.64,0.7,0.4
Hong_Kong_2026_R32_Muller_Kecmanovic,KECMANOVIC,0.42,4.9,-4.4,0.86,0.9,0.6
Hong_Kong_2026_R32_Shang_Comesana,COMESANA,0.27,4.2,-1.3,0.85,0.8,0.6
Hong_Kong_2026_R32_Shang_Comesana,SHANG,0.33,4.9,-3.9,0.84,0.7,0.4
Hong_Kong_2026_R32_Wu_Marozsan,MAROZSAN,0.31,4.3,-3.3,0.57,0.7,0.5
Almaty_2025_R32_Nakashima_Medjedovic,MEDJEDOVIC,0.28,2.5,-2.3,0.68,0.7,0.4
Barcelona_2025_Q_Medjedovic_Dellien,MEDJEDOVIC,0.29,4.0,-4.2,0.79,0.6,0.3
Barcelona_2025_Q_Medjedovic_Diallo,MEDJEDOVIC,0.4,4.8,-4.8,0.7,0.7,0.4
Barcelona_2025_R16_Medjedovic_Ruud,MEDJEDOVIC,0.34,6.1,-3.1,1.25,0.6,0.3
Barcelona_2025_R32_Medjedovic_Mpetshi-perricard,MEDJEDOVIC,0.32,5.3,-4.0,1.22,0.6,0.3
Belgrade_2024_F_Medjedovic_Shapovalov,MEDJEDOVIC,0.25,3.6,-3.6,0.6,0.7,0.4
Belgrade_2024_QF_Cerundolo_Medjedovic,MEDJEDOVIC,0.4,5.5,-4.5,1.16,0.6,0.3
Belgrade_2024_R16_Kovacevic_Medjedovic,MEDJEDOVIC,0.38,5.1,-4.0,1.06,0.6,0.3
Belgrade_2024_R32_Medjedovic_Nakashima,MEDJEDOVIC,0.33,5.9,-4.0,0.77,0.7,0.4
Belgrade_2024_SF_Djere_Medjedovic,MEDJEDOVIC,0.2,5.5,-3.4,1.04,0.5,0.4
Cincinnati_2025_1st_Medjedovic_Kovacevic,MEDJEDOVIC,0.33,4.9,-3.3,0.78,0.7,0.4
Cincinnati_2025_R32_Medjedovic_Alcaraz,MEDJEDOVIC,0.23,2.6,-3.6,0.15,0.9,0.5
Cincinnati_2025_R64_Griekspoor_Medjedovic,MEDJEDOVIC,0.3,4.3,-3.2,0.89,0.7,0.4
Doha_2025_R32_Tsitsipas_Medjedovic,MEDJEDOVIC,0.36,5.9,-3.8,1.24,0.6,0.3
Madrid_2025_1st_Etcheverry_Medjedovic,MEDJEDOVIC,0.86,2.8,-3.5,1.08,0.7,0.4
Mallorca_2025_QF_Medjedovic_Auger-aliassime,MEDJEDOVIC,0.41,5.5,-2.9,0.89,0.6,0.3
Mallorca_2025_R16_Safiullin_Medjedovic,MEDJEDOVIC,0.38,3.7,-3.1,1.18,0.6,0.4
Mallorca_2025_R32_Basavareddy_Medjedovic,MEDJEDOVIC,0.26,4.5,-2.3,0.74,0.5,0.3
Marseille_2025_F_Medjedovic_Humbert,MEDJEDOVIC,0.34,4.3,-3.5,0.82,0.8,0.5
Marseille_2025_QF_Medjedovic_Altmaier,MEDJEDOVIC,0.27,5.6,-5.2,1.13,0.6,0.3
Marseille_2025_R16_Khachanov_Medjedovic,MEDJEDOVIC,0.46,4.6,-6.2,0.56,0.6,0.3
Marseille_2025_R32_Collignon_Medjedovic,MEDJEDOVIC,0.4,5.8,-4.6,0.95,0.7,0.4
Marseille_2025_SF_Medvedev_Medjedovic,MEDJEDOVIC,0.31,5.0,-6.0,1.06,0.6,0.3
Miami_2025_1st_Hijikata_Medjedovic,MEDJEDOVIC,0.31,5.9,-4.4,1.19,0.6,0.3
Monte_Carlo_2025_Q_Gojo_Medjedovic,MEDJEDOVIC,0.34,3.6,-2.7,0.91,0.6,0.4
Monte_Carlo_2025_Q_Ugo-Carabelli_Medjedovic,MEDJEDOVIC,0.31,5.9,-4.4,1.24,0.6,0.4
Paris_2025_Q_Goffin_Medjedovic,MEDJEDOVIC,0.38,5.0,-3.2,0.89,0.8,0.5
Queens_2025_Q_Medjedovic_Walton,MEDJEDOVIC,0.27,4.5,-2.3,0.71,0.6,0.4
Rome_2025_1st_Medjedovic_Virtanen,MEDJEDOVIC,0.37,5.4,-3.8,1.06,0.8,0.5
Shanghai_2025_1st_Rinderknech_Medjedovic,MEDJEDOVIC,,,,,,
Tokyo_2025_R32_Medjedovic_Rune,MEDJEDOVIC,0.34,4.2,-2.0,0.79,0.6,0.4
Vienna_2025_Q_Medjedovic_Fearnley,MEDJEDOVIC,0.36,5.2,-3.5,1.06,0.7,0.4
Vienna_2025_Q_Medjedovic_Schwaerzler,MEDJEDOVIC,0.28,3.9,-4.4,0.76,0.6,0.3
Vienna_2025_R32_Medjedovic_Musetti,MEDJEDOVIC,0.36,5.8,-3.9,1.36,0.6,0.4
Winston_Salem_2025_QF_Medjedovic_Mpetshi-Perricard,MEDJEDOVIC,0.34,5.3,-2.6,1.15,0.6,0.4
Winston_Salem_2025_R16_Diallo_Medjedovic,MEDJEDOVIC,0.47,5.4,-3.0,1.24,0.6,0.4
Winston_Salem_2025_R32_Medjedovic_Fearnley,MEDJEDOVIC,0.69,4.0,-3.2,0.76,0.6,0.3
Winston_Salem_2025_R64_Medjedovic_Rinderknech,MEDJEDOVIC,0.36,6.3,-4.2,1.02,0.6,0.4
United_Cup_2026_RR_Swiatek_Lamens,SWIATEK,0.4,4.5,-3.1,1.08,0.7,0.4
United_Cup_2026_QF_Bergs_Mensik,MENSIK,0.33,4.7,-2.3,0.93,0.7,0.4
United_Cup_2026_QF_Bergs_Mensik,BERGS,0.28,5.1,-3.0,0.98,0.7,0.5
Brisbane_2026_Q_Quinn_Collignon,QUINN,0.36,6.4,-3.4,0.9,0.6,0.4
Brisbane_2026_Q_Quinn_Collignon,COLLIGNON,0.46,6.3,-3.1,1.18,0.5,0.3
Brisbane_2026_Q_Shevchenko_Collignon,COLLIGNON,0.32,4.1,-3.7,1.12,0.5,0.3
Brisbane_2026_R16_Collignon_Dimitrov,COLLIGNON,0.4,4.2,-2.8,0.9,0.6,0.3
Brisbane_2026_R16_Halys_Nakashima,NAKASHIMA,0.35,4.4,-0.8,1.11,0.4,0.3
Auckland_2026_R32_Boulter_Starodubtseva,STARODUBTSEVA,0.33,5.5,-2.7,0.83,0.7,0.4
Brisbane_2026_R16_Kostyuk_Anisimova,ANISIMOVA,0.39,6.3,-4.6,1.15,0.7,0.4
Brisbane_2026_QF_Collignon_Nakashima,NAKASHIMA,0.33,5.6,-2.6,0.88,0.7,0.4
Brisbane_2026_QF_Collignon_Nakashima,COLLIGNON,0.25,5.1,-1.5,0.67,0.6,0.4
Hong_Kong_2026_QF_Shang_Bublik,SHANG,0.44,5.2,-3.0,1.06,0.7,0.4
Hong_Kong_2026_R16_Sonego_Shang,SHANG,0.34,5.1,-4.4,0.78,0.6,0.3
United_Cup_2026_QF_Joint_Swiatek,SWIATEK,0.44,1.7,-2.0,0.02,0.9,0.5
Beijing_2024_QF_Starodubtseva_Gauff,STARODUBTSEVA,0.36,4.4,-1.8,1.08,0.6,0.3
Miami_2025_1st_Osaka_Starodubtseva,STARODUBTSEVA,0.39,5.9,-4.6,0.94,0.5,0.3
Auckland_2026_Q_Bellucci_Blancaneaux,BELLUCCI,0.29,5.5,-4.9,1.15,0.6,0.4
Brisbane_2026_SF_Kovacevic_Nakashima,NAKASHIMA,0.25,5.8,-3.2,0.92,0.6,0.4
United_Cup_2026_QF_Gauff_Sakkari,GAUFF,0.34,3.7,-2.0,0.95,0.8,0.5
United_Cup_2026_RR_Gauff_Bouzas-Maneiro,GAUFF,0.38,4.6,-3.6,0.93,0.8,0.5
United_Cup_2026_SF_Gauff_Swiatek,GAUFF,0.44,4.9,-4.0,0.9,0.7,0.4
United_Cup_2026_SF_Gauff_Swiatek,SWIATEK,0.35,4.5,-2.6,1.01,0.7,0.4
United_Cup_2026_F_Swiatek_Bencic,SWIATEK,0.53,3.7,-3.9,0.9,0.6,0.3
Adelaide_2026_Q_Fearnley_O'Connell,O'CONNELL,0.27,6.7,-1.7,0.96,0.6,0.4
Adelaide_2026_Q_Vavassori_Collignon,COLLIGNON,0.34,5.2,-3.7,0.99,0.6,0.4
Auckland_2026_Q_Bellucci_Medjedovic,MEDJEDOVIC,0.18,5.5,-3.4,0.85,0.5,0.3
Auckland_2026_Q_Bellucci_Medjedovic,BELLUCCI,0.39,4.5,-4.3,1.3,0.4,0.2
Brisbane_2026_F_Medvedev_Nakashima,NAKASHIMA,0.33,5.6,-2.2,1.02,0.7,0.5
Adelaide_2026_R32_Jones_Navarro,NAVARRO,0.39,5.1,-4.4,1.03,0.6,0.3
Adelaide_2026_R32_Mboko_Haddad-Maia,HADDAD MAIA,0.29,3.9,-2.9,0.96,0.7,0.5
Adelaide_2026_R32_Mboko_Haddad-Maia,MBOKO,0.47,4.1,-2.4,0.95,0.7,0.4
Adelaide_2026_R32_Altmaier_Munar,ALTMAIER,0.29,5.7,-2.0,1.01,0.8,0.5
Auckland_2026_R32_Comesana_Royer,COMESANA,0.33,5.1,-2.2,1.21,0.7,0.4
Auckland_2026_R32_Nava_Baez,BAEZ,0.27,6.1,-3.0,1.0,0.6,0.4
Adelaide_2026_R32_Kecmanovic_Vacherot,KECMANOVIC,0.4,6.4,-3.4,0.91,0.7,0.4
Auckland_2026_R32_Medjedovic_Kovacevic,MEDJEDOVIC,0.3,5.9,-3.1,0.88,0.6,0.4
Adelaide_2026_R16_Mboko_Kalinskaya,MBOKO,0.37,5.6,-4.6,0.92,0.7,0.4
Adelaide_2026_R16_Opelka_Paul,PAUL,0.55,2.0,-2.8,0.47,0.4,0.2
Adelaide_2026_R32_Quinn_Fucsovics,QUINN,0.29,4.2,-6.5,0.72,0.6,0.4
Auckland_2026_R16_Brooksby_Baez,BAEZ,0.17,5.2,-2.4,0.97,0.6,0.4
Auckland_2026_R16_Shelton_Comesana,COMESANA,0.24,5.7,-1.7,1.01,0.5,0.4
Auckland_2026_R32_Borges_Etcheverry,ETCHEVERRY,0.35,5.8,-3.9,0.69,0.7,0.5
Auckland_2026_R32_Marozsan_Monfils,MAROZSAN,0.23,6.2,-1.6,0.9,0.6,0.4
Auckland_2026_R16_Marozsan_Ruud,MAROZSAN,0.44,6.0,-1.8,1.21,0.8,0.6
Auckland_2026_R16_Medjedovic_Mensik,MENSIK,0.27,3.6,-2.2,0.74,0.7,0.4
Auckland_2026_R16_Medjedovic_Mensik,MEDJEDOVIC,0.38,6.2,-4.5,0.72,0.7,0.4
Adelaide_2026_R16_Putintseva_Navarro,NAVARRO,0.34,4.5,-3.3,0.84,0.8,0.5
Adelaide_2026_QF_Mboko_Keys,MBOKO,0.39,4.7,-3.2,1.01,0.7,0.4
Adelaide_2026_QF_Shnaider_Navarro,NAVARRO,0.32,7.0,-5.2,0.97,0.7,0.5
Adelaide_2026_SF_Birrell_Mboko,MBOKO,0.35,5.1,-3.2,1.08,0.5,0.3
Adelaide_2026_QF_Vukic_Paul,PAUL,0.28,5.2,-2.8,1.05,0.6,0.3
Auckland_2026_QF_Mpetshi-perricard_Mensik,MENSIK,0.25,4.4,-0.8,1.02,0.6,0.4
Auckland_2026_SF_Mensik_Marozsan,MENSIK,0.38,7.4,-3.6,1.0,0.6,0.4
Auckland_2026_QF_Shelton_Baez,SHELTON,0.38,5.1,-3.7,0.87,0.6,0.4
Auckland_2026_QF_Shelton_Baez,BAEZ,0.3,4.7,-2.2,0.95,0.7,0.5
Auckland_2026_QF_Spizzirri_Marozsan,MAROZSAN,0.29,6.3,-3.9,0.9,0.6,0.4
Auckland_2026_SF_Mensik_Marozsan,MAROZSAN,0.31,6.0,-2.7,1.02,0.7,0.5
Adelaide_2026_SF_Machac_Paul,PAUL,0.42,5.8,-4.5,0.92,0.5,0.3
Auckland_2026_SF_Baez_Giron,BAEZ,0.38,5.4,-4.1,0.92,0.7,0.4
Adelaide_2026_F_Andreeva_Mboko,MBOKO,0.36,5.0,-2.7,0.94,0.8,0.5
Adelaide_2026_F_Andreeva_Mboko,ANDREEVA,0.32,4.6,-2.8,0.91,0.7,0.5
Auckland_2026_F_Baez_Mensik,MENSIK,0.33,5.5,-2.8,0.93,0.7,0.4
Auckland_2026_F_Baez_Mensik,BAEZ,0.34,0.9,-5.0,0.79,0.6,0.4
AO_2026_1st_Putintseva_Haddad-Maia,HADDAD MAIA,0.34,3.9,-3.2,1.0,0.8,0.5
AO_2026_1st_Linette_Navarro,NAVARRO,0.4,4.2,-2.5,0.98,0.8,0.6
AO_2026_1st_Pavlyuchenkova_Bai,PAVLYUCHENKOVA,0.34,4.9,-3.3,0.73,0.8,0.6
AO_2026_1st_Waltert_Anisimova,ANISIMOVA,0.36,4.4,-2.6,0.99,0.8,0.5
AO_2026_1st_Gauff_Rakhimova,GAUFF,0.38,4.8,-2.5,1.11,0.8,0.5
AO_2026_1st_Mboko_Jones,MBOKO,0.38,5.5,-3.7,1.07,0.8,0.5
AO_2026_1st_Bondar_Mandlik,BONDAR,0.44,3.4,-3.3,0.86,0.6,0.3
AO_2026_1st_Yuan_Swiatek,SWIATEK,0.42,5.4,-4.0,1.06,0.7,0.4
AO_2026_1st_Nakashima_van-de-Zandschulp,NAKASHIMA,0.41,4.1,-3.2,0.81,0.7,0.4
AO_2026_1st_Fonseca_Spizzirri,FONSECA,0.3,6.3,-2.6,1.19,0.6,0.3
AO_2026_1st_Mensik_Carreno-Busta,MENSIK,0.4,4.6,-3.6,0.89,0.7,0.4
AO_2026_1st_Gaston_Sinner,SINNER,0.41,4.9,-3.1,0.97,0.8,0.5
AO_2026_1st_Osaka_Ruzic,OSAKA,0.39,4.2,-2.7,0.88,0.7,0.4
AO_2026_1st_Rybakina_Juvan,RYBAKINA,0.37,4.2,-3.2,0.8,0.6,0.5
AO_2026_1st_Sakamoto_Jodar,SAKAMOTO,0.36,5.8,-3.0,1.17,0.7,0.4
AO_2026_1st_Sakamoto_Jodar,JODAR,0.36,6.1,-3.5,0.95,0.6,0.4
AO_2026_R64_Mboko_McNally,MBOKO,0.46,4.0,-3.8,1.19,0.7,0.4
AO_2026_R64_Mensik_Jodar,MENSIK,0.39,5.4,-3.5,1.08,0.7,0.4
AO_2026_R64_Bouzkova_Swiatek,SWIATEK,0.4,5.3,-4.5,0.75,0.7,0.4
AO_2026_R64_Bouzkova_Swiatek,BOUZKOVA,0.36,4.6,-1.7,1.0,0.6,0.4
AO_2026_R64_Osaka_Cirstea,OSAKA,0.3,4.3,-2.5,0.96,0.8,0.5
AO_2026_R64_Siniakova_Anisimova,ANISIMOVA,0.41,3.8,-3.2,0.84,0.7,0.4
AO_2026_R64_Duckworth_Sinner,SINNER,0.31,4.1,-3.4,0.76,0.6,0.4
AO_2026_R32_Gauff_Baptiste,GAUFF,0.41,4.3,-2.2,0.96,0.7,0.4
AO_2026_R32_Mboko_Tauson,MBOKO,0.37,5.8,-3.5,0.91,0.7,0.5
AO_2026_R64_Rybakina_Gracheva,RYBAKINA,0.39,4.0,-2.8,1.06,0.8,0.5
AO_2026_R64_Rybakina_Gracheva,GRACHEVA,0.38,3.7,-2.4,0.86,0.7,0.5
AO_2026_R32_Stearns_Anisimova,ANISIMOVA,0.3,4.0,-3.5,0.69,0.7,0.4
AO_2026_R32_Spizzirri_Sinner,SINNER,0.32,5.9,-2.8,1.15,0.6,0.4
AO_2026_R32_Spizzirri_Sinner,SPIZZIRRI,0.42,4.8,-4.3,0.84,0.6,0.4
AO_2026_R32_Kalinskaya_Swiatek,SWIATEK,0.55,0.1,-4.5,0.41,0.6,0.3
AO_2026_1st_Gracheva_Golubic,GRACHEVA,0.48,3.6,-2.6,1.37,0.7,0.4
AO_2026_R16_Sabalenka_Mboko,MBOKO,0.48,4.4,-3.7,1.21,0.6,0.3
AO_2026_R32_Rybakina_Valentova,RYBAKINA,0.39,3.2,-2.4,0.72,0.7,0.4
AO_2026_R32_Mensik_Quinn,QUINN,0.28,4.6,-2.1,1.02,0.7,0.4
AO_2026_R32_Mensik_Quinn,MENSIK,0.36,5.0,-2.7,1.11,0.6,0.4
AO_2026_R16_Gauff_Muchova,GAUFF,0.38,4.7,-3.7,0.82,0.7,0.4
AO_2026_R16_Gauff_Muchova,MUCHOVA,0.35,3.7,-2.3,1.27,0.7,0.5
AO_2026_R16_Rybakina_Mertens,RYBAKINA,0.38,3.6,-2.6,0.95,0.8,0.5
AO_2026_R16_Wang_Anisimova,ANISIMOVA,0.36,4.7,-2.3,1.29,0.8,0.5
AO_2026_R16_Inglis_Swiatek,SWIATEK,0.33,5.0,-3.0,0.65,0.8,0.5
AO_2026_R16_Darderi_Sinner,SINNER,0.27,5.9,-2.3,1.2,0.6,0.3
AO_2026_QF_Gauff_Svitolina,GAUFF,0.38,4.6,-2.7,0.97,0.8,0.5
AO_2026_QF_Rybakina_Swiatek,RYBAKINA,0.46,3.0,-2.6,0.96,0.8,0.5
AO_2026_QF_Rybakina_Swiatek,SWIATEK,0.42,3.2,-5.3,0.69,0.5,0.3
AO_2026_QF_Pegula_Anisimova,ANISIMOVA,0.42,4.7,-3.0,1.02,0.8,0.4
AO_2026_QF_Shelton_Sinner,SINNER,0.33,5.2,-3.6,0.87,0.6,0.4
AO_2026_QF_Shelton_Sinner,SHELTON,0.35,4.8,-4.1,0.88,0.6,0.4
AO_2026_SF_Pegula_Rybakina,RYBAKINA,0.37,4.5,-3.2,0.97,0.8,0.5
AO_2026_SF_Djokovic_Sinner,SINNER,0.38,4.9,-4.0,0.8,0.7,0.4
AO_2026_F_Sabalenka_Rybakina,RYBAKINA,0.38,5.4,-3.1,0.99,0.7,0.5
AO_2026_Q_Llamas-Ruiz_Bernet,BERNET,0.34,6.1,-3.3,1.1,0.6,0.4
Athens_2025_Q_Bernet_Tirante,BERNET,0.37,6.3,-4.1,0.91,0.7,0.4
Athens_2025_Q_Struff_Bernet,BERNET,0.35,5.2,-3.3,0.92,0.6,0.3
Basel_2025_R32_Mensik_Bernet,BERNET,0.32,3.7,-2.6,0.7,0.9,0.6
Gstaad_2025_Q_Bernet_Popko,BERNET,0.34,4.8,-2.1,0.76,0.7,0.5
Gstaad_2025_Q_Trungelliti_Bernet,BERNET,0.34,4.3,-1.5,0.74,0.6,0.4
Abu_Dhabi_2026_R16_Baptiste_Navarro,NAVARRO,0.44,3.2,-2.9,0.81,0.6,0.3
Abu_Dhabi_2026_R32_Yastremska_Haddad-Maia,HADDAD MAIA,0.39,4.3,-2.9,0.99,0.7,0.5
Montpellier_2026_R32_Medjedovic_Wawrinka,MEDJEDOVIC,0.25,5.5,-2.9,1.01,0.7,0.4
Montpellier_2026_R16_Blanchet_Fils,FILS,0.4,5.1,-4.5,0.85,0.6,0.3
Montpellier_2026_R16_Nardi_Cobolli,COBOLLI,0.34,9.1,-6.1,1.0,0.7,0.5
Montpellier_2026_R32_Bautista-Agut_O'Connell,O'CONNELL,0.32,6.9,-2.6,1.16,0.7,0.5
Montpellier_2026_R32_Kecmanovic_Carreno-Busta,KECMANOVIC,0.36,4.4,-3.2,0.99,0.7,0.4
Montpellier_2026_R32_Royer_Fils,FILS,0.4,2.3,-3.3,0.53,0.5,0.2
Montpellier_2026_QF_Auger-Aliassime_Fils,FILS,0.43,6.4,-5.0,1.13,0.6,0.3
Rotterdam_2026_Q_Medjedovic_Basilashvili,MEDJEDOVIC,0.33,4.8,-2.4,0.9,0.8,0.5
Rotterdam_2026_Q_Sachko_O'Connell,O'CONNELL,0.3,4.5,-2.0,1.1,0.7,0.4
Doha_2026_Q_Haddad-Maia_Al-Naimi,HADDAD MAIA,0.39,4.5,-3.5,0.84,0.7,0.4
Doha_2026_Q_Haddad-Maia_Zakharova,HADDAD MAIA,0.42,4.4,-3.3,1.11,0.7,0.4
Doha_2026_R64_Navarro_Maria,NAVARRO,0.49,3.4,-3.1,1.22,0.8,0.4
Dallas_2026_R32_Nakashima_Bellucci,NAKASHIMA,0.44,3.6,-2.4,1.16,0.7,0.5
Dallas_2026_R32_Nakashima_Bellucci,BELLUCCI,0.22,5.4,-3.1,0.96,0.6,0.4
Rotterdam_2026_Q_Gaston_O'Connell,O'CONNELL,0.31,6.4,-2.2,1.01,0.7,0.5
Rotterdam_2026_R32_Royer_O'Connell,O'CONNELL,0.13,4.8,-1.7,1.03,0.5,0.3
Rotterdam_2026_Q_Medjedovic_Pavlovic,MEDJEDOVIC,0.43,4.3,-4.1,0.91,0.7,0.4
Buenos_Aires_2026_R32_Pellegrino_Etcheverry,ETCHEVERRY,0.23,4.3,-2.5,0.89,0.7,0.5
Doha_2026_R64_Tjen_Haddad-Maia,HADDAD MAIA,0.33,3.4,-2.8,0.76,0.7,0.4
AO_2025_1st_Sinner_Jarry,SINNER,0.35,5.5,-4.8,0.85,0.6,0.3
AO_2025_F_Sinner_Zverev,SINNER,0.33,5.5,-3.0,1.0,0.7,0.4
AO_2025_QF_Sinner_de-Minaur,SINNER,0.38,5.0,-3.4,0.83,0.7,0.4
AO_2025_R16_Sinner_Rune,SINNER,0.31,5.3,-2.4,1.07,0.7,0.5
AO_2025_R32_Sinner_Giron,SINNER,0.36,5.5,-4.1,0.86,0.7,0.4
AO_2025_R64_Sinner_Schoolkate,SINNER,0.27,5.2,-3.4,1.07,0.6,0.4
AO_2025_SF_Sinner_Shelton,SINNER,0.32,5.0,-3.0,0.83,0.7,0.4
Buenos_Aires_2026_R32_Altmaier_Cerundolo,ALTMAIER,0.27,4.1,-3.3,1.14,0.5,0.3
Dallas_2026_R32_Cobolli_Pinnington-jones,COBOLLI,0.22,7.8,-4.4,0.89,0.5,0.3
Dallas_2026_R32_Shimabukuro_Kecmanovic,KECMANOVIC,0.34,4.7,-2.7,0.8,0.7,0.4
Rotterdam_2026_R32_Bergs_Medjedovic,MEDJEDOVIC,0.38,5.3,-4.2,1.04,0.6,0.3
Rotterdam_2026_R32_Bergs_Medjedovic,BERGS,0.36,5.7,-3.5,1.15,0.6,0.4
Rotterdam_2026_R32_de-Minaur_Fils,FILS,0.48,6.1,-5.4,0.76,0.7,0.4
Doha_2026_R32_Navarro_Kalinskaya,NAVARRO,0.44,4.4,-4.4,0.67,0.7,0.4
Doha_2026_R16_Swiatek_Kasatkina,SWIATEK,0.62,3.5,-5.0,0.61,0.7,0.3
Doha_2026_R32_Swiatek_Tjen,SWIATEK,0.5,6.0,-5.0,1.26,0.7,0.4
Buenos_Aires_2026_R16_Burruchaga_Etcheverry,ETCHEVERRY,0.32,3.5,-2.4,0.9,0.7,0.5
Buenos_Aires_2026_R16_Fonseca_Tabilo,FONSECA,0.33,4.3,-3.6,0.84,0.6,0.4
Dallas_2026_R16_Fritz_Nakashima,NAKASHIMA,0.31,4.6,-3.8,1.1,0.5,0.3
Dallas_2026_R32_Paul_Brooksby,PAUL,0.4,6.3,-3.7,1.04,0.6,0.4
Dallas_2026_R32_Svajda_Quinn,QUINN,0.32,6.1,-2.8,1.15,0.7,0.5
Rotterdam_2026_R16_O'Connell_Norrie,O'CONNELL,0.38,5.3,-4.5,0.71,0.7,0.4
Rotterdam_2026_R32_Tsitsipas_Rinderknech,TSITSIPAS,0.28,5.9,-2.5,1.15,0.5,0.3
Buenos_Aires_2026_R16_Buse_Baez,BAEZ,0.27,5.5,-3.0,1.09,0.7,0.5
Dallas_2026_R16_Quinn_Cilic,QUINN,0.36,6.2,-4.0,1.02,0.7,0.4
Rotterdam_2026_R16_Medjedovic_Auger-Aliassime,MEDJEDOVIC,0.24,6.2,-3.0,1.03,0.6,0.4
Rotterdam_2026_R16_van-de-Zandschulp_Tsitsipas,TSITSIPAS,0.19,6.3,-1.3,1.29,0.4,0.2
Doha_2026_QF_Swiatek_Sakkari,SWIATEK,0.36,4.5,-2.6,1.18,0.6,0.4
Buenos_Aires_2026_QF_Tabilo_Etcheverry,ETCHEVERRY,0.32,4.6,-2.9,0.98,0.7,0.4
Buenos_Aires_2026_QF_Ugo-Carabelli_Baez,BAEZ,0.36,5.0,-2.9,0.88,0.7,0.5
Dallas_2026_QF_Kecmanovic_Shelton,KECMANOVIC,0.33,4.8,-2.9,0.9,0.7,0.4
Rotterdam_2026_QF_Humbert_O'Connell,O'CONNELL,0.25,5.5,-2.9,0.88,0.7,0.5
Buenos_Aires_2026_SF_Baez_Darderi,BAEZ,0.35,5.9,-3.2,1.21,0.7,0.5
Buenos_Aires_2026_SF_Cerundolo_Etcheverry,ETCHEVERRY,0.31,5.1,-2.5,1.28,0.7,0.4
Dallas_2026_SF_Shapovalov_Shelton,SHELTON,0.34,4.6,-3.3,0.72,0.5,0.3
Dubai_2026_R64_Ruse_Navarro,NAVARRO,0.34,4.5,-2.2,1.01,0.7,0.5
Doha_2026_R32_Mensik_Choinski,MENSIK,0.32,4.7,-2.6,0.89,0.8,0.5
Doha_2026_R32_Fils_Majchrzak,FILS,0.37,4.1,-3.1,1.21,0.6,0.4
Doha_2026_R32_Machac_Sinner,SINNER,0.42,3.8,-6.8,0.02,0.6,0.2
Dubai_2026_R32_Mertens_Navarro,NAVARRO,0.48,3.6,-3.9,0.37,0.5,0.4
Delray_Beach_2026_R32_Kecmanovic_Bellucci,KECMANOVIC,0.31,5.1,-2.3,1.03,0.7,0.5
Delray_Beach_2026_R32_Kecmanovic_Bellucci,BELLUCCI,0.28,4.2,-4.4,0.8,0.6,0.4
Delray_Beach_2026_R32_Moutet_Paul,PAUL,0.28,6.0,-2.6,0.96,0.7,0.4
Delray_Beach_2026_R32_Nakashima_Cilic,NAKASHIMA,0.28,6.1,-2.4,0.88,0.6,0.4
Delray_Beach_2026_R32_Quinn_Jodar,QUINN,0.32,6.3,-3.3,0.87,0.7,0.4
Doha_2026_R32_Echargui_Tsitsipas,TSITSIPAS,0.46,2.9,-1.6,1.05,0.6,0.3
Doha_2026_R32_Humbert_Marozsan,MAROZSAN,0.37,4.3,-2.9,0.76,0.8,0.5
Doha_2026_R32_Zhang_Carballes-Baena,ZHANG,0.35,6.4,-3.6,0.86,0.8,0.6
Rio_2026_R32_Faria_Baez,BAEZ,0.34,5.0,-3.7,0.88,0.8,0.5
Rio_2026_R32_Fonseca_Monteiro,MONTEIRO,0.3,4.5,-4.3,1.08,0.7,0.4
Rio_2026_R32_Fonseca_Monteiro,FONSECA,0.3,4.4,-2.8,0.73,0.7,0.4
Rio_2026_R32_Etcheverry_Comesana,ETCHEVERRY,0.58,2.8,-4.3,0.72,0.6,0.4
Rio_2026_R32_Etcheverry_Comesana,COMESANA,0.33,6.2,-4.0,0.87,0.7,0.5
Delray_Beach_2026_R16_Atmane_Cobolli,COBOLLI,0.39,4.6,-4.2,0.96,0.6,0.3
Delray_Beach_2026_R16_Nakashima_Wong,NAKASHIMA,0.38,2.7,-2.8,1.02,1.0,0.6
Doha_2026_R16_Fils_Halys,FILS,0.41,6.5,-5.1,1.06,0.6,0.3
Doha_2026_R16_Lehecka_Bergs,BERGS,0.27,4.3,-2.3,0.66,0.9,0.6
Doha_2026_R16_Marozsan_Rublev,MAROZSAN,0.38,5.1,-3.8,1.18,0.8,0.5
Doha_2026_R16_Medvedev_Tsitsipas,TSITSIPAS,0.42,7.5,-4.8,1.26,0.6,0.2
Doha_2026_R16_Mensik_Zhang,MENSIK,0.32,4.8,-2.8,0.78,0.6,0.4
Doha_2026_R16_Mensik_Zhang,ZHANG,0.35,5.1,-2.8,0.99,0.8,0.6
Doha_2026_R16_Popyrin_Sinner,SINNER,0.1,5.9,-4.5,1.98,0.4,0.2
Doha_2026_QF_Lehecka_Fils,FILS,0.33,6.7,-3.0,1.08,0.6,0.4
Doha_2026_QF_Tsitsipas_Rublev,TSITSIPAS,0.37,6.2,-3.8,1.1,0.7,0.4
Delray_Beach_2026_R16_Tien_Kecmanovic,KECMANOVIC,0.34,5.3,-2.9,0.97,0.6,0.4
Delray_Beach_2026_R16_Walton_Paul,PAUL,0.3,6.7,-2.8,0.92,0.6,0.4
Doha_2026_QF_Mensik_Sinner,MENSIK,0.34,5.9,-2.5,0.91,0.7,0.4
Doha_2026_QF_Mensik_Sinner,SINNER,0.31,5.4,-3.7,0.94,0.7,0.5
Rio_2026_R16_Etcheverry_Gaubas,ETCHEVERRY,0.42,5.8,-5.5,1.03,0.7,0.4
Rio_2026_R16_Fonseca_Buse,FONSECA,0.37,5.5,-3.7,1.12,0.7,0.4
Delray_Beach_2026_QF_Fritz_Paul,PAUL,0.28,6.4,-0.6,0.8,0.6,0.4
Delray_Beach_2026_QF_Wong_Cobolli,COBOLLI,0.22,6.2,-4.5,1.13,0.5,0.3
Doha_2026_SF_Fils_Mensik,MENSIK,0.32,5.8,-3.4,1.19,0.7,0.5
Doha_2026_SF_Fils_Mensik,FILS,0.41,5.3,-4.5,0.8,0.7,0.4
Rio_2026_QF_Etcheverry_Faria,ETCHEVERRY,0.38,4.6,-3.4,0.79,0.7,0.5
Delray_Beach_2026_SF_Cobolli_Korda,COBOLLI,0.35,6.7,-3.4,0.87,0.6,0.4
Delray_Beach_2026_SF_Paul_Tien,PAUL,0.36,5.6,-2.7,0.79,0.6,0.4
Doha_2026_F_Alcaraz_Fils,FILS,0.26,5.2,-0.7,1.1,0.5,0.3
Dubai_2026_Q_Halys_O'Connell,O'CONNELL,,,,,,
Rio_2026_F_Tabilo_Etcheverry,ETCHEVERRY,0.29,4.9,-2.6,0.91,0.7,0.5
Rio_2026_SF_Etcheverry_Kopriva,ETCHEVERRY,0.41,4.5,-4.1,0.95,0.7,0.5
Acapulco_2026_R32_Altmaier_Davidovich-Fokina,ALTMAIER,0.25,7.0,-4.8,1.36,0.6,0.4
Acapulco_2026_R32_Nakashima_Ymer,NAKASHIMA,0.38,6.0,-3.3,1.06,0.6,0.5
Acapulco_2026_R32_Schoolkate_Kecmanovic,KECMANOVIC,0.36,5.7,-2.6,1.11,0.8,0.5
Dubai_2026_R32_Auger-Aliassime_Zhang,ZHANG,0.25,6.0,-2.1,1.03,0.6,0.4
Santiago_2026_R32_Comesana_Martinez,COMESANA,0.33,4.7,-2.8,1.01,0.8,0.5
Acapulco_2026_R32_Hijikata_Bellucci,BELLUCCI,0.32,4.9,-3.7,0.86,0.8,0.5
Acapulco_2026_R32_Pacheco-Mendez_Cobolli,COBOLLI,0.32,6.2,-2.6,0.98,0.7,0.4
Dubai_2026_R32_Bergs_Brooksby,BERGS,0.29,4.9,-3.3,0.9,0.7,0.5
Dubai_2026_R32_Humbert_Tsitsipas,TSITSIPAS,0.34,6.6,-2.6,0.94,0.6,0.4
Dubai_2026_R32_Marozsan_Rinderknech,MAROZSAN,0.2,6.1,-3.6,1.09,0.6,0.3
Dubai_2026_R32_Mensik_Hurkacz,MENSIK,0.35,4.7,-2.6,0.86,0.8,0.5
Acapulco_2026_R16_Svrcina_Cobolli,COBOLLI,0.3,5.0,-4.0,0.93,0.6,0.4
Acapulco_2026_R16_Zverev_Kecmanovic,KECMANOVIC,0.4,4.8,-3.6,0.82,0.7,0.4
Dubai_2026_R16_Mensik_Popyrin,MENSIK,0.29,5.6,-4.6,1.2,0.6,0.3
Santiago_2026_R16_Comesana_Pellegrino,COMESANA,0.46,4.3,-3.2,1.18,0.7,0.4
Acapulco_2026_R16_Nakashima_Kypson,NAKASHIMA,0.46,3.7,-3.1,1.52,0.4,0.2
Acapulco_2026_QF_Kecmanovic_Atmane,KECMANOVIC,0.21,4.6,-0.7,1.11,0.5,0.3
Acapulco_2026_QF_Tiafoe_Bellucci,BELLUCCI,0.27,4.7,-3.0,1.06,0.7,0.4
Acapulco_2026_R16_Bellucci_Davidovich-Fokina,BELLUCCI,0.38,5.8,-4.5,0.93,0.6,0.4
Dubai_2026_QF_Mensik_Griekspoor,MENSIK,0.34,2.8,-2.2,1.16,0.8,0.5
Santiago_2026_R16_Garin_Baez,BAEZ,0.33,6.3,-3.0,1.28,0.7,0.5
Acapulco_2026_QF_Vacherot_Nakashima,NAKASHIMA,0.48,6.0,-4.3,1.22,0.8,0.5
Acapulco_2026_SF_Tiafoe_Nakashima,NAKASHIMA,0.38,5.6,-4.1,0.92,0.7,0.4
Santiago_2026_QF_Tabilo_Baez,BAEZ,0.26,4.8,-2.2,0.96,0.7,0.5
Acapulco_2026_SF_Kecmanovic_Cobolli,COBOLLI,0.33,6.6,-3.6,1.05,0.6,0.4
Acapulco_2026_SF_Kecmanovic_Cobolli,KECMANOVIC,0.29,4.0,-2.2,0.94,0.7,0.5
Merida_2026_R16_Zhang_Navarro,NAVARRO,0.4,4.4,-3.8,1.0,0.7,0.4
Indian_Wells_2026_1st_Altmaier_Kecmanovic,KECMANOVIC,0.48,7.2,-7.7,1.34,0.6,0.2
Indian_Wells_2026_1st_Altmaier_Kecmanovic,ALTMAIER,0.38,5.6,-4.6,1.08,0.6,0.4
Indian_Wells_2026_1st_Bellucci_Diallo,BELLUCCI,0.37,5.5,-3.5,0.86,0.6,0.3
Indian_Wells_2026_1st_Bergs_Struff,BERGS,0.33,5.4,-2.5,1.11,0.6,0.4
Indian_Wells_2026_1st_Fonseca_Collignon,FONSECA,0.27,6.3,-3.9,1.01,0.6,0.4
Indian_Wells_2026_1st_Fucsovics_O'Connell,O'CONNELL,0.33,5.7,-3.7,1.0,0.7,0.5
Indian_Wells_2026_Q_O'Connell_Harris,O'CONNELL,0.17,3.8,-2.3,0.91,0.7,0.5
Indian_Wells_2026_1st_Opelka_Quinn,QUINN,0.34,,-1.5,0.02,,0.6
Indian_Wells_2026_1st_Tsitsipas_Shapovalov,TSITSIPAS,0.34,6.2,-2.9,1.1,0.6,0.4
Indian_Wells_2026_1st_Korda_Comesana,COMESANA,0.32,5.7,-3.1,0.95,0.8,0.5
Indian_Wells_2026_1st_Marozsan_Bautista-Agut,MAROZSAN,0.37,5.4,-3.4,1.14,0.7,0.4
Indian_Wells_2026_1st_Tseng_Baez,BAEZ,0.37,4.3,-3.9,1.0,0.6,0.4
Indian_Wells_2026_R64_Cobolli_Kecmanovic,KECMANOVIC,0.37,5.7,-2.7,1.08,0.7,0.5
Indian_Wells_2026_R64_Cobolli_Kecmanovic,COBOLLI,0.32,6.1,-3.0,0.94,0.6,0.4
Indian_Wells_2026_R64_Nakashima_Ugo-Carabelli,NAKASHIMA,0.3,5.0,-2.2,1.05,0.7,0.5
Indian_Wells_2026_R64_Prizmic_Fils,FILS,0.33,5.2,-2.5,0.96,0.7,0.4
Indian_Wells_2026_R64_Bergs_Paul,BERGS,0.29,5.9,-2.6,0.88,0.7,0.5
Indian_Wells_2026_R64_Bergs_Paul,PAUL,0.37,5.1,-3.6,0.5,0.8,0.5
Indian_Wells_2026_R64_Etcheverry_Shapovalov,ETCHEVERRY,0.33,5.3,-2.9,0.98,0.7,0.4
Indian_Wells_2026_R64_Giron_Mensik,MENSIK,0.3,5.2,-2.2,1.03,0.7,0.4
Indian_Wells_2026_R64_Svrcina_Sinner,SINNER,0.31,5.6,-3.9,1.16,0.7,0.4
Indian_Wells_2026_R64_Baez_Lehecka,BAEZ,0.25,5.5,-2.2,0.88,0.7,0.5
Indian_Wells_2026_R64_Khachanov_Fonseca,FONSECA,0.3,5.9,-2.2,0.94,0.7,0.4
Indian_Wells_2026_1st_Bouzas-Maneiro_Haddad-Maia,HADDAD MAIA,0.47,4.1,-3.6,0.79,0.7,0.4
Indian_Wells_2026_R64_Day_Swiatek,SWIATEK,0.44,5.4,-3.6,0.91,0.7,0.4
Indian_Wells_2026_R64_Kartal_Navarro,NAVARRO,0.42,4.3,-2.9,1.17,0.8,0.5
Indian_Wells_2026_R32_Davidovich-Fokina_Mensik,MENSIK,0.3,6.2,-3.2,1.26,0.6,0.4
Indian_Wells_2026_R32_Fonseca_Paul,FONSECA,0.34,6.8,-3.2,1.08,0.7,0.5
Indian_Wells_2026_R32_Fonseca_Paul,PAUL,0.34,6.2,-2.4,1.03,0.6,0.4
Indian_Wells_2026_R32_Fucsovics_Fils,FILS,0.48,2.1,-5.4,0.7,0.6,0.3
Indian_Wells_2026_R32_Nakashima_Zverev,NAKASHIMA,0.42,4.5,-3.3,0.99,0.7,0.4
Indian_Wells_2026_R32_Shapovalov_Sinner,SINNER,0.26,4.0,-4.0,0.69,0.6,0.2
Auckland_2025_R16_Navone_Borges,NAVONE,0.33,6.6,-3.6,0.93,0.6,0.4
Auckland_2025_R32_Navone_Mannarino,NAVONE,0.35,6.1,-3.8,0.85,0.7,0.4
Auckland_2026_R32_Navone_Michelsen,NAVONE,0.3,6.6,-3.3,0.98,0.6,0.4
Bastad_2025_R16_Cerundolo_Navone,NAVONE,0.4,6.1,-4.4,0.98,0.5,0.3
Bastad_2025_R32_Barrios-vera_Navone,NAVONE,0.31,4.0,-2.9,0.93,0.6,0.3
Brisbane_2025_R32_Navone_Jarry,NAVONE,0.37,4.2,-3.2,0.78,0.6,0.3
Bucharest_2025_R16_Fucsovics_Navone,NAVONE,0.32,6.4,-3.1,1.01,0.7,0.4
Bucharest_2025_R32_Djere_Navone,NAVONE,0.37,6.3,-5.7,1.08,0.6,0.3
Buenos_Aires_2025_QF_Fonseca_Navone,NAVONE,0.38,4.6,-3.5,0.96,0.7,0.4
Buenos_Aires_2025_R16_Navone_Rune,NAVONE,0.36,6.1,-4.4,1.51,0.6,0.3
Buenos_Aires_2025_R32_Navone_Comesana,NAVONE,0.38,4.3,-2.9,1.02,0.7,0.4
Buenos_Aires_2026_R16_Ugo-Carabelli_Navone,NAVONE,0.38,6.2,-3.5,0.96,0.7,0.5
Buenos_Aires_2026_R32_Navone_Nava,NAVONE,0.3,6.1,-3.1,0.99,0.6,0.4
Cincinnati_2025_1st_Walton_Navone,NAVONE,0.34,5.4,-3.2,1.0,0.6,0.4
Cincinnati_2025_Q_Navone_Nava,NAVONE,0.29,5.7,-2.5,0.83,0.7,0.4
Cincinnati_2025_Q_Navone_Struff,NAVONE,0.5,3.7,-4.0,0.84,0.6,0.3
Hangzhou_2025_R32_Navone_Tien,NAVONE,0.33,5.9,-2.7,0.94,0.6,0.4
Hong_Kong_2026_R32_Wong_Navone,NAVONE,0.17,4.8,-3.5,1.18,0.5,0.3
Indian_Wells_2025_1st_Navone_Tien,NAVONE,0.33,4.8,-2.4,0.97,0.8,0.5
Indian_Wells_2025_R64_Navone_Shelton,NAVONE,0.3,5.6,-2.1,1.17,0.7,0.4
Indian_Wells_2026_1st_Navone_Giron,NAVONE,0.35,6.1,-3.1,1.0,0.7,0.5
Madrid_2025_1st_Mpetshi-Perricard_Navone,NAVONE,0.34,5.8,-3.3,1.03,0.7,0.4
Madrid_2025_R64_Shelton_Navone,NAVONE,0.31,5.5,-3.4,0.93,0.7,0.5
Mallorca_2025_Q_Navone_Basavareddy,NAVONE,0.32,6.1,-3.0,0.91,0.7,0.4
Mallorca_2025_Q_Navone_Ofner,NAVONE,0.34,8.0,-2.8,1.01,0.6,0.4
Miami_2025_1st_Sonego_Navone,NAVONE,0.32,6.2,-4.6,1.22,0.6,0.4
Monte_Carlo_2025_Q_Navone_Rinderknech,NAVONE,0.26,5.9,-3.3,1.04,0.6,0.4
Monte_Carlo_2025_Q_Navone_Tseng,NAVONE,0.32,4.4,-2.6,1.04,0.8,0.6
Monte_Carlo_2025_R64_Navone_Berrettini,NAVONE,0.4,5.6,-5.5,1.06,0.6,0.3
Munich_2025_R16_Goffin_Navone,NAVONE,0.25,6.2,-3.7,0.94,0.6,0.4
Munich_2025_R32_Navone_Auger-aliassime,NAVONE,0.34,4.9,-3.6,0.69,0.6,0.3
Rio_2025_R16_Baez_Navone,NAVONE,0.35,6.0,-3.6,0.91,0.7,0.4
Rio_2025_R32_Navone_Carballes-Baena,NAVONE,0.22,4.5,-2.6,1.14,0.6,0.4
Rio_2026_R32_Cerundolo_Navone,NAVONE,0.36,5.9,-3.6,1.1,0.7,0.5
Rome_2025_1st_Navone_Cina,NAVONE,0.31,5.6,-3.1,0.94,0.7,0.5
Rome_2025_R64_Sinner_Navone,NAVONE,0.31,5.6,-3.4,1.03,0.7,0.4
Santiago_2025_R16_Navone_Dzumhur,NAVONE,0.38,4.2,-3.1,1.16,0.7,0.4
Santiago_2025_R32_Navone_Shevchenko,NAVONE,0.7,4.7,-2.4,0.67,0.6,0.4
Santiago_2026_R16_Navone_Darderi,NAVONE,0.37,4.3,-3.4,0.74,0.6,0.4
Santiago_2026_R32_Navone_Kopriva,NAVONE,0.34,5.8,-2.8,1.01,0.8,0.6
Shanghai_2025_1st_Royer_Navone,NAVONE,0.36,5.9,-4.3,0.91,0.6,0.4
Tokyo_2025_Q_Shimabukuro_Navone,NAVONE,0.28,5.6,-3.1,1.24,0.5,0.3
Umag_2025_R16_de-Jong_Navone,NAVONE,0.12,4.5,-1.5,1.28,0.5,0.3
Umag_2025_R32_Barrios-Vera_Navone,NAVONE,0.37,5.2,-3.3,0.88,0.7,0.5
Winston_Salem_2025_R16_Bu_Navone,NAVONE,0.39,5.3,-2.1,0.94,0.8,0.6
Winston_Salem_2025_R32_Navone_Giron,NAVONE,0.31,6.1,-3.3,0.9,0.7,0.5
Winston_Salem_2025_R64_Navone_Suresh,NAVONE,0.38,7.6,-5.5,1.04,0.7,0.4
Indian_Wells_2026_R16_Fils_Auger-Aliassime,FILS,0.37,5.9,-4.1,1.16,0.6,0.4
Indian_Wells_2026_R16_Fonseca_Sinner,FONSECA,0.29,7.8,-3.0,0.91,0.6,0.5
Indian_Wells_2026_R16_Fonseca_Sinner,SINNER,0.38,6.3,-4.2,0.94,0.6,0.4
Indian_Wells_2026_R32_Medvedev_Baez,BAEZ,0.34,5.9,-3.5,0.8,0.7,0.5
Austin_2026_R32_Navarro_Sun,NAVARRO,0.26,4.4,-1.6,1.07,0.7,0.5
Austin_2026_R32_Fruhvirtova_Haddad-Maia,HADDAD MAIA,0.34,3.9,-3.2,0.93,0.7,0.4
Indian_Wells_2026_QF_Fils_Zverev,FILS,,,,,,
Indian_Wells_2026_QF_Tien_Sinner,SINNER,0.25,4.4,-3.0,0.86,0.6,0.4
Indian_Wells_2026_SF_Zverev_Sinner,SINNER,0.37,6.7,-4.3,0.66,0.6,0.4
Indian_Wells_2026_F_Medvedev_Sinner,SINNER,0.38,4.3,-4.3,0.59,0.6,0.4
United_Cup_2026_QF_Fritz_Tsitsipas,TSITSIPAS,0.38,3.9,-2.9,0.62,0.7,0.4
United_Cup_2026_RR_Harris_Tsitsipas,TSITSIPAS,1.77,2.7,-5.0,0.51,0.4,0.2
United_Cup_2026_RR_Tsitsipas_Mochizuki,TSITSIPAS,0.21,6.2,-2.2,0.9,0.6,0.4
Indian_Wells_2026_QF_Svitolina_Swiatek,SWIATEK,0.46,2.1,-5.0,0.85,0.6,0.3
Indian_Wells_2026_R16_Muchova_Swiatek,SWIATEK,0.39,5.0,-3.6,0.9,0.7,0.4
Indian_Wells_2026_R32_Sakkari_Swiatek,SWIATEK,0.96,4.3,-2.4,1.11,0.5,0.3
Indian_Wells_2026_R32_Osorio_Osaka,OSAKA,0.28,4.0,-2.8,0.82,0.7,0.4
Indian_Wells_2026_R64_Jimenez-Kasintseva_Osaka,OSAKA,0.38,4.1,-2.4,1.01,0.8,0.5
Indian_Wells_2026_R16_Sabalenka_Osaka,OSAKA,0.36,6.2,-2.7,1.37,0.7,0.5
Miami_2026_Q_Basavareddy_Barrios-Vera,BASAVAREDDY,0.38,5.4,-2.2,1.11,0.7,0.4
Miami_2026_Q_Bellucci_Cassone,BELLUCCI,0.35,4.3,-3.0,0.88,0.7,0.5
Miami_2026_Q_Bellucci_Jarry,BELLUCCI,0.36,5.0,-2.9,0.77,0.7,0.4
Miami_2026_Q_Blockx_O'Connell,BLOCKX,0.36,5.4,-3.4,1.08,0.7,0.4
Miami_2026_Q_Blockx_Tseng,BLOCKX,0.26,3.6,-1.4,0.85,0.7,0.4
Miami_2026_Q_Blockx_O'Connell,O'CONNELL,0.34,6.0,-4.2,0.86,0.7,0.4
Miami_2026_Q_Mejia_O'Connell,O'CONNELL,0.17,5.3,-2.2,0.75,0.5,0.3
Miami_2026_1st_Basilashvili_Navone,NAVONE,0.32,5.9,-3.0,0.95,0.7,0.5
Miami_2026_1st_Bergs_Brooksby,BERGS,0.35,6.5,-2.3,1.21,0.6,0.4
Miami_2026_1st_Tsitsipas_Fery,TSITSIPAS,0.2,4.7,-3.4,0.78,0.4,0.2
Miami_2026_1st_Majchrzak_Kecmanovic,KECMANOVIC,0.39,5.2,-3.3,0.99,0.7,0.5
Miami_2026_1st_Marozsan_Fonseca,FONSECA,0.33,5.4,-3.3,0.86,0.7,0.5
Miami_2026_1st_Michelsen_Bellucci,BELLUCCI,0.38,4.9,-3.7,0.95,0.8,0.5
Miami_2026_1st_Sonmez_Haddad-Maia,HADDAD MAIA,0.33,3.6,-3.1,0.93,0.8,0.5
Miami_2026_R64_Linette_Swiatek,SWIATEK,0.38,5.1,-3.6,0.95,0.7,0.4
Miami_2026_1st_Atmane_Altmaier,ALTMAIER,0.35,7.2,-3.1,1.03,0.7,0.4
Miami_2026_1st_Collignon_Dimitrov,DIMITROV,0.46,3.5,-4.2,0.93,0.6,0.3
Miami_2026_1st_Collignon_Dimitrov,COLLIGNON,0.38,5.1,-2.9,0.87,0.7,0.4
Miami_2026_R64_Collignon_Cobolli,COLLIGNON,0.54,4.4,-5.7,0.96,0.4,0.2
Miami_2026_1st_O'Connell_Fucsovics,O'CONNELL,0.3,4.8,-2.4,0.94,0.8,0.5
Miami_2026_1st_Walton_Baez,BAEZ,0.26,5.2,-2.5,0.88,0.8,0.5
Miami_2026_R64_Alcaraz_Fonseca,FONSECA,0.29,6.8,-1.9,0.95,0.7,0.5
Miami_2026_R64_Collignon_Cobolli,COBOLLI,0.36,4.2,-3.9,1.0,0.4,0.2
Miami_2026_R64_Navone_Vacherot,NAVONE,0.33,5.9,-3.4,0.92,0.7,0.4
Miami_2026_R64_Tsitsipas_de-Minaur,TSITSIPAS,0.34,6.6,-5.0,0.94,0.6,0.3
Miami_2026_R64_Fils_Blanch,FILS,0.38,4.6,-2.3,1.06,0.7,0.4
Miami_2026_R64_Bergs_Etcheverry,BERGS,0.38,5.1,-3.7,0.82,0.7,0.5
Miami_2026_R64_Bergs_Etcheverry,ETCHEVERRY,0.34,5.9,-3.3,0.92,0.7,0.5
Miami_2026_R64_Dzumhur_Sinner,SINNER,0.33,5.8,-3.9,1.0,0.7,0.5
Miami_2026_R64_Walton_Mensik,MENSIK,0.36,4.2,-2.7,0.89,0.8,0.5
Miami_2026_R64_Nakashima_Cilic,NAKASHIMA,0.35,4.1,-3.3,0.82,0.8,0.4
Miami_2026_R32_Fils_Tsitsipas,TSITSIPAS,0.44,7.3,-4.9,1.0,0.6,0.2
Miami_2026_R32_Fils_Tsitsipas,FILS,,,,,,
Miami_2026_R32_Jodar_Etcheverry,ETCHEVERRY,0.34,5.3,-3.4,1.01,0.7,0.5
Miami_2026_R32_Paul_Collignon,COLLIGNON,0.36,5.5,-2.7,1.06,0.6,0.4
Miami_2026_R32_Moutet_Sinner,SINNER,0.33,5.7,-3.6,1.24,0.6,0.4
Miami_2026_R32_Tiafoe_Mensik,MENSIK,0.42,5.2,-3.5,1.36,0.6,0.4
Miami_2026_R32_Zheng_Keys,ZHENG,0.36,3.3,-2.9,0.42,0.7,0.4
Miami_2026_R16_Etcheverry_Paul,ETCHEVERRY,0.4,5.6,-2.8,0.74,0.7,0.4
Miami_2026_R16_Michelsen_Sinner,SINNER,0.46,5.0,-4.0,0.82,0.6,0.4
Miami_2026_R16_Vacherot_Fils,FILS,0.36,5.7,-4.8,1.26,0.7,0.4
Doha_2026_QF_Mboko_Rybakina,MBOKO,0.41,4.6,-2.3,1.2,0.7,0.4
Doha_2026_QF_Mboko_Rybakina,RYBAKINA,0.43,3.8,-3.2,0.87,0.6,0.4
Doha_2026_R16_Zheng_Rybakina,RYBAKINA,0.36,4.5,-2.4,1.06,0.7,0.4
Doha_2026_R32_Wang_Rybakina,RYBAKINA,0.31,3.4,-2.8,0.61,0.7,0.4
Dubai_2026_R16_Rybakina_Ruzic,RYBAKINA,0.43,3.9,-2.6,0.97,0.7,0.4
Dubai_2026_R32_Rybakina_Birrell,RYBAKINA,0.51,4.5,-3.0,1.28,0.9,0.5
Indian_Wells_2026_F_Sabalenka_Rybakina,RYBAKINA,0.4,4.3,-3.3,0.92,0.7,0.4
Indian_Wells_2026_QF_Pegula_Rybakina,RYBAKINA,0.4,4.4,-3.3,0.93,0.7,0.4
Indian_Wells_2026_R16_Kartal_Rybakina,RYBAKINA,0.38,3.6,-1.6,0.84,0.7,0.4
Indian_Wells_2026_R32_Kostyuk_Rybakina,RYBAKINA,0.34,4.3,-2.5,1.01,0.6,0.4
Indian_Wells_2026_R64_Baptiste_Rybakina,RYBAKINA,0.46,3.4,-2.5,0.81,0.9,0.5
Indian_Wells_2026_SF_Rybakina_Svitolina,RYBAKINA,0.37,4.0,-3.6,0.77,0.8,0.4
Miami_2026_R16_Rybakina_Gibson,RYBAKINA,0.42,4.7,-3.1,0.98,0.8,0.4
Miami_2026_R32_Rybakina_Kostyuk,RYBAKINA,0.47,3.6,-2.4,0.84,0.8,0.5
Miami_2026_R64_Rybakina_Putintseva,RYBAKINA,0.33,3.1,-2.2,1.06,0.7,0.5
Doha_2026_R16_Zheng_Rybakina,ZHENG,0.34,4.1,-2.6,0.91,0.7,0.5
Miami_2026_QF_Paul_Fils,FILS,0.31,5.3,-3.7,1.18,0.6,0.4
Miami_2026_QF_Tiafoe_Sinner,SINNER,0.4,6.0,-3.2,1.17,0.6,0.3
Miami_2026_SF_Lehecka_Fils,FILS,0.46,5.3,-5.5,0.92,0.7,0.3
Miami_2026_SF_Zverev_Sinner,SINNER,0.28,6.1,-4.6,0.92,0.6,0.3
Miami_2026_F_Lehecka_Sinner,LEHECKA,0.25,4.7,-3.1,0.79,0.7,0.4
Miami_2026_F_Lehecka_Sinner,SINNER,0.34,5.1,-3.3,0.88,0.7,0.5
Bucharest_2026_R32_Altmaier_Martinez,ALTMAIER,0.32,5.7,-4.0,1.14,0.7,0.5
Bucharest_2026_R32_Baez_Gaubas,BAEZ,0.32,6.4,-2.4,1.12,0.7,0.5
Bucharest_2026_R32_O'Connell_Navone,NAVONE,0.34,6.8,-4.9,1.08,0.7,0.5
Bucharest_2026_R32_O'Connell_Navone,O'CONNELL,0.37,5.7,-3.2,0.84,0.8,0.5
Houston_2026_R32_Basavareddy_Draxl,BASAVAREDDY,0.33,5.2,-2.6,1.12,0.7,0.4
Houston_2026_R32_Damm_Nakashima,NAKASHIMA,0.33,5.1,-3.9,0.9,0.7,0.4
Houston_2026_R32_Pinnington-jones_Zhang,ZHANG,0.38,5.9,-4.2,1.34,0.6,0.4
Marrakech_2026_R32_Bellucci_Bennani,BELLUCCI,0.4,4.8,-3.8,0.84,0.7,0.4
Houston_2026_R32_Etcheverry_Gomez,GOMEZ,0.26,4.2,-4.2,1.04,0.5,0.3
Houston_2026_R32_Etcheverry_Gomez,ETCHEVERRY,0.31,7.0,-2.9,1.06,0.7,0.5
Bucharest_2026_R16_Moller_Navone,NAVONE,0.33,6.0,-4.1,0.92,0.7,0.5
Houston_2026_R16_Etcheverry_Bolt,ETCHEVERRY,0.49,4.9,-3.5,0.98,0.6,0.3
Houston_2026_R16_Shelton_Zhang,ZHANG,0.29,5.5,-2.7,0.7,0.7,0.5
Marrakech_2026_R16_Darderi_Bellucci,BELLUCCI,0.39,4.4,-3.2,0.96,0.7,0.5
AO_2026_R64_Fruhvirtova_Valentova,VALENTOVA,0.39,2.5,-2.8,0.79,0.8,0.5
Doha_2026_Q_Valentova_Seidel,VALENTOVA,0.37,4.2,-3.2,0.82,0.8,0.5
Doha_2026_R32_Valentova_Muchova,VALENTOVA,0.36,4.7,-3.9,0.9,0.8,0.5
Indian-Wells_2026_1st_Vekic_Valentova,VALENTOVA,0.51,4.6,-3.5,0.97,0.7,0.4
Miami_2026_1st_Valentova_Volynets,VALENTOVA,0.3,4.8,-2.3,1.03,0.7,0.5
Miami_2026_1st_Lys_Starodubtseva,STARODUBTSEVA,0.38,4.0,-2.3,0.93,0.6,0.4
Miami_2026_Q_Inglis_Starodubtseva,STARODUBTSEVA,0.4,4.6,-2.9,1.06,0.8,0.5
Miami_2026_R32_Anisimova_Starodubtseva,STARODUBTSEVA,0.3,4.4,-2.8,0.99,0.6,0.5
Miami_2026_R64_Starodubtseva_Bucsa,STARODUBTSEVA,0.33,4.2,-2.6,0.97,0.7,0.4
Houston_2026_R16_Burruchaga_Nakashima,NAKASHIMA,0.32,4.1,-4.8,0.38,0.8,0.4
Houston_2026_R16_Tien_Basavareddy,BASAVAREDDY,0.35,5.3,-2.6,1.06,0.7,0.5
Adelaide_2026_R16_Opelka_Paul,OPELKA,0.33,5.2,-4.0,1.08,0.5,0.3
Adelaide_2026_R32_Opelka_Popyrin,OPELKA,0.36,5.4,-2.8,0.96,0.7,0.4
Athens_2025_R32_Opelka_Kopriva,OPELKA,0.34,5.0,-3.9,0.67,0.7,0.4
Barcelona_2025_R32_Tsitsipas_Opelka,OPELKA,0.42,5.1,-2.1,0.96,0.6,0.4
Basel_2025_QF_Humbert_Opelka,OPELKA,0.45,4.2,-2.7,1.15,0.7,0.4
Basel_2025_Q_Opelka_Brunold,OPELKA,0.55,2.9,-2.8,0.95,0.5,0.3
Basel_2025_Q_Opelka_van-de-Zandschulp,OPELKA,0.69,3.5,-3.3,1.59,0.6,0.4
Basel_2025_R16_Opelka_van-de-Zandschulp,OPELKA,0.62,4.5,-2.0,1.46,0.7,0.4
Basel_2025_R32_Baez_Opelka,OPELKA,0.33,3.4,-3.0,1.01,0.8,0.4
Brisbane_2025_QF_Djokovic_Opelka,OPELKA,0.37,3.6,-2.9,0.75,0.5,0.3
Brisbane_2025_R16_Opelka_Arnaldi,OPELKA,0.26,4.5,-3.7,1.08,0.5,0.3
Brisbane_2025_R32_Gomez_Opelka,OPELKA,0.31,5.7,-2.7,1.01,0.6,0.3
Brisbane_2025_SF_Opelka_Mpetshi-Perricard,OPELKA,0.36,5.9,-3.2,1.2,0.7,0.4
Brisbane_2026_R16_Majchrzak_Opelka,OPELKA,0.46,5.0,-3.8,1.01,0.7,0.4
Brisbane_2026_R32_Opelka_Sweeny,OPELKA,0.04,2.8,-0.4,0.68,0.7,0.5
Brussels_2025_R32_Opelka_Bonzi,OPELKA,0.36,2.4,0.3,1.66,0.8,0.5
Cincinnati_2025_1st_Dellien_Opelka,OPELKA,,,,,,
Cincinnati_2025_R32_Opelka_Comesana,OPELKA,0.36,3.7,-1.5,0.98,0.6,0.5
Cincinnati_2025_R64_de-Minaur_Opelka,OPELKA,0.4,4.5,-3.0,1.1,0.7,0.4
Dallas_2025_QF_Paul_Opelka,OPELKA,0.22,5.3,-0.8,1.24,0.6,0.4
Dallas_2025_R16_Opelka_Norrie,OPELKA,0.29,3.8,-2.6,0.87,0.6,0.4
Dallas_2025_R32_Opelka_Shevchenko,OPELKA,0.53,5.3,-3.9,1.17,0.7,0.4
Delray_Beach_2025_R16_Opelka_Nakashima,OPELKA,,,,,,
Delray_Beach_2025_R32_Eubanks_Opelka,OPELKA,0.39,6.3,-2.3,1.02,0.7,0.5
Eastbourne_2025_R16_Mensik_Opelka,OPELKA,0.98,2.5,-3.8,0.73,0.4,0.3
Eastbourne_2025_R32_Loffhagen_Opelka,OPELKA,0.29,4.7,-2.3,0.91,0.7,0.4
Geneva_2025_Q_Opelka_Dalla-Valle,OPELKA,0.46,3.3,-3.9,0.02,0.6,0.2
Geneva_2025_Q_Opelka_Ofner,OPELKA,0.36,3.7,-3.2,0.78,0.6,0.3
Hertogenbosch_2025_QF_Medvedev_Opelka,OPELKA,0.24,5.1,-4.6,0.34,0.5,0.2
Hertogenbosch_2025_Q_Opelka_Lajal,OPELKA,0.32,4.1,-1.8,0.97,0.6,0.4
Hertogenbosch_2025_Q_Opelka_Yevseyev,OPELKA,0.73,0.1,-3.0,0.87,0.3,0.2
Hertogenbosch_2025_R16_Opelka_Jarry,OPELKA,0.4,1.1,-1.6,0.55,1.0,0.5
Hertogenbosch_2025_R32_Opelka_De-jong,OPELKA,0.53,4.1,-2.3,1.08,0.6,0.4
Hertogenbosch_2025_SF_Opelka_Bergs,OPELKA,0.4,5.7,-2.8,0.9,0.7,0.5
Indian-Wells_2025_1st_Safiullin_Opelka,OPELKA,0.24,5.7,-1.7,1.13,0.6,0.3
Indian_Wells_2026_1st_Opelka_Quinn,OPELKA,0.29,5.2,-1.2,1.27,0.6,0.4
Indian_Wells_2026_R64_Shelton_Opelka,OPELKA,0.44,4.5,-2.5,1.19,0.7,0.5
Madrid_2025_1st_Opelka_Hijikata,OPELKA,0.29,3.7,-4.0,1.12,0.5,0.3
Madrid_2025_R64_Khachanov_Opelka,OPELKA,,,,,,
Miami_2025_1st_Eubanks_Opelka,OPELKA,0.36,5.6,-2.4,1.11,0.7,0.4
Miami_2025_R32_Opelka_Machac,OPELKA,0.3,3.7,-1.8,1.09,0.7,0.5
Miami_2025_R64_Rune_Opelka,OPELKA,0.32,5.3,-2.8,1.2,0.6,0.4
Miami_2026_1st_Opelka_Borges,OPELKA,0.33,4.3,-2.7,1.02,0.7,0.4
Miami_2026_R32_Opelka_Fritz,OPELKA,0.32,3.7,-1.1,0.85,0.7,0.5
Miami_2026_R64_Draper_Opelka,OPELKA,0.33,4.6,-2.3,0.99,0.7,0.5
Paris_2025_Q_Opelka_Bellucci,OPELKA,,,,,,
Paris_2025_R64_Moutet_Opelka,OPELKA,0.41,3.7,-1.7,1.23,0.8,0.5
Queens_2025_R16_Opelka_Rinderknech,OPELKA,0.49,3.0,-1.1,1.31,0.5,0.3
Queens_2025_R32_Opelka_Ugo-Carabelli,OPELKA,0.02,4.9,-0.8,1.3,0.3,0.2
Rogers_cup_2025_1st_Ofner_Opelka,OPELKA,0.22,3.8,-3.0,0.67,0.6,0.4
Rogers_cup_2025_R32_Tien_Opelka,OPELKA,0.32,4.5,-1.2,1.32,0.6,0.4
Rogers_cup_2025_R64_Opelka_Machac,OPELKA,0.18,3.4,-1.0,1.15,0.7,0.4
Rome_2025_1st_Tien_Opelka,OPELKA,0.34,4.7,-2.9,0.96,0.8,0.5
Shanghai_2025_1st_Opelka_Bonzi,OPELKA,0.37,4.8,-2.5,1.06,0.7,0.4
Washington_2025_R32_Medvedev_Opelka,OPELKA,0.44,4.9,-4.6,1.3,0.8,0.5
Washington_2025_R64_Opelka_Cassone,OPELKA,0.4,4.5,-3.3,0.62,0.6,0.3
Bucharest_2026_QF_Altmaier_Marozsan,MAROZSAN,0.34,4.9,-3.3,0.94,0.8,0.6
Bucharest_2026_R16_Sakellaridis_Marozsan,MAROZSAN,0.37,5.0,-3.8,0.95,0.8,0.5
Bucharest_2026_SF_Marozsan_Merida,MAROZSAN,0.39,5.0,-4.1,0.91,0.8,0.4
Bucharest_2026_QF_Altmaier_Marozsan,ALTMAIER,0.3,4.9,-3.1,1.02,0.7,0.5
Bucharest_2026_R16_Altmaier_Prizmic,ALTMAIER,0.29,5.9,-3.3,1.02,0.7,0.5
Bucharest_2026_QF_Molcan_Navone,NAVONE,0.31,5.5,-3.3,0.9,0.8,0.5
Bucharest_2026_SF_Navone_van-de-Zandschulp,NAVONE,0.35,6.7,-3.8,1.0,0.7,0.4
Miami_2026_1st_Marozsan_Fonseca,MAROZSAN,0.34,4.9,-3.3,0.97,0.7,0.4
Monte_Carlo_2026_Q_Maestrelli_Blockx,BLOCKX,0.27,5.3,-2.3,1.22,0.7,0.5
Monte_Carlo_2026_R64_Bergs_Mannarino,BERGS,0.31,5.8,-4.2,0.93,0.7,0.5
Monte_Carlo_2026_R64_Cerundolo_Tsitsipas,TSITSIPAS,0.39,7.4,-5.4,1.25,0.7,0.4
Monte_Carlo_2026_R64_Altmaier_Machac,ALTMAIER,0.55,5.1,-6.0,1.0,0.7,0.4
Monte_Carlo_2026_R64_Fonseca_Diallo,FONSECA,0.23,4.0,-3.5,0.67,0.6,0.4
Monte_Carlo_2026_R64_Shapovalov_Blockx,BLOCKX,0.41,4.9,-3.5,1.13,0.7,0.5
Monte_Carlo_2026_R32_Humbert_Sinner,SINNER,0.3,4.6,-3.3,0.92,0.7,0.5
Monte_Carlo_2026_R64_Dzumhur_Marozsan,MAROZSAN,0.34,5.8,-3.9,1.01,0.7,0.5
Monte_Carlo_2026_R64_Etcheverry_Dimitrov,ETCHEVERRY,0.37,6.1,-2.9,1.1,0.7,0.4
Monte_Carlo_2026_R32_Fonseca_Rinderknech,FONSECA,0.32,5.5,-2.7,1.26,0.7,0.5
Monte_Carlo_2026_R32_Rublev_Bergs,BERGS,0.35,5.5,-3.7,1.0,0.7,0.5
Monte_Carlo_2026_R16_Bergs_Zverev,BERGS,0.28,4.8,-2.7,1.18,0.7,0.4
Monte_Carlo_2026_R16_Berrettini_Fonseca,FONSECA,0.4,3.7,-3.0,0.82,0.5,0.3
Monte_Carlo_2026_R16_Machac_Sinner,SINNER,0.34,6.5,-4.4,1.19,0.6,0.4
Monte_Carlo_2026_R32_Etcheverry_Atmane,ETCHEVERRY,0.34,6.6,-3.9,1.18,0.7,0.5
Monte_Carlo_2026_R16_Alcaraz_Etcheverry,ETCHEVERRY,0.34,5.7,-3.0,1.02,0.6,0.4
Charleston_2026_F_Pegula_Starodubtseva,STARODUBTSEVA,0.36,4.8,-2.8,0.97,0.8,0.5
Charleston_2026_QF_Kessler_Starodubtseva,STARODUBTSEVA,0.33,5.1,-3.3,1.1,0.6,0.4
Charleston_2026_R16_Zarazua_Starodubtseva,STARODUBTSEVA,0.33,5.4,-4.6,0.94,0.8,0.5
Charleston_2026_R32_Starodubtseva_Gorgodze,STARODUBTSEVA,0.3,4.4,-3.2,1.15,0.6,0.4
Charleston_2026_R64_Zhang_Starodubtseva,STARODUBTSEVA,0.35,5.5,-3.6,1.03,0.7,0.5
Charleston_2026_SF_Keys_Starodubtseva,STARODUBTSEVA,0.3,4.0,-4.4,0.95,0.7,0.4
Monte_Carlo_2026_QF_Auger-Aliassime_Sinner,SINNER,0.34,5.6,-4.3,0.98,0.6,0.3
Monte_Carlo_2026_QF_Fonseca_Zverev,FONSECA,0.27,6.0,-4.2,0.91,0.6,0.4
Monte_Carlo_2026_SF_Zverev_Sinner,SINNER,0.24,6.4,-2.1,1.02,0.6,0.4
Auckland_2026_R16_Brooksby_Baez,BROOKSBY,0.35,5.3,-3.7,0.92,0.7,0.4
Auckland_2026_R32_Brooksby_Watt,BROOKSBY,0.3,5.0,-2.0,1.25,0.6,0.4
Basel_2025_R16_Brooksby_Davidovich-Fokina,BROOKSBY,0.31,5.3,-2.7,1.19,0.6,0.4
Basel_2025_R32_Brooksby_Muller,BROOKSBY,0.32,5.1,-2.8,1.13,0.7,0.4
Cincinnati_2025_1st_Brooksby_Muller,BROOKSBY,0.31,4.7,-3.0,0.77,0.7,0.4
Cincinnati_2025_R32_Khachanov_Brooksby,BROOKSBY,0.4,5.0,-3.3,1.08,0.7,0.4
Cincinnati_2025_R64_Brooksby_Cazaux,BROOKSBY,0.1,4.3,-3.5,0.93,0.3,0.2
Dallas_2026_R32_Paul_Brooksby,BROOKSBY,0.39,5.1,-3.2,1.05,0.6,0.3
Doha_2026_R32_Lehecka_Brooksby,BROOKSBY,0.27,4.6,-2.1,1.22,0.7,0.5
Dubai_2026_QF_Medvedev_Brooksby,BROOKSBY,0.26,3.6,-3.0,0.62,0.7,0.4
Dubai_2026_R16_Brooksby_Khachanov,BROOKSBY,0.31,4.1,-3.3,0.88,0.6,0.4
Dubai_2026_R32_Bergs_Brooksby,BROOKSBY,0.34,5.2,-3.6,0.82,0.7,0.5
Eastbourne_2025_F_Fritz_Brooksby,BROOKSBY,0.36,4.8,-3.5,1.05,0.7,0.4
Eastbourne_2025_QF_Brooksby_Evans,BROOKSBY,0.35,4.1,-2.7,0.96,0.7,0.4
Eastbourne_2025_Q_Brooksby_Majchrzak,BROOKSBY,0.36,5.1,-3.0,1.05,0.8,0.5
Eastbourne_2025_Q_Vukic_Brooksby,BROOKSBY,0.4,3.8,-3.2,1.01,0.8,0.5
Eastbourne_2025_R16_Borges_Brooksby,BROOKSBY,0.35,5.1,-3.2,0.88,0.8,0.5
Eastbourne_2025_R32_Brooksby_Comesana,BROOKSBY,0.36,5.0,-2.5,1.03,0.7,0.4
Eastbourne_2025_SF_Humbert_Brooksby,BROOKSBY,0.28,5.2,-2.5,0.98,0.7,0.4
Geneva_2025_Q_Albot_Brooksby,BROOKSBY,0.35,4.4,-4.1,0.92,0.6,0.4
Geneva_2025_Q_Norrie_Brooksby,BROOKSBY,0.26,4.9,-3.4,1.08,0.6,0.4
Houston_2025_F_Brooksby_Tiafoe,BROOKSBY,0.28,6.0,-3.0,1.14,0.7,0.5
Houston_2025_QF_Brooksby_Kovacevic,BROOKSBY,0.28,5.3,-3.2,0.97,0.6,0.4
Houston_2025_Q_Brooksby_Maloney,BROOKSBY,0.35,3.7,-3.7,0.98,0.5,0.3
Houston_2025_Q_Gomez_Brooksby,BROOKSBY,0.32,6.0,-3.2,1.03,0.7,0.4
Houston_2025_R16_Tabilo_Brooksby,BROOKSBY,0.27,5.0,-1.9,0.91,0.7,0.4
Houston_2025_R32_Daniel_Brooksby,BROOKSBY,0.43,4.7,-2.4,1.29,0.7,0.4
Houston_2025_SF_Paul_Brooksby,BROOKSBY,0.3,5.7,-3.4,0.92,0.6,0.4
Houston_2026_R32_Mcdonald_Brooksby,BROOKSBY,0.34,4.5,-2.4,1.01,0.6,0.4
Indian_Wells_2025_1st_Bonzi_Brooksby,BROOKSBY,0.28,5.6,-3.2,1.12,0.6,0.4
Indian_Wells_2025_R32_Draper_Brooksby,BROOKSBY,0.33,5.4,-3.2,1.15,0.7,0.5
Indian_Wells_2025_R64_Brooksby_Auger-Aliassime,BROOKSBY,0.34,5.5,-3.0,1.09,0.7,0.4
Indian_Wells_2026_1st_Brooksby_Popyrin,BROOKSBY,0.29,4.7,-3.0,1.0,0.6,0.4
Indian_Wells_2026_R64_Brooksby_Tiafoe,BROOKSBY,0.35,4.7,-2.4,0.92,0.6,0.4
Miami_2025_1st_Safiullin_Brooksby,BROOKSBY,0.35,5.2,-3.7,0.96,0.7,0.5
Miami_2026_1st_Bergs_Brooksby,BROOKSBY,0.43,4.2,-2.6,1.03,0.7,0.4
Paris_2025_Q_Brooksby_van-de-Zandschulp,BROOKSBY,0.36,3.7,-2.8,0.9,0.7,0.4
Queens_2025_R32_Brooksby_Draper,BROOKSBY,0.29,4.7,-2.2,0.89,0.7,0.5
Rogers_cup_2025_1st_Moutet_Brooksby,BROOKSBY,0.45,4.0,-4.6,1.29,0.6,0.2
Shanghai_2025_1st_Brooksby_Trotter,BROOKSBY,0.51,4.6,-2.9,1.11,0.6,0.3
Shanghai_2025_R64_Griekspoor_Brooksby,BROOKSBY,0.28,5.3,-1.6,1.22,0.6,0.4
Tokyo_2025_QF_Brooksby_Rune,BROOKSBY,0.37,6.4,-2.0,1.02,0.6,0.3
Tokyo_2025_R16_Brooksby_Darderi,BROOKSBY,0.33,4.7,-3.1,0.82,0.7,0.4
Tokyo_2025_R32_Humbert_Brooksby,BROOKSBY,0.37,5.0,-2.4,0.97,0.7,0.4
Tokyo_2025_SF_Brooksby_Fritz,BROOKSBY,0.31,4.4,-2.0,0.62,0.7,0.4
Barcelona_2026_R32_Opelka_Quinn,OPELKA,0.38,5.0,-2.8,1.25,0.6,0.3
Munich_2026_R32_Tabilo_Fonseca,FONSECA,0.31,6.1,-2.9,0.94,0.7,0.5
Munich_2026_R32_Zhang_Darderi,ZHANG,0.37,5.7,-4.6,1.07,0.7,0.5
Munich_2026_R32_Bergs_Topo,BERGS,0.15,5.5,-4.1,1.42,0.5,0.3
Munich_2026_R32_Cilic_Altmaier,ALTMAIER,0.29,6.7,-1.9,0.98,0.6,0.4
Munich_2026_R32_Engel_Kopriva,ENGEL,0.35,5.6,-3.9,1.18,0.7,0.4
Munich_2026_R32_Zverev_Kecmanovic,KECMANOVIC,0.32,5.8,-2.7,0.93,0.7,0.5
Barcelona_2026_R32_Fils_Atmane,FILS,0.41,5.8,-3.6,1.21,0.6,0.4
Barcelona_2026_R32_Nakashima_Cerundolo,NAKASHIMA,0.29,4.4,-2.4,0.9,0.7,0.5
Barcelona_2026_R32_Navone_Rublev,NAVONE,0.43,4.9,-4.4,1.11,0.6,0.4
Barcelona_2026_R16_Borges_Etcheverry,ETCHEVERRY,0.3,5.7,-3.9,0.9,0.6,0.4
Munich_2026_R16_Rinderknech_Fonseca,FONSECA,0.28,6.5,-3.1,1.3,0.6,0.4
Munich_2026_R32_Marozsan_Tsitsipas,MAROZSAN,0.3,5.4,-3.0,0.94,0.6,0.4
Munich_2026_R32_Marozsan_Tsitsipas,TSITSIPAS,0.36,5.2,-3.2,0.94,0.6,0.3
Barcelona_2026_R16_De-minaur_Medjedovic,MEDJEDOVIC,0.37,6.2,-4.3,1.17,0.7,0.4
Munich_2026_R16_Blockx_Shelton,BLOCKX,0.35,4.4,-2.1,0.97,0.6,0.4
Munich_2026_R16_Cobolli_Bergs,BERGS,0.34,4.4,-4.1,0.71,0.6,0.3
Barcelona_2026_R16_Fils_Nakashima,NAKASHIMA,0.4,6.6,-4.4,0.72,0.7,0.4
Barcelona_2026_R16_Fils_Nakashima,FILS,0.12,5.2,-0.8,0.99,0.4,0.2
Munich_2026_R16_Altmaier_Molcan,ALTMAIER,0.37,4.9,-3.4,0.75,0.7,0.5
Munich_2026_R16_Shapovalov_Marozsan,MAROZSAN,0.39,5.0,-2.3,1.1,0.6,0.4
Barcelona_2026_QF_Fils_Musetti,FILS,0.46,5.9,-3.6,1.16,0.8,0.5
Barcelona_2026_QF_Medjedovic_Borges,MEDJEDOVIC,0.34,5.9,-3.7,0.99,0.6,0.4
Stuttgart_2026_QF_Swiatek_Andreeva,SWIATEK,0.46,4.5,-3.2,0.95,0.7,0.4
Stuttgart_2026_R16_Swiatek_Siegemund,SWIATEK,0.44,4.4,-5.2,1.07,0.6,0.4
Stuttgart_2026_R16_Rybakina_Shnaider,RYBAKINA,0.33,4.5,-2.8,0.93,0.7,0.5
Munich_2026_QF_Fonseca_Shelton,FONSECA,0.27,5.9,-2.0,0.99,0.6,0.4
Barcelona_2026_F_Rublev_Fils,FILS,0.46,6.4,-3.5,1.46,0.7,0.5
Barcelona_2026_SF_Jodar_Fils,FILS,0.34,6.0,-3.0,1.17,0.7,0.4
Barcelona_2026_SF_Rublev_Medjedovic,MEDJEDOVIC,0.33,5.2,-3.4,1.14,0.7,0.5
Madrid_2026_Q_Prizmic_O'Connell,PRIZMIC,0.37,4.3,-3.4,0.78,0.6,0.3
Madrid_2026_Q_Prizmic_O'Connell,O'CONNELL,0.3,5.1,-3.4,1.02,0.7,0.4
Stuttgart_2026_F_Rybakina_Muchova,RYBAKINA,0.4,4.7,-2.1,1.4,0.7,0.5
Stuttgart_2026_QF_Rybakina_Fernandez,RYBAKINA,0.4,4.3,-2.9,1.02,0.8,0.6
Stuttgart_2026_SF_Rybakina_Andreeva,RYBAKINA,0.57,3.4,-3.3,1.08,0.5,0.3
Stuttgart_2026_SF_Rybakina_Andreeva,ANDREEVA,0.36,4.9,-3.4,0.88,0.7,0.4
Madrid_2026_1st_Bergs_Cilic,BERGS,0.33,5.7,-3.8,1.17,0.6,0.4
Madrid_2026_1st_Dzumhur_Bellucci,BELLUCCI,0.35,4.4,-3.9,0.84,0.8,0.5
Madrid_2026_1st_Zhang_Kopriva,ZHANG,0.29,4.4,-1.1,0.99,0.8,0.5
Madrid_2026_1st_Brooksby_Nava,BROOKSBY,0.58,4.7,-3.3,1.45,0.9,0.5
Madrid_2026_R64_Swiatek_Snigur,SWIATEK,0.36,6.1,-3.3,1.07,0.7,0.5
Madrid_2026_1st_Altmaier_Cerundolo,ALTMAIER,0.36,7.3,-3.8,1.18,0.7,0.4
Madrid_2026_1st_Atmane_Kecmanovic,KECMANOVIC,0.28,4.4,-3.4,0.84,0.7,0.5
Madrid_2026_1st_Borges_Navone,NAVONE,0.34,4.5,-3.3,0.99,0.7,0.4
Madrid_2026_1st_Garin_Blockx,BLOCKX,0.34,4.6,-3.0,1.02,0.6,0.3
Madrid_2026_1st_Kypson_Tsitsipas,TSITSIPAS,0.34,7.7,-5.9,1.12,0.7,0.5
Madrid_2026_1st_Marozsan_Quinn,MAROZSAN,0.29,5.4,-3.3,1.04,0.7,0.5
Madrid_2026_R64_Fils_Buse,FILS,0.25,4.1,-3.0,1.4,0.5,0.3
Madrid_2026_R64_Ofner_Etcheverry,ETCHEVERRY,0.31,5.7,-2.1,0.97,0.7,0.5
Madrid_2026_R64_Sinner_Bonzi,SINNER,0.44,4.6,-3.6,0.94,0.6,0.3
Madrid_2026_R64_Damm_Mensik,MENSIK,0.02,5.9,-0.3,1.28,0.4,0.2
Madrid_2026_R64_Nakashima_Blockx,NAKASHIMA,0.27,3.9,-3.6,0.86,0.7,0.4
Madrid_2026_R64_Nakashima_Blockx,BLOCKX,0.23,4.3,-5.8,1.28,0.6,0.4
Madrid_2026_R64_Navone_Zverev,NAVONE,0.4,4.5,-4.1,1.06,0.6,0.3
Madrid_2026_R64_Bublik_Tsitsipas,TSITSIPAS,0.39,4.4,-2.1,0.84,0.6,0.4
Madrid_2026_R64_Medvedev_Marozsan,MAROZSAN,0.33,5.2,-2.2,1.08,0.7,0.5
Madrid_2026_R32_Fils_Nava,FILS,0.46,4.4,-2.9,1.19,0.7,0.4
Madrid_2026_R32_Fonseca_Jodar,FONSECA,0.31,4.7,-1.8,0.91,0.8,0.5
Madrid_2026_R32_Prizmic_Etcheverry,PRIZMIC,0.48,4.2,-2.8,1.01,0.7,0.4
Madrid_2026_R32_Prizmic_Etcheverry,ETCHEVERRY,0.3,6.1,-2.9,1.13,0.7,0.4
Madrid_2026_R32_Sinner_Moller,SINNER,0.37,4.9,-2.8,0.83,0.7,0.5
Madrid_2026_R32_Tsitsipas_Merida,TSITSIPAS,0.37,5.3,-5.3,0.55,0.5,0.2
Madrid_2026_R32_Blockx_Auger-Aliassime,BLOCKX,0.28,5.5,-2.2,1.29,0.5,0.3
Madrid_2026_R32_Khachanov_Mensik,MENSIK,0.3,5.3,-2.1,1.1,0.7,0.4
Madrid_2026_R32_Kalinina_Osaka,OSAKA,0.35,4.8,-2.0,1.2,0.8,0.5
Madrid_2026_R64_Osorio_Osaka,OSAKA,0.33,4.5,-2.9,1.03,0.7,0.5
Madrid_2026_R32_Swiatek_Li,SWIATEK,0.48,4.2,-3.0,1.08,0.8,0.5
Madrid_2026_R32_Zheng_Rybakina,RYBAKINA,0.36,3.6,-2.7,1.01,0.7,0.4
Madrid_2026_R64_Ruse_Rybakina,RYBAKINA,0.32,3.4,-2.5,0.97,0.7,0.5
Madrid_2026_R32_Zheng_Rybakina,ZHENG,0.36,4.7,-1.9,1.08,0.8,0.5
Madrid_2026_R64_Mcnally_Mboko,MBOKO,0.36,4.5,-2.9,0.9,0.9,0.6
Madrid_2026_R16_Etcheverry_Fils,FILS,0.37,5.5,-2.4,1.39,0.6,0.4
Madrid_2026_R16_Etcheverry_Fils,ETCHEVERRY,0.37,5.3,-2.5,1.23,0.7,0.4
Madrid_2026_R16_Sinner_Norrie,SINNER,0.32,4.6,-3.4,0.93,0.7,0.4
Madrid_2026_R16_Tsitsipas_Ruud,TSITSIPAS,0.28,6.7,-0.8,1.09,0.6,0.4
Madrid_2026_R16_Cerundolo_Blockx,BLOCKX,0.31,5.1,-2.8,0.96,0.8,0.5
Madrid_2026_QF_Fils_Lehecka,FILS,0.31,5.8,-2.0,1.11,0.8,0.6
Madrid_2026_QF_Sinner_Jodar,SINNER,0.33,5.9,-3.1,0.97,0.7,0.4
Madrid_2026_R16_Mensik_Zverev,MENSIK,0.26,5.4,-3.9,1.13,0.7,0.4
Madrid_2026_SF_Blockx_Zverev,BLOCKX,0.23,5.0,-2.4,1.23,0.6,0.4
Madrid_2026_SF_Sinner_Fils,FILS,0.24,5.6,-6.1,1.6,0.5,0.2
Madrid_2026_SF_Sinner_Fils,SINNER,,,,,,
Madrid_2026_F_Sinner_Zverev,SINNER,0.22,5.3,-2.4,0.66,0.8,0.5
Rome_2026_1st_Brooksby_Baez,BROOKSBY,0.3,5.2,-2.2,1.06,0.7,0.5
Rome_2026_1st_Marozsan_Kopriva,MAROZSAN,0.4,5.9,-4.6,1.33,0.7,0.4
Rome_2026_1st_Zhang_Altmaier,ALTMAIER,0.23,4.6,-4.1,0.84,0.7,0.5
Rome_2026_1st_Zhang_Altmaier,ZHANG,1.16,-0.8,-3.8,0.02,0.4,0.2
Rome_2026_1st_Bergs_Atmane,BERGS,0.24,4.6,-3.1,0.67,0.7,0.5
Rome_2026_1st_Burruchaga_Bellucci,BELLUCCI,0.37,4.4,-3.1,0.87,0.7,0.4
Rome_2026_1st_Cina_Blockx,BLOCKX,0.27,5.4,-1.7,1.2,0.7,0.5
Rome_2026_1st_Svrcina_Kecmanovic,KECMANOVIC,0.43,5.1,-3.3,0.97,0.7,0.5
Rome_2026_1st_Tsitsipas_Machac,TSITSIPAS,0.26,6.4,-1.4,1.02,0.6,0.5
Rome_2026_R64_Auger-Aliassime_Navone,NAVONE,0.28,6.0,-4.0,1.15,0.6,0.4
Rome_2026_R64_Etcheverry_Bellucci,ETCHEVERRY,0.35,5.0,-3.6,0.86,0.7,0.4
Rome_2026_R64_Etcheverry_Bellucci,BELLUCCI,0.38,4.3,-3.3,0.77,0.8,0.5
Rome_2026_R64_Medjedovic_Fonseca,FONSECA,0.34,5.2,-3.5,1.19,0.6,0.4
Rome_2026_R64_Medjedovic_Fonseca,MEDJEDOVIC,0.31,4.8,-3.1,0.94,0.7,0.4
Rome_2026_R64_Nakashima_Bautista-Agut,NAKASHIMA,0.35,5.3,-3.4,1.02,0.7,0.4
Rome_2026_R64_Popyrin_Mensik,MENSIK,0.3,5.7,-2.3,0.97,0.7,0.4
Rome_2026_R64_Rublev_Kecmanovic,KECMANOVIC,0.31,6.3,-3.3,1.05,0.7,0.5
Rome_2026_R64_Sinner_Ofner,SINNER,0.31,5.7,-2.2,0.98,0.7,0.5
Rome_2026_R32_Blockx_Zverev,BLOCKX,0.24,6.0,-2.9,1.24,0.6,0.4
Rome_2026_R32_Cocciaretto_Swiatek,SWIATEK,0.44,3.5,-4.1,0.38,0.7,0.4
Rome_2026_R64_Mcnally_Swiatek,SWIATEK,0.41,5.5,-3.4,1.07,0.8,0.5
Rome_2026_R32_Eala_Rybakina,RYBAKINA,0.37,4.3,-3.2,1.06,0.7,0.5
Rome_2026_R64_Sakkari_Rybakina,RYBAKINA,0.38,4.2,-3.4,1.0,0.8,0.5
Rome_2026_R64_Navarro_Cocciaretto,NAVARRO,0.36,3.8,-2.6,0.86,0.7,0.4
Rome_2026_R64_Osaka_Lys,OSAKA,0.39,4.4,-3.1,0.81,0.7,0.4
Rome_2026_R16_Osaka_Swiatek,OSAKA,0.32,4.1,-2.2,1.18,0.8,0.6
Rome_2026_R16_Osaka_Swiatek,SWIATEK,0.49,4.7,-4.1,1.03,0.7,0.4
Rome_2026_R16_Pliskova_Rybakina,RYBAKINA,0.37,3.8,-2.9,1.04,0.8,0.5
Rome_2026_R32_Bellucci_Landaluce,BELLUCCI,0.38,5.3,-3.2,1.11,0.6,0.4
Rome_2026_R32_Nakashima_Basilashvili,NAKASHIMA,0.28,5.4,-2.9,0.9,0.8,0.5
Rome_2026_R32_Navone_Medjedovic,MEDJEDOVIC,0.29,4.6,-3.2,0.97,0.7,0.4
Rome_2026_R32_Navone_Medjedovic,NAVONE,0.35,5.7,-2.9,0.92,0.7,0.5
Rome_2026_R32_Sinner_Popyrin,SINNER,0.34,5.4,-3.3,1.05,0.8,0.5
Rome_2026_QF_Sinner_Rublev,SINNER,0.38,5.7,-3.4,0.8,0.7,0.4
Rome_2026_R16_Sinner_Pellegrino,SINNER,0.39,4.5,-4.3,0.84,0.6,0.3
Rome_2026_QF_Pegula_Swiatek,SWIATEK,0.43,5.0,-3.9,0.63,0.7,0.4
Rome_2026_SF_Swiatek_Svitolina,SWIATEK,0.39,4.9,-3.9,0.74,0.7,0.4
Rome_2026_QF_Svitolina_Rybakina,RYBAKINA,0.41,3.6,-2.5,0.92,0.7,0.4
Madrid_2026_R64_Zheng_Kenin,ZHENG,0.39,4.7,-2.6,0.97,0.7,0.5
Rome_2026_1st_Bondar_Zheng,ZHENG,0.3,5.7,-0.9,1.3,0.7,0.5
Rome_2026_R32_Zheng_Ostapenko,ZHENG,0.29,6.4,-1.5,1.14,0.7,0.5
Rome_2026_R64_Bucsa_Zheng,ZHENG,0.45,5.5,-3.9,0.99,0.7,0.5
Rome_2026_1st_Bondar_Zheng,BONDAR,0.37,4.1,-3.7,0.76,0.7,0.3
Rome_2026_F_Sinner_Ruud,SINNER,0.3,5.2,-3.7,0.81,0.7,0.4
Rome_2026_SF_Sinner_Medvedev,SINNER,0.29,5.8,-3.1,1.03,0.7,0.4
Geneva_2026_Q_Bernet_Comesana,BERNET,0.49,4.6,-2.2,1.29,0.6,0.4
Geneva_2026_Q_Feldbausch_Basavareddy,BASAVAREDDY,0.36,6.4,-2.8,1.28,0.7,0.5
Geneva_2026_Q_Galan_Basavareddy,BASAVAREDDY,0.33,4.7,-2.6,1.05,0.7,0.4
Geneva_2026_R32_Trungelliti_Navone,NAVONE,0.38,5.3,-3.1,1.0,0.7,0.4
Geneva_2026_R32_Tsitsipas_Mpetshi-Perricard,TSITSIPAS,0.53,3.1,-2.4,1.27,0.7,0.4
Hamburg_2026_Q_Kovacevic_Zhang,ZHANG,0.26,5.1,-3.9,0.82,0.7,0.4
Hamburg_2026_R32_Altmaier_Hijikata,ALTMAIER,0.41,4.2,-4.6,1.0,0.6,0.4
Hamburg_2026_R32_Atmane_Etcheverry,ETCHEVERRY,,,,,,
Hamburg_2026_R32_Mensik_Struff,MENSIK,0.3,4.6,-3.0,0.94,0.5,0.3
Strasbourg_2026_R32_Bejlek_Navarro,NAVARRO,0.34,4.1,-2.8,0.95,0.8,0.6
Geneva_2026_R32_Basavareddy_Munar,BASAVAREDDY,0.41,4.6,-2.5,0.97,0.9,0.6
Geneva_2026_R32_Brooksby_Ruud,BROOKSBY,0.36,5.3,-2.2,1.1,0.7,0.4
Geneva_2026_R16_Collignon_Ruud,COLLIGNON,0.32,6.7,-3.0,1.03,0.7,0.5
Geneva_2026_R16_Norrie_Navone,NAVONE,0.38,4.6,-3.3,0.85,0.7,0.5
Geneva_2026_R16_Tsitsipas_Tien,TSITSIPAS,0.34,5.5,-2.9,1.15,0.7,0.4
Geneva_2026_R16_Tsitsipas_Tien,TIEN,0.4,5.0,-4.3,1.04,0.7,0.4
Hamburg_2026_R16_Buse_Mensik,MENSIK,0.35,5.2,-3.3,1.18,0.7,0.4
Hamburg_2026_R16_Paul_Etcheverry,ETCHEVERRY,0.33,6.0,-3.6,0.97,0.6,0.4
Strasbourg_2026_R16_Navarro_Jovic,NAVARRO,0.37,4.6,-2.7,0.78,0.8,0.5
Strasbourg_2026_R16_Navarro_Jovic,JOVIC,0.4,5.3,-2.9,1.04,0.7,0.4
Strasbourg_2026_QF_Zhang_Navarro,NAVARRO,0.38,4.1,-2.5,1.05,0.8,0.5
Strasbourg_2026_SF_Navarro_Li,NAVARRO,0.41,2.8,-2.3,0.71,0.8,0.5
Strasbourg_2026_F_Mboko_Navarro,NAVARRO,0.4,3.8,-2.4,0.96,0.8,0.5
Strasbourg_2026_F_Mboko_Navarro,MBOKO,0.38,6.3,-4.2,1.16,0.7,0.4
Strasbourg_2026_QF_Mboko_Fernandez,MBOKO,0.33,5.2,-2.9,1.3,0.7,0.5
Strasbourg_2026_R16_Mboko_Boisson,MBOKO,0.33,3.5,-2.1,0.8,0.7,0.4
Strasbourg_2026_SF_Mboko_Cristian,MBOKO,0.4,4.2,-3.4,0.95,0.8,0.5
RG_2026_1st_Droguet_Mensik,MENSIK,1.38,3.1,-2.4,2.22,0.3,0.2
RG_2026_R64_Navone_Mensik,MENSIK,0.33,4.7,-3.0,1.13,0.7,0.4
RG_2026_1st_Muller_Tsitsipas,TSITSIPAS,,,,,,
RG_2026_1st_Sinner_Tabur,SINNER,0.37,3.7,-4.2,0.92,0.6,0.3
RG_2026_R64_Navone_Mensik,NAVONE,0.29,4.8,-3.9,1.0,0.7,0.5
RG_2026_R64_Fonseca_Prizmic,FONSECA,0.38,6.1,-2.9,0.99,0.7,0.4
RG_2026_1st_Erjavec_Rybakina,RYBAKINA,0.73,4.1,-2.6,1.56,0.8,0.4
RG_2026_R64_Starodubtseva_Rybakina,RYBAKINA,0.51,3.6,-2.6,1.06,0.7,0.5
RG_2026_1st_Jones_Swiatek,SWIATEK,0.34,3.2,-2.5,0.95,0.6,0.3
RG_2026_R64_Bejlek_Swiatek,SWIATEK,0.42,4.9,-3.7,0.97,0.7,0.5
RG_2026_1st_Mboko_Bartunkova,MBOKO,0.39,4.6,-3.0,1.21,0.7,0.5
RG_2026_1st_Navarro_Tjen,NAVARRO,0.41,4.0,-3.4,1.2,0.7,0.4
RG_2026_R64_Starodubtseva_Rybakina,STARODUBTSEVA,0.45,5.1,-3.1,1.1,0.8,0.5
RG_2026_R64_Jovic_Navarro,JOVIC,0.65,3.2,-2.4,0.86,0.5,0.3
RG_2026_R64_Jovic_Navarro,NAVARRO,0.5,3.2,-3.5,1.0,0.6,0.3
RG_2026_R64_Mboko_Siniakova,MBOKO,0.42,3.9,-3.2,0.96,0.9,0.5
RG_2026_R64_Arnaldi_Tsitsipas,TSITSIPAS,0.33,4.9,-1.8,1.3,0.6,0.4
RG_2026_R32_Fonseca_Djokovic,FONSECA,0.24,4.5,-1.8,1.16,0.6,0.4
RG_2026_R32_de-Minaur_Mensik,MENSIK,0.38,5.2,-3.5,1.13,0.7,0.5
RG_2026_R32_Linette_Swiatek,SWIATEK,0.42,3.3,-4.5,0.66,0.6,0.3
RG_2024_R16_Arnaldi_Tsitsipas,TSITSIPAS,0.87,4.4,-3.9,1.17,0.6,0.4
RG_2026_R16_Mensik_Rublev,MENSIK,0.4,5.6,-3.6,1.2,0.7,0.4
RG_2026_R16_Kostyuk_Swiatek,SWIATEK,0.38,5.8,-2.8,1.09,0.7,0.4
RG_2026_R32_Mboko_Keys,MBOKO,0.41,4.7,-2.7,1.19,0.8,0.5
RG_2026_R16_Ruud_Fonseca,FONSECA,0.34,4.9,-1.0,0.86,0.7,0.4
RG_2026_1st_Siegemund_Osaka,OSAKA,0.45,3.9,-2.6,1.04,0.7,0.5
RG_2026_R16_Sabalenka_Osaka,OSAKA,0.25,4.0,-2.4,1.51,0.6,0.3
RG_2026_R32_Jovic_Osaka,OSAKA,0.29,5.0,-2.4,1.1,0.7,0.4
RG_2026_R64_Vekic_Osaka,OSAKA,0.3,5.6,-0.6,1.46,0.7,0.6
RG_2026_R32_Jovic_Osaka,JOVIC,0.4,3.8,-2.0,1.17,0.7,0.4
RG_2026_QF_Mensik_Fonseca,FONSECA,0.33,4.8,-1.8,1.1,0.7,0.4
RG_2026_QF_Mensik_Fonseca,MENSIK,0.42,4.8,-3.0,1.03,0.7,0.4
RG_2026_1st_Gauff_Townsend,GAUFF,0.36,6.3,-3.4,1.16,0.6,0.4
RG_2026_R32_Gauff_Potapova,GAUFF,0.41,4.0,-3.3,0.93,0.8,0.5
RG_2026_R64_Gauff_Sherif,GAUFF,0.49,4.2,-3.1,1.03,0.8,0.5
Rome_2026_F_Gauff_Svitolina,GAUFF,0.39,4.8,-3.6,0.91,0.7,0.4
Rome_2026_QF_Gauff_Andreeva,GAUFF,0.49,3.7,-2.9,0.71,0.8,0.5
Rome_2026_R32_Gauff_Sierra,GAUFF,0.35,4.0,-3.4,0.75,0.6,0.4
Rome_2026_R64_Gauff_Valentova,GAUFF,0.32,3.9,-3.1,0.84,0.8,0.5
Rome_2026_SF_Cirstea_Gauff,GAUFF,0.37,4.6,-2.9,0.88,0.8,0.5
RG_2026_SF_Mensik_Zverev,MENSIK,0.34,5.6,-2.6,1.04,0.6,0.4
Hertogenbosch_2026_R32_Zhang_Brooksby,BROOKSBY,0.3,5.4,-3.0,1.02,0.7,0.4
Hertogenbosch_2026_R32_Zhang_Brooksby,ZHANG,0.33,6.9,-3.7,0.92,0.7,0.5
Hertogenbosch_2026_R32_Mccabe_Bergs,BERGS,0.32,5.6,-1.9,0.98,0.6,0.4
Stuttgart_2026_R16_Bellucci_Hanfmann,BELLUCCI,0.3,5.2,-3.8,0.92,0.6,0.3
Hertogenbosch_2026_R32_Navarro_McNally,NAVARRO,0.29,5.3,-2.0,1.12,0.7,0.5
Halle_2026_Q_Bellucci_Bolt,BELLUCCI,0.29,4.3,-3.1,0.89,0.7,0.4
Halle_2026_Q_Bellucci_Kukushkin,BELLUCCI,0.3,5.7,-3.5,0.96,0.7,0.5
Stuttgart_2026_QF_Bellucci_Fritz,BELLUCCI,0.36,4.9,-2.9,1.02,0.6,0.4
Halle_2026_Q_Collignon_Bautista-agut,COLLIGNON,0.32,6.3,-3.6,0.84,0.7,0.5
Halle_2026_Q_Collignon_Dougaz,COLLIGNON,0.27,7.6,-1.1,1.04,0.6,0.4
Austin_2026_F_Andreescu_Tararudee,ANDREESCU,0.5,5.0,-3.5,1.17,0.6,0.3
Austin_2026_QF_Andreescu_Jones,ANDREESCU,0.35,4.3,-2.8,0.9,0.6,0.3
Austin_2026_R16_Andreescu_Zarazua,ANDREESCU,0.41,4.9,-3.5,0.92,0.7,0.4
Austin_2026_R32_Sierra_Andreescu,ANDREESCU,0.37,4.6,-4.2,0.9,0.6,0.4
Austin_2026_SF_Badosa_Andreescu,ANDREESCU,0.41,4.2,-3.7,1.02,0.6,0.3
Rome_2026_F_Gauff_Svitolina,SVITOLINA,0.37,4.6,-2.3,1.09,0.8,0.5
Rome_2026_QF_Svitolina_Rybakina,SVITOLINA,0.32,5.0,-2.2,1.17,0.7,0.5
Rome_2026_SF_Swiatek_Svitolina,SVITOLINA,0.39,3.1,-2.7,0.89,0.7,0.3
Halle_2026_R32_Bellucci_Bublik,BELLUCCI,0.22,5.6,-2.6,1.15,0.5,0.3
Halle_2026_R32_Etcheverry_Medvedev,ETCHEVERRY,0.42,4.9,-3.4,0.84,0.6,0.3
Halle_2026_R32_Fonseca_Hanfmann,FONSECA,0.3,7.3,-2.5,1.02,0.7,0.5
Halle_2026_R32_Marozsan_Kecmanovic,MAROZSAN,0.4,5.7,-3.7,1.04,0.7,0.4
Halle_2026_R32_Marozsan_Kecmanovic,KECMANOVIC,0.36,4.6,-3.4,0.94,0.6,0.3
Halle_2026_R32_Popyrin_Collignon,COLLIGNON,0.25,6.3,-1.5,0.93,0.5,0.3
Queens_2026_R32_Brooksby_Damm,BROOKSBY,0.45,5.1,-2.4,1.0,0.7,0.4
Queens_2026_R32_Mensik_Mannarino,MENSIK,0.32,4.6,-2.8,0.82,0.7,0.5
Queens_2026_R32_Nakashima_Fucsovics,NAKASHIMA,0.4,5.3,-2.9,1.16,0.7,0.5
Queens_2026_R32_Rinderknech_Medjedovic,MEDJEDOVIC,0.46,4.2,-3.3,0.74,0.7,0.3
Nottingham_2026_R16_Starodubtseva_Navarro,NAVARRO,0.38,2.7,-3.1,0.74,0.6,0.4
Nottingham_2026_R32_Bondar_Navarro,NAVARRO,0.42,3.4,-2.7,1.18,0.8,0.5
Nottingham_2026_R16_Starodubtseva_Navarro,STARODUBTSEVA,0.3,4.8,-2.7,0.92,0.7,0.4
Nottingham_2026_R32_Bondar_Navarro,BONDAR,0.41,5.6,-3.8,1.21,0.7,0.4
Halle_2026_R16_Hurkacz_Altmaier,ALTMAIER,0.26,6.2,-4.1,1.02,0.6,0.4
Halle_2026_R32_Bergs_Fritz,BERGS,0.38,7.1,-3.9,0.95,0.5,0.3
Queens_2026_R16_Brooksby_Cerundolo,BROOKSBY,0.34,5.8,-3.2,0.73,0.7,0.5
Queens_2026_R16_Nakashima_Buse,NAKASHIMA,0.42,5.2,-3.8,0.69,0.7,0.4
Halle_2026_R16_Collignon_Bellucci,COLLIGNON,0.22,5.8,-1.8,1.4,0.5,0.3
Halle_2026_R16_Collignon_Bellucci,BELLUCCI,0.41,5.7,-4.2,0.92,0.6,0.3
Halle_2026_R16_Marozsan_Fritz,MAROZSAN,0.32,5.8,-3.5,0.78,0.7,0.5
Eastbourne_2026_R32_Bergs_Munar,BERGS,0.31,6.5,-3.5,0.92,0.7,0.5
Eastbourne_2026_R32_Altmaier_Kovacevic,ALTMAIER,0.3,2.5,-2.5,0.78,0.5,0.3
Eastbourne_2026_R32_Brooksby_Vukic,BROOKSBY,0.28,4.2,-2.0,0.94,0.7,0.4
Eastbourne_2026_R32_Humbert_Bellucci,BELLUCCI,0.29,5.5,-2.6,0.83,0.6,0.4
Mallorca_2026_R16_Marozsan_Tabilo,MAROZSAN,0.3,5.3,-3.3,0.66,0.7,0.5
Mallorca_2026_R16_Sonego_Kecmanovic,KECMANOVIC,0.35,2.8,-2.4,1.14,0.6,0.3
Mallorca_2026_R32_Tsitsipas_Buse,TSITSIPAS,0.24,6.1,-1.1,1.46,0.5,0.3
Nottingham_2026_F_Bouzkova_Navarro,NAVARRO,0.38,4.5,-2.5,1.16,0.8,0.5
Nottingham_2026_QF_Bouzas-Maneiro_Navarro,NAVARRO,0.43,5.1,-3.2,1.09,0.7,0.4
Nottingham_2026_SF_Navarro_Golubic,NAVARRO,0.38,4.3,-2.5,1.2,0.8,0.5
Eastbourne_2026_R16_Diallo_Etcheverry,ETCHEVERRY,0.34,4.6,-3.1,0.89,0.6,0.3
Bad_Homburg_2026_R16_Osaka_Mertens,OSAKA,0.33,5.7,-3.8,0.89,0.6,0.3
Bad_Homburg_2026_R32_Osaka_Frech,OSAKA,0.33,5.1,-3.1,1.04,0.7,0.4
Bad_Homburg_2026_R16_Swiatek_Navarro,NAVARRO,0.47,2.8,-4.2,0.56,0.7,0.4
Bad_Homburg_2026_R32_Lys_Navarro,NAVARRO,0.4,4.8,-3.2,0.81,0.7,0.4
Bad_Homburg_2026_R16_Swiatek_Navarro,SWIATEK,0.02,2.1,0.1,1.24,0.7,0.5
Eastbourne_2026_QF_Choinski_Bergs,BERGS,0.27,5.6,-1.6,0.88,0.6,0.5
Mallorca_2026_QF_Kecmanovic_Marozsan,MAROZSAN,0.36,5.3,-3.0,0.82,0.7,0.5
Mallorca_2026_R32_Marozsan_Molcan,MAROZSAN,0.37,5.2,-3.8,0.83,0.7,0.5
Mallorca_2026_QF_Kecmanovic_Marozsan,KECMANOVIC,0.43,4.8,-4.3,1.1,0.8,0.5
Mallorca_2026_R32_Kecmanovic_Ghibaudo,KECMANOVIC,0.41,3.8,-3.2,0.6,0.6,0.4
Eastbourne_2026_SF_Bergs_Samuel,BERGS,0.33,4.4,-2.9,0.94,0.6,0.4
Mallorca_2026_SF_Marozsan_Davidovich-fokina,MAROZSAN,0.28,5.4,-3.0,0.96,0.7,0.5
Eastbourne_2026_F_Bergs_Humbert,BERGS,0.24,3.3,-3.2,0.83,0.9,0.5
Wimbledon_2026_1st_Bautista-Agut_Fonseca,FONSECA,0.28,4.7,-3.0,0.85,0.7,0.5
Wimbledon_2026_1st_Sinner_Kecmanovic,SINNER,0.34,4.8,-3.2,0.76,0.7,0.5
Wimbledon_2026_1st_Sinner_Kecmanovic,KECMANOVIC,0.54,3.4,-3.7,0.89,0.7,0.4
Wimbledon_2026_1st_Vukic_Brooksby,BROOKSBY,0.38,4.1,-2.5,0.75,0.7,0.5
Wimbledon_2026_1st_Gaston_Tsitsipas,TSITSIPAS,0.33,5.5,-2.2,1.31,0.6,0.4
Wimbledon_2026_1st_Collignon_Fils,FILS,0.39,5.3,-3.5,1.17,0.7,0.4
Wimbledon_2026_1st_Mensik_Samuel,MENSIK,0.31,4.5,-2.3,1.11,0.7,0.5
Wimbledon_2026_R64_Brooksby_Buse,BROOKSBY,0.28,4.6,-2.9,1.06,0.7,0.4
Wimbledon_2026_R64_De-Jong_Fonseca,FONSECA,0.38,6.0,-4.1,1.39,0.7,0.4
Wimbledon_2026_R64_Sinner_Borges,SINNER,0.3,5.1,-2.3,0.99,0.7,0.5
Wimbledon_2026_R64_Tsitsipas_Djokovic,TSITSIPAS,0.35,5.7,-3.7,0.87,0.7,0.4
Wimbledon_2026_R64_Berrettini_Fils,FILS,0.38,5.0,-3.0,1.03,0.6,0.4
Wimbledon_2026_R64_Mensik_Dimitrov,MENSIK,0.3,5.1,-2.5,1.17,0.6,0.4
Wimbledon_2026_1st_Navarro_Badosa,NAVARRO,0.32,4.1,-2.1,1.05,0.8,0.5
Wimbledon_2026_R64_Navarro_Selekhmeteva,NAVARRO,0.56,3.4,-2.3,0.89,0.7,0.4
Wimbledon_2026_1st_Townsend_Swiatek,SWIATEK,0.41,5.4,-3.8,1.0,0.7,0.4
Wimbledon_2026_R64_Pliskova_Swiatek,SWIATEK,0.49,4.2,-3.4,0.87,0.7,0.4
Wimbledon_2026_R32_Safiullin_Fonseca,FONSECA,0.23,5.7,-1.6,1.08,0.7,0.4
Wimbledon_2026_R32_Sinner_Brooksby,BROOKSBY,0.29,5.0,-2.6,0.86,0.8,0.4
Wimbledon_2026_R32_Sinner_Brooksby,SINNER,0.25,5.4,-2.5,0.87,0.7,0.5
Wimbledon_2026_R32_Eala_Swiatek,SWIATEK,0.37,5.2,-3.1,1.02,0.7,0.4
Wimbledon_2026_R32_Navarro_Kostyuk,NAVARRO,0.24,4.0,-2.2,1.08,0.6,0.4
Wimbledon_2026_R16_Sinner_Mochizuki,SINNER,0.29,4.5,-3.1,0.9,0.7,0.5
Wimbledon_2026_F_Sinner_Zverev,SINNER,0.28,4.4,-2.5,0.83,0.6,0.3
Wimbledon_2026_SF_Sinner_Djokovic,SINNER,0.31,4.8,-2.9,0.82,0.7,0.4
Basel_2025_R32_van-de-Zandschulp_Lehecka,LEHECKA,0.26,6.2,-2.8,1.01,0.5,0.4
Brisbane_2025_F_Opelka_Lehecka,LEHECKA,,,,,,
Brisbane_2025_QF_Jarry_Lehecka,LEHECKA,0.32,6.7,-4.0,1.2,0.5,0.3
Brisbane_2025_R16_Nishioka_Lehecka,LEHECKA,0.28,6.6,-3.6,0.73,0.6,0.4
Brisbane_2025_R32_Lehecka_Rune,LEHECKA,0.29,6.5,-3.4,0.88,0.6,0.4
Brisbane_2025_SF_Lehecka_Dimitrov,LEHECKA,0.24,5.6,-2.7,0.8,0.5,0.3
Brisbane_2026_R16_Lehecka_Korda,LEHECKA,0.27,7.4,-0.9,1.21,0.4,0.4
Brisbane_2026_R32_Lehecka_Machac,LEHECKA,0.24,6.8,-3.8,1.02,0.5,0.3
Brussels_2025_F_Lehecka_Auger-Aliassime,LEHECKA,0.38,6.5,-5.0,0.9,0.6,0.3
Brussels_2025_QF_Lehecka_Bonzi,LEHECKA,0.36,4.7,-2.4,0.87,0.6,0.4
Brussels_2025_R16_Lehecka_Bailly,LEHECKA,0.34,6.2,-2.6,0.6,0.6,0.4
Brussels_2025_SF_Mpetshi-Perricard_Lehecka,LEHECKA,0.63,4.5,-4.6,1.49,0.4,0.2
Cincinnati_2025_R16_Shelton_Lehecka,LEHECKA,0.29,5.2,-1.4,1.52,0.7,0.5
Cincinnati_2025_R32_Lehecka_Walton,LEHECKA,0.32,5.7,-3.1,1.03,0.7,0.4
Cincinnati_2025_R64_Lehecka_Boyer,LEHECKA,0.28,6.2,-2.0,0.95,0.6,0.4
Doha_2025_QF_Alcaraz_Lehecka,LEHECKA,0.34,3.7,-4.1,1.07,0.6,0.3
Doha_2025_R16_Marozsan_Lehecka,LEHECKA,0.48,3.5,-1.2,0.78,0.6,0.3
Doha_2025_R32_Lehecka_Dimitrov,LEHECKA,0.25,4.2,-4.3,1.04,0.6,0.4
Doha_2025_SF_Lehecka_Draper,LEHECKA,0.34,5.8,-3.4,0.96,0.6,0.4
Doha_2026_QF_Lehecka_Fils,LEHECKA,0.34,4.3,-3.0,0.74,0.7,0.5
Doha_2026_R16_Lehecka_Bergs,LEHECKA,0.21,4.8,-2.8,0.86,0.6,0.4
Doha_2026_R32_Lehecka_Brooksby,LEHECKA,0.32,5.6,-2.8,0.85,0.7,0.4
Dubai_2025_R32_Lehecka_Humbert,LEHECKA,0.16,5.8,-2.4,1.13,0.5,0.3
Dubai_2026_QF_Auger-Aliassime_Lehecka,LEHECKA,0.33,3.3,-3.5,0.51,0.4,0.2
Dubai_2026_R16_Carreno-Busta_Lehecka,LEHECKA,0.36,4.9,-3.8,0.78,0.6,0.4
Dubai_2026_R32_Nardi_Lehecka,LEHECKA,0.39,5.6,-3.9,0.9,0.6,0.4
Hamburg_2025_QF_Etcheverry_Lehecka,LEHECKA,0.24,5.1,-3.1,0.88,0.6,0.4
Hamburg_2025_R16_Lehecka_Cerundolo,LEHECKA,0.27,5.5,-3.0,0.93,0.7,0.4
Hamburg_2025_R32_Gojo_Lehecka,LEHECKA,0.32,4.7,-2.7,0.77,0.7,0.4
Indian_Wells_2025_R64_Norrie_Lehecka,LEHECKA,0.33,5.2,-3.2,0.83,0.7,0.4
Indian_Wells_2026_R64_Baez_Lehecka,LEHECKA,0.36,5.0,-3.0,0.82,0.7,0.4
Madrid_2025_R64_Lehecka_Norrie,LEHECKA,0.34,4.9,-3.2,0.75,0.6,0.4
Madrid_2026_QF_Fils_Lehecka,LEHECKA,0.36,3.3,-2.5,0.49,0.7,0.5
Madrid_2026_R16_Lehecka_Musetti,LEHECKA,0.41,5.2,-3.5,1.03,0.6,0.4
Madrid_2026_R32_Lehecka_Michelsen,LEHECKA,0.31,4.7,-2.6,0.76,0.6,0.4
Madrid_2026_R64_Lehecka_Tabilo,LEHECKA,0.51,4.9,-3.1,1.33,0.6,0.3
Miami_2025_R64_Monfils_Lehecka,LEHECKA,0.34,5.3,-2.8,0.97,0.7,0.4
Miami_2026_QF_Landaluce_Lehecka,LEHECKA,0.33,5.4,-3.3,0.9,0.6,0.4
Miami_2026_R16_Lehecka_Fritz,LEHECKA,0.37,4.7,-4.0,0.77,0.7,0.4
Miami_2026_R32_Quinn_Lehecka,LEHECKA,0.28,5.1,-3.9,1.16,0.5,0.3
Miami_2026_R64_Kouame_Lehecka,LEHECKA,0.35,4.0,-3.2,0.77,0.6,0.3
Miami_2026_SF_Lehecka_Fils,LEHECKA,0.33,4.7,-3.4,1.11,0.5,0.3
Monte_Carlo_2025_R32_Lehecka_Musetti,LEHECKA,0.32,5.9,-4.2,0.83,0.7,0.4
Monte_Carlo_2025_R64_Lehecka_Korda,LEHECKA,0.37,5.7,-4.3,1.1,0.7,0.5
Monte_Carlo_2026_R16_Lehecka_Bublik,LEHECKA,0.3,6.7,-2.8,0.92,0.6,0.5
Monte_Carlo_2026_R32_Lehecka_Tabilo,LEHECKA,0.37,5.6,-4.1,1.06,0.7,0.4
Monte_Carlo_2026_R64_Lehecka_Nava,LEHECKA,0.32,6.2,-2.3,1.01,0.7,0.5
Paris_2025_R64_Vacherot_Lehecka,LEHECKA,0.34,8.3,-3.8,0.94,0.6,0.5
Queens_2025_F_Alcaraz_Lehecka,LEHECKA,,,,,,
Queens_2025_QF_Lehecka_Fearnley,LEHECKA,0.47,5.0,-4.9,1.19,0.7,0.3
Queens_2025_R16_Lehecka_Diallo,LEHECKA,0.33,5.2,-2.3,0.95,0.7,0.4
Queens_2025_R32_de-Minaur_Lehecka,LEHECKA,0.39,6.2,-5.0,1.0,0.7,0.4
Queens_2025_SF_Lehecka_Draper,LEHECKA,0.38,6.2,-2.2,0.83,0.8,0.5
Queens_2026_R16_Hijikata_Lehecka,LEHECKA,0.26,6.4,-1.5,1.03,0.6,0.4
Queens_2026_R32_Majchrzak_Lehecka,LEHECKA,0.53,4.9,-2.9,0.93,0.5,0.3
Rogers_cup_2025_R16_Lehecka_Fritz,LEHECKA,0.33,4.5,-2.8,0.85,0.8,0.5
Rogers_cup_2025_R32_Fils_Lehecka,LEHECKA,0.34,5.5,-3.4,0.89,0.7,0.4
Rogers_cup_2025_R64_McDonald_Lehecka,LEHECKA,0.34,5.6,-3.4,1.05,0.6,0.4
Rome_2025_1st_Lehecka_Muller,LEHECKA,0.35,5.4,-4.1,0.98,0.6,0.4
Rome_2026_R32_Ruud_Lehecka,LEHECKA,0.38,5.3,-3.7,1.03,0.6,0.4
Rome_2026_R64_Struff_Lehecka,LEHECKA,0.23,3.3,-2.2,0.95,0.5,0.2
Rotterdam_2025_R16_Lehecka_Hurkacz,LEHECKA,0.31,5.4,-2.5,0.91,0.5,0.3
Rotterdam_2025_R32_Lehecka_Popyrin,LEHECKA,0.34,5.2,-3.6,0.87,0.7,0.4
Shanghai_2025_R16_Rinderknech_Lehecka,LEHECKA,0.26,4.3,-3.3,0.74,0.6,0.4
Shanghai_2025_R32_Shapovalov_Lehecka,LEHECKA,0.23,4.3,-2.2,0.69,0.8,0.5
Shanghai_2025_R64_Halys_Lehecka,LEHECKA,0.45,1.4,-4.4,0.75,0.4,0.2
Stuttgart_2025_QF_Shelton_Lehecka,LEHECKA,0.18,4.8,-3.4,0.76,0.7,0.4
Stuttgart_2025_R16_Struff_Lehecka,LEHECKA,0.68,3.9,-4.8,0.87,0.5,0.3
Stuttgart_2025_R32_Bonzi_Lehecka,LEHECKA,0.37,4.0,-3.3,1.08,0.7,0.4
Stuttgart_2026_QF_Lehecka_Tiafoe,LEHECKA,0.23,5.7,-4.1,0.66,0.5,0.3
Stuttgart_2026_R16_Lehecka_Duckworth,LEHECKA,0.35,6.6,-3.9,0.66,0.6,0.4
Stuttgart_2026_SF_Shelton_Lehecka,LEHECKA,0.26,6.7,-3.3,1.19,0.6,0.4
Washington_2025_R16_de-Minaur_Lehecka,LEHECKA,0.17,4.2,-1.6,1.01,0.4,0.3
Washington_2025_R32_Svajda_Lehecka,LEHECKA,0.32,5.3,-3.9,1.04,0.6,0.4
Bastad_2026_R16_Altmaier_Darderi,ALTMAIER,0.39,5.5,-3.5,1.03,0.8,0.5
Bastad_2026_R32_Altmaier_Gaston,ALTMAIER,0.33,5.6,-3.4,1.13,0.6,0.4
Bastad_2026_R16_Travaglia_Navone,NAVONE,0.35,6.1,-4.5,0.9,0.7,0.4
Gstaad_2026_QF_Collignon_Vacherot,COLLIGNON,0.22,5.8,-2.8,0.95,0.6,0.4
Gstaad_2026_R16_Collignon_Sonego,COLLIGNON,0.38,4.0,-2.9,0.88,0.4,0.2
Gstaad_2026_R32_Collignon_Skatov,COLLIGNON,0.29,5.2,-1.6,1.02,0.6,0.4
Gstaad_2026_SF_Collignon_Cerundolo,COLLIGNON,0.31,4.7,-3.8,0.96,0.6,0.3
Gstaad_2026_QF_Rinderknech_Tsitsipas,TSITSIPAS,0.27,4.2,-4.1,1.05,0.5,0.3
Gstaad_2026_R16_Kym_Tsitsipas,TSITSIPAS,0.18,3.7,-2.8,1.13,0.5,0.3
Gstaad_2026_R32_Tsitsipas_Buse,TSITSIPAS,0.67,5.1,-3.8,0.84,0.7,0.4
Gstaad_2026_SF_Shevchenko_Tsitsipas,TSITSIPAS,0.25,5.3,-1.5,1.11,0.6,0.4
Gstaad_2026_Q_Dietrich_Monteiro,MONTEIRO,0.25,3.7,-3.8,0.81,0.7,0.4
Gstaad_2026_Q_Monteiro_Herbert,MONTEIRO,0.46,3.5,-3.1,1.04,0.6,0.4
Gstaad_2026_Q_Dietrich_Monteiro,DIETRICH,0.49,4.7,-2.8,0.9,0.5,0.3
Gstaad_2026_R16_Cerundolo_Kecmanovic,KECMANOVIC,0.43,5.2,-4.2,1.05,0.7,0.4
Umag_2026_R16_Etcheverry_Merida,ETCHEVERRY,0.42,5.3,-4.9,1.24,0.6,0.3
Gstaad_2026_F_Tsitsipas_Collignon,TSITSIPAS,0.41,4.1,-2.8,1.08,0.6,0.4
Gstaad_2026_F_Tsitsipas_Collignon,COLLIGNON,0.25,4.4,-2.8,0.57,0.7,0.4
Estoril_2026_R16_Jacquet_Blockx,BLOCKX,0.34,5.1,-3.0,1.19,0.6,0.4
Kitzbuhel_2026_QF_Etcheverry_Buse,ETCHEVERRY,0.29,5.0,-2.8,0.73,0.7,0.4
Kitzbuhel_2026_R16_Etcheverry_Rodionov,ETCHEVERRY,0.25,4.3,-2.4,0.74,0.7,0.4
Kitzbuhel_2026_QF_Navone_Halys,NAVONE,0.3,6.4,-3.8,1.06,0.7,0.4
Kitzbuhel_2026_R16_Struff_Navone,NAVONE,0.25,7.4,-4.8,0.87,0.6,0.4
Kitzbuhel_2026_R32_Muller_Navone,NAVONE,0.34,6.5,-4.0,1.08,0.7,0.4
Kitzbuhel_2026_R16_Molcan_Altmaier,ALTMAIER,0.3,6.0,-3.4,1.04,0.7,0.5
Kitzbuhel_2026_R32_Altmaier_Collignon,ALTMAIER,0.33,5.9,-3.8,1.22,0.6,0.3
Kitzbuhel_2026_R32_Altmaier_Collignon,COLLIGNON,0.22,5.8,-3.0,1.2,0.5,0.3
Kitzbuhel_2026_R32_Baez_Kecmanovic,KECMANOVIC,0.32,5.2,-2.6,1.0,0.7,0.4
Estoril_2026_F_Van-assche_Blockx,BLOCKX,0.36,4.4,-2.3,1.0,0.8,0.5
Estoril_2026_SF_Blockx_Darderi,BLOCKX,0.37,4.8,-3.0,1.24,0.7,0.5
Kitzbuhel_2026_SF_Bublik_Etcheverry,ETCHEVERRY,0.33,3.5,-5.3,1.38,0.5,0.3
Washington_2026_R32_Fritz_Bergs,BERGS,0.39,4.5,-1.9,0.62,0.7,0.4
Washington_2026_R32_Fils_Jodar,FILS,0.36,5.1,-2.4,1.04,0.7,0.4
Washington_2026_R32_Nakashima_Etcheverry,NAKASHIMA,0.36,4.3,-3.8,0.75,0.8,0.5
Washington_2026_R32_Nakashima_Etcheverry,ETCHEVERRY,0.35,2.1,-3.3,0.57,0.6,0.4
Washington_2026_R32_Svajda_Mensik,MENSIK,0.43,4.4,-3.7,0.9,0.8,0.4
Los-Cabos_2026_R16_Winter_Brooksby,BROOKSBY,0.42,3.0,-3.3,0.83,0.7,0.4
Washington_2026_R32_de-Minaur_Tsitsipas,TSITSIPAS,0.33,5.5,-2.0,0.98,0.6,0.4
Los_Cabos_2026_R16_Lehecka_Wong,LEHECKA,0.23,5.3,-2.2,1.1,0.5,0.3
Washington_2026_R32_Navarro_Kenin,NAVARRO,0.46,4.0,-4.2,0.75,0.6,0.3
Wimbledon_2026_1st_Jacquemot_Osaka,OSAKA,0.3,5.5,-3.2,1.02,0.6,0.4
Wimbledon_2026_R16_Sabalenka_Osaka,OSAKA,0.33,4.5,-2.9,0.99,0.7,0.4
Wimbledon_2026_R32_Kasatkina_Osaka,OSAKA,0.34,4.7,-3.8,0.94,0.6,0.4
Wimbledon_2026_R64_Gasanova_Osaka,OSAKA,0.4,5.7,-2.9,1.11,0.7,0.4
Washington_2026_R16_Nakashima_Mensik,NAKASHIMA,0.47,4.3,-2.6,0.9,0.6,0.4
Washington_2026_R16_Nakashima_Mensik,MENSIK,0.18,4.8,-2.7,0.87,0.6,0.4
Los_Cabos_2026_QF_Wong_Brooksby,BROOKSBY,,,,,,
Washington_2026_QF_Cocciaretto_Osaka,OSAKA,0.32,4.2,-2.5,0.89,0.8,0.5
Washington_2026_R16_Krueger_Osaka,OSAKA,0.42,4.0,-1.9,1.0,0.8,0.5
Washington_2026_R16_Navarro_Cocciaretto,NAVARRO,0.44,3.8,-3.6,0.84,0.8,0.5
Washington_2026_QF_de-Minaur_Nakashima,NAKASHIMA,0.4,4.6,-4.2,0.52,0.8,0.4
Rogers_cup_2026_Q_Tsitsipas_Rice,TSITSIPAS,0.3,6.6,-0.8,1.21,0.6,0.4
Washington_2026_SF_Nakashima_Fritz,NAKASHIMA,0.3,2.9,-3.6,0.59,0.7,0.4
Rogers_cup_2026_1st_Berrettini_Navone,NAVONE,0.5,4.7,-3.1,0.72,0.7,0.4
Rogers_cup_2026_1st_Duckworth_O'Connell,O'CONNELL,0.5,5.0,-3.1,0.99,0.7,0.4
Rogers_cup_2026_1st_Vukic_Altmaier,ALTMAIER,0.38,4.3,-3.0,1.05,0.6,0.3
Rogers_cup_2026_1st_Zheng_Kecmanovic,KECMANOVIC,0.41,4.5,-2.6,1.25,0.6,0.4
Rogers_cup_2026_1st_Baez_Bellucci,BELLUCCI,0.34,5.2,-3.1,0.89,0.7,0.4
Rogers_cup_2026_1st_Damm_Tsitsipas,TSITSIPAS,0.22,7.0,-1.5,1.2,0.5,0.4
Rogers_cup_2026_1st_Walton_Brooksby,BROOKSBY,0.34,5.3,-2.9,1.19,0.7,0.5
Rogers_cup_2026_1st_Cerundolo_Medjedovic,MEDJEDOVIC,1.56,0.9,-1.5,2.88,1.0,0.5
Rogers_cup_2026_1st_Mochizuki_Marozsan,MAROZSAN,0.28,5.7,-4.1,0.84,0.7,0.5
Rogers_cup_2026_R64_Lehecka_Kopriva,LEHECKA,0.28,5.7,-3.8,0.77,0.6,0.3
Rogers_cup_2026_R64_Nakashima_Altmaier,NAKASHIMA,0.31,3.9,-3.7,0.8,0.6,0.3
Rogers_cup_2026_R64_Nakashima_Altmaier,ALTMAIER,0.52,4.1,-6.1,0.86,0.5,0.3
Rogers_cup_2026_R64_Bergs_Baez,BERGS,0.31,5.6,-3.1,1.01,0.7,0.5
Rogers_cup_2026_R64_Borges_Etcheverry,ETCHEVERRY,0.37,2.8,-2.9,0.47,0.6,0.3
Rogers_cup_2026_R64_Tsitsipas_Fonseca,FONSECA,0.59,5.3,-6.6,1.67,0.6,0.4
Rogers_cup_2026_R64_Tsitsipas_Fonseca,TSITSIPAS,0.41,5.3,-5.2,1.25,0.7,0.4
Rogers_cup_2026_R64_Vacherot_Navone,NAVONE,0.33,6.7,-2.9,0.94,0.6,0.4
Rogers_cup_2026_R64_Brooksby_Shelton,BROOKSBY,0.24,4.6,-1.7,1.01,0.7,0.5
Rogers_cup_2026_R64_Svajda_Fils,FILS,0.47,5.8,-3.9,0.96,0.6,0.4
Rogers_cup_2026_R64_Collignon_Popyrin,COLLIGNON,0.4,5.6,-3.7,1.03,0.6,0.3
Rogers_cup_2026_R64_Fearnley_Mensik,MENSIK,0.33,4.6,-3.8,0.99,0.8,0.5
Rogers_cup_2026_R64_Kecmanovic_Rinderknech,KECMANOVIC,0.32,5.0,-3.1,1.25,0.7,0.4
Rogers_cup_2026_R64_Bejlek_Swiatek,SWIATEK,0.39,4.6,-3.7,1.1,0.8,0.5
Rogers_cup_2026_R64_Kasatkina_Rybakina,RYBAKINA,0.45,3.5,-2.8,1.11,0.8,0.5
Rogers_cup_2026_R64_Korneeva_Navarro,NAVARRO,0.31,4.1,-2.8,0.85,0.8,0.6
Rogers_cup_2026_R64_Udvardy_Osaka,OSAKA,0.32,3.7,-2.8,0.78,0.8,0.5
Rogers_cup_2026_R32_Lehecka_Blockx,LEHECKA,0.3,5.7,-1.8,0.91,0.6,0.4
Rogers_cup_2026_R32_Lehecka_Blockx,BLOCKX,0.32,6.1,-4.0,1.32,0.7,0.4
Rogers_cup_2026_R32_Nakashima_Droguet,NAKASHIMA,0.39,4.6,-3.4,1.02,0.7,0.5
Rogers_cup_2026_R32_Navone_Fils,FILS,0.36,6.3,-2.3,1.04,0.7,0.5
Rogers_cup_2026_R32_Navone_Fils,NAVONE,0.37,5.7,-3.6,1.01,0.8,0.4
Rogers_cup_2026_R32_Atmane_Mensik,MENSIK,0.24,3.7,-3.0,0.81,0.7,0.4
Rogers_cup_2026_R32_Bergs_Shelton,BERGS,0.44,4.9,-3.9,1.24,0.6,0.3
Rogers_cup_2026_R32_Ruud_Fonseca,FONSECA,0.34,4.9,-2.7,1.02,0.6,0.4
Rogers_cup_2026_R32_Golubic_Swiatek,SWIATEK,0.3,4.5,-2.3,1.0,0.7,0.5
Rogers_cup_2026_R32_Li_Rybakina,RYBAKINA,0.39,4.1,-2.3,1.07,0.8,0.5
Rogers_cup_2026_R32_Mertens_Osaka,OSAKA,0.28,6.2,-2.4,0.97,0.7,0.5
Rogers_cup_2026_R32_Mertens_Osaka,MERTENS,0.38,4.0,-3.2,1.23,0.7,0.5
Rogers_cup_2026_R16_Lehecka_Jodar,LEHECKA,0.33,4.4,-2.5,1.01,0.6,0.4
Rogers_cup_2026_R32_Rinderknech_Nakashima,NAKASHIMA,0.44,4.9,-3.6,0.81,0.8,0.4
Rogers_cup_2026_R16_Fils_Norrie,FILS,0.42,6.0,-4.2,1.08,0.7,0.4
Rogers_cup_2026_R16_Fonseca_Shelton,FONSECA,0.27,5.7,-3.4,0.95,0.7,0.4
Rogers_cup_2026_R16_van-de-Zandschulp_Mensik,MENSIK,0.28,4.3,-2.5,0.94,0.7,0.5
Rogers_cup_2026_QF_Darderi_Nakashima,NAKASHIMA,0.5,5.0,-3.3,0.88,0.6,0.4
Rogers_cup_2026_QF_Jodar_Fils,FILS,0.42,6.2,-4.7,1.08,0.7,0.4
Rogers_cup_2026_QF_Mensik_Shelton,MENSIK,0.37,5.0,-3.1,0.65,0.7,0.4
Rogers_cup_2026_QF_Shnaider_Swiatek,SWIATEK,0.4,2.5,-4.5,0.64,0.6,0.4
Rogers_cup_2026_R16_Kostyuk_Swiatek,SWIATEK,0.37,4.0,-3.5,0.96,0.7,0.4
Rogers_cup_2026_R16_Fernandez_Osaka,OSAKA,0.35,4.3,-2.6,1.0,0.7,0.5
Rogers_cup_2026_R16_Samsonova_Rybakina,RYBAKINA,0.45,3.9,-3.2,0.82,0.8,0.5
Rogers_cup_2026_QF_Osaka_Rybakina,RYBAKINA,0.35,4.0,-2.6,0.94,0.7,0.4
Rogers_cup_2026_QF_Osaka_Rybakina,OSAKA,0.32,4.4,-2.3,0.89,0.8,0.5
Rogers_cup_2026_SF_Jodar_Nakashima,NAKASHIMA,0.41,4.3,-3.1,0.8,0.7,0.4
Cincinnati_2026_1st_Navone_Collignon,NAVONE,0.38,5.3,-3.7,0.79,0.7,0.4
Cincinnati_2026_1st_Navone_Collignon,COLLIGNON,0.25,3.4,-2.0,0.59,0.6,0.4
Cincinnati_2026_1st_Svajda_Bellucci,BELLUCCI,0.36,4.4,-4.2,0.76,0.8,0.4
Cincinnati_2026_1st_Ugo-Carabelli_Kecmanovic,KECMANOVIC,0.24,2.9,-0.8,0.88,0.8,0.6
Rogers_cup_2026_F_Shelton_Nakashima,NAKASHIMA,0.28,4.7,-2.1,1.15,0.7,0.5
Cincinnati_2026_1st_Marozsan_Zheng,MAROZSAN,0.34,5.6,-3.7,1.2,0.7,0.5
Cincinnati_2026_1st_Medjedovic_Trungelliti,MEDJEDOVIC,0.17,6.3,-5.4,1.53,0.5,0.3
Cincinnati_2026_1st_O'Connell_Majchrzak,O'CONNELL,0.33,5.7,-3.2,1.07,0.7,0.4
Cincinnati_2026_1st_Royer_Tsitsipas,TSITSIPAS,0.37,5.2,-3.9,1.08,0.7,0.4
Cincinnati_2026_1st_Wong_Altmaier,ALTMAIER,0.29,4.6,-4.0,0.94,0.6,0.4
Rogers_cup_2026_SF_Gauff_Rybakina,GAUFF,0.39,4.5,-3.3,0.87,0.8,0.5
Rogers_cup_2026_SF_Gauff_Rybakina,RYBAKINA,0.41,3.8,-2.9,1.06,0.7,0.4
Cincinnati_2026_1st_Faria_Brooksby,BROOKSBY,0.46,3.2,-4.3,0.02,0.7,0.3
Cincinnati_2026_R64_Atmane_Etcheverry,ETCHEVERRY,0.28,5.1,-2.6,0.96,0.7,0.5
Cincinnati_2026_R64_Bellucci_Mensik,MENSIK,0.33,3.8,-3.2,0.89,0.8,0.5
Cincinnati_2026_R64_Bellucci_Mensik,BELLUCCI,0.36,4.7,-3.4,0.84,0.7,0.5
Cincinnati_2026_R64_Blockx_Navone,BLOCKX,0.02,3.6,-2.6,0.92,0.3,0.2
Cincinnati_2026_R64_Blockx_Navone,NAVONE,0.44,4.5,-3.6,0.78,0.6,0.3
Cincinnati_2026_R64_Kecmanovic_Cobolli,KECMANOVIC,0.35,5.7,-2.8,1.16,0.7,0.5
Cincinnati_2026_R64_Lehecka_Berrettini,LEHECKA,0.42,3.0,-3.7,0.89,0.6,0.3
Cincinnati_2026_R64_Hanfmann_Fils,FILS,0.43,5.6,-3.8,1.1,0.8,0.5
Cincinnati_2026_R64_Altmaier_Musetti,ALTMAIER,0.31,4.5,-4.4,0.96,0.6,0.3
Cincinnati_2026_R64_Fonseca_van-de-Zandschulp,FONSECA,0.38,4.5,-3.3,0.55,0.6,0.4
Cincinnati_2026_R64_Tsitsipas_Auger-Aliassime,TSITSIPAS,0.42,8.1,-3.9,1.58,0.7,0.5
Cincinnati_2026_R64_Merida_Bergs,BERGS,0.45,2.9,-5.0,1.02,0.6,0.3
Cincinnati_2026_R64_Nakashima_Kovacevic,NAKASHIMA,0.37,3.7,-2.8,0.99,0.8,0.4
Cincinnati_2026_R64_Navarro_Kalinina,NAVARRO,0.38,4.9,-3.6,1.15,0.8,0.5
Cincinnati_2026_R64_Swiatek_Arango,SWIATEK,0.45,3.6,-3.5,0.67,0.8,0.4
Cincinnati_2026_R64_Townsend_Rybakina,RYBAKINA,0.3,4.8,-4.0,1.04,0.6,0.4
Cincinnati_2026_R32_Frech_Rybakina,RYBAKINA,0.39,3.9,-2.6,1.03,0.7,0.5
Cincinnati_2026_R32_Swiatek_Sakkari,SWIATEK,0.38,4.2,-2.3,0.81,0.8,0.5
Cincinnati_2026_R32_Blockx_Cobolli,BLOCKX,0.34,5.1,-2.0,1.16,0.5,0.4
Cincinnati_2026_R32_Hijikata_Mensik,MENSIK,0.28,4.5,-2.4,0.95,0.7,0.5
Cincinnati_2026_R32_Lehecka_Fils,FILS,0.43,5.7,-4.0,0.61,0.6,0.3
Cincinnati_2026_R32_Lehecka_Fils,LEHECKA,0.27,5.0,-4.2,0.51,0.6,0.3
Cincinnati_2026_R32_Navarro_Pegula,NAVARRO,0.42,3.5,-2.9,1.1,0.7,0.4
Cincinnati_2026_R32_Nakashima_Medvedev,NAKASHIMA,0.29,5.3,-2.4,1.1,0.7,0.5
Cincinnati_2026_R16_Fils_de-Minaur,FILS,0.45,4.7,-4.1,0.94,0.6,0.4
Cincinnati_2026_R16_Tirante_Mensik,MENSIK,0.33,5.2,-3.0,0.96,0.7,0.5
Cincinnati_2026_R16_Tirante_Mensik,TIRANTE,0.35,5.5,-3.4,0.96,0.7,0.5
Cincinnati_2026_R16_Borges_Nakashima,NAKASHIMA,0.33,5.4,-2.6,0.94,0.7,0.5
Cincinnati_2026_R16_Shnaider_Rybakina,RYBAKINA,0.45,2.8,-2.3,1.02,0.7,0.4
Cincinnati_2026_R16_Swiatek_Parry,SWIATEK,0.38,5.2,-3.4,0.94,0.7,0.5
Cincinnati_2026_QF_Tirante_Fils,FILS,0.3,6.2,-1.3,1.54,0.8,0.6
Cincinnati_2026_QF_Tirante_Fils,TIRANTE,0.42,4.8,-2.8,1.44,0.6,0.3
